statefips,countyfips,metrofips,geo_area,year,initiative,n_industries,min_wage,q25_wage,median_wage,q75_wage,max_wage,weighted_avg_wage
0,000,00000,United States,2024,Advanced & Traded Industries,145,9132.68012730862,82420.92025492544,99334.19710131444,127256.58192477276,342898.3252584581,126847.17355766293
0,000,00000,United States,2024,AgriNovus,100,37052.8685643,72838.805951475,87558.3667264,98310.254170325,185284.123621,NA
0,000,00000,United States,2024,BioCrossroads,26,96055.5925393,129508.733016,143701.95663899998,160551.98803075,259599.143135,169333.76812802185
0,000,00000,United States,2024,Conexus,122,58209.3116037,80234.1948866757,93764.9697617866,113436.71525990336,240850.67871001296,100491.51715073969
0,000,00000,United States,2024,Finance & Insurance,35,86213.9881275,127291.70082150001,143384.120347,190944.84115,416974.87936,162012.21734709342
0,000,00000,United States,2024,Healthcare,28,48836.4338986,63399.449565799994,76759.71747375,97755.09336292499,157546.980382,90254.28263410406
0,000,00000,United States,2024,TechPoint,40,87748.2411707,128964.32457649999,160281.096507,200346.39327475,371985.860664,201396.26599808948
00,000,14020,Bloomington MSA,2024,Advanced & Traded Industries,145,0,0,57187.61529632677,83354.1154391818,226433.60055083968,93941.0592741071
00,000,14020,Bloomington MSA,2024,AgriNovus,100,0,0,0,31333.887884275,121190.248231,NA
00,000,14020,Bloomington MSA,2024,BioCrossroads,26,0,0,26546.24889615,108729.550024,390896.614507,99421.85890479412
00,000,14020,Bloomington MSA,2024,Conexus,122,0,0,0,70414.61127627105,224482.268457,93288.75969909478
00,000,14020,Bloomington MSA,2024,Finance & Insurance,35,0,0,72759.7290769,110987.0894545,532600.758447,87960.60201565431
00,000,14020,Bloomington MSA,2024,Healthcare,28,0,46102.9791004,56981.25818095,71172.065259725,156907.273391,84716.51776821511
00,000,14020,Bloomington MSA,2024,TechPoint,40,0,0,0,117658.9869185,273556.259824,110780.3564772502
00,000,16980,Chicago-Naperville-Elgin MSA,2024,Advanced & Traded Industries,145,7481.019660205489,88347.4478824091,103918.1170541044,128605.85036533048,387798.19639935193,133701.83831194264
00,000,16980,Chicago-Naperville-Elgin MSA,2024,AgriNovus,100,0,67019.3890117,88224.401108,113699.436759,493518.286256,NA
00,000,16980,Chicago-Naperville-Elgin MSA,2024,BioCrossroads,26,0,98425.195125325,152468.8877495,191075.39271825002,295785.256342,192592.789394658
00,000,16980,Chicago-Naperville-Elgin MSA,2024,Conexus,122,51617.0773142,85629.1238936607,98310.59536791877,120190.06681583809,269456.29555331,106804.12553100074
00,000,16980,Chicago-Naperville-Elgin MSA,2024,Finance & Insurance,35,51786.0467883,131427.6179715,162618.520987,213743.831302,459025.600735,199572.54557486117
00,000,16980,Chicago-Naperville-Elgin MSA,2024,Healthcare,28,41709.2286295,64293.678621125,77343.69689715,90657.443080375,159043.492181,89209.45992881648
00,000,16980,Chicago-Naperville-Elgin MSA,2024,TechPoint,40,60357.5703063,106963.08377725001,142682.9568715,168530.654168,509155.322211,178717.5799315905
00,000,17140,Cincinnati MSA,2024,Advanced & Traded Industries,145,0,80882.6122934253,94958.28950703502,115271.44293549636,315271.6154703616,117348.20125842886
00,000,17140,Cincinnati MSA,2024,AgriNovus,100,0,53568.05073795,82539.42784690001,98090.3196587,186606.849809,NA
00,000,17140,Cincinnati MSA,2024,BioCrossroads,26,0,84076.22808647499,133022.36647399998,153778.36461675,212864.304853,142050.2266716329
00,000,17140,Cincinnati MSA,2024,Conexus,122,0,77777.52305394667,90808.87837481621,109008.17899323827,315271.6154765816,103729.81304071142
00,000,17140,Cincinnati MSA,2024,Finance & Insurance,35,78018.3276738,109020.97748249999,127790.072463,159317.47983650002,263181.308054,131272.95860638982
00,000,17140,Cincinnati MSA,2024,Healthcare,28,48376.2559616,57148.03481305,70784.2978643,88868.746135475,207311.87971,89798.33393070313
00,000,17140,Cincinnati MSA,2024,TechPoint,40,0,86665.53224205,112733.3500815,134789.74975299998,221392.126086,140348.96298950867
00,000,18020,Columbus MSA,2024,Advanced & Traded Industries,145,0,0,59335.25681388329,87746.48064940842,223947.3323456625,123051.63747772876
00,000,18020,Columbus MSA,2024,AgriNovus,100,0,0,0,23576.648090125003,164371.655541,NA
00,000,18020,Columbus MSA,2024,BioCrossroads,26,0,0,0,89785.99959732499,457778.860755,86792.78486133392
00,000,18020,Columbus MSA,2024,Conexus,122,0,0,0,77620.78322348751,183269.50121594465,126870.6133042943
00,000,18020,Columbus MSA,2024,Finance & Insurance,35,0,0,63668.1077546,93539.1481965,244023.090432,103071.8761840836
00,000,18020,Columbus MSA,2024,Healthcare,28,0,45986.9623195,61188.26452825,85490.253857975,181789.870457,80829.1857431766
00,000,18020,Columbus MSA,2024,TechPoint,40,0,0,0,86728.707707625,191295.870825,115684.25190943222
00,000,21140,Elkhart-Goshen MSA,2024,Advanced & Traded Industries,145,0,57501.98931140576,75090.46194168195,88918.90468208931,376251.8591216811,89329.98321085029
00,000,21140,Elkhart-Goshen MSA,2024,AgriNovus,100,0,0,0,52979.094228550006,141494.15783,NA
00,000,21140,Elkhart-Goshen MSA,2024,BioCrossroads,26,0,0,41170.4660069,102159.10021105,399756.771559,148328.8317909034
00,000,21140,Elkhart-Goshen MSA,2024,Conexus,122,0,43009.71787964803,69517.9533746711,85883.27906569722,161097.074701,82232.34350443818
00,000,21140,Elkhart-Goshen MSA,2024,Finance & Insurance,35,0,0,80754.7419533,104168.14718249999,305167.226609,97369.68934658963
00,000,21140,Elkhart-Goshen MSA,2024,Healthcare,28,0,46472.283634549996,59589.35508095,80999.13483005,540159.199365,81787.79473439294
00,000,21140,Elkhart-Goshen MSA,2024,TechPoint,40,0,0,56730.8200287,88652.8697291,288578.448904,89764.81088616341
00,000,21780,Evansville MSA,2024,Advanced & Traded Industries,145,0,50040.85130728628,78223.5785354927,108159.5782127054,1496861.5302563088,97012.60309475813
00,000,21780,Evansville MSA,2024,AgriNovus,100,0,0,0,83648.73259785,215801.767387,NA
00,000,21780,Evansville MSA,2024,BioCrossroads,26,0,0,0,104882.496359275,229199.763147,138239.62242470475
00,000,21780,Evansville MSA,2024,Conexus,122,0,0,75326.82829939711,103105.84207853141,203781.397123,90417.31513316419
00,000,21780,Evansville MSA,2024,Finance & Insurance,35,0,31379.01836735,89725.0593721,113989.60761149999,1496861.85885,103716.96077172352
00,000,21780,Evansville MSA,2024,Healthcare,28,0,46860.337158575,63100.0570058,75606.2982092,142370.555383,85380.21252458474
00,000,21780,Evansville MSA,2024,TechPoint,40,0,0,0,104818.17675999999,228187.101202,121591.71734844946
00,000,23060,Fort Wayne MSA,2024,Advanced & Traded Industries,145,0,57492.653223536414,77022.36923194867,99718.17566386018,238148.2135382364,90703.03214742879
00,000,23060,Fort Wayne MSA,2024,AgriNovus,100,0,0,8204.030019,63032.513209799996,302135.149061,NA
00,000,23060,Fort Wayne MSA,2024,BioCrossroads,26,0,0,32074.1303671,103453.8579209,238148.215052,103986.1225728569
00,000,23060,Fort Wayne MSA,2024,Conexus,122,0,54391.68321770156,74258.86594736378,95386.79702691254,238148.215052,85147.89480570213
00,000,23060,Fort Wayne MSA,2024,Finance & Insurance,35,0,78603.45794565,89845.9567975,122238.6215845,301283.329304,105732.85171218716
00,000,23060,Fort Wayne MSA,2024,Healthcare,28,0,52251.927187224996,63873.77817795,78641.05492312499,134167.997287,88190.95160323351
00,000,23060,Fort Wayne MSA,2024,TechPoint,40,0,0,94055.4185261,138501.538615,193614.51555,112113.7594580904
00,000,26900,Indianapolis-Carmel-Greenwood MSA,2024,Advanced & Traded Industries,145,0,76398.30846706658,94855.1839671986,113280.99983862732,430524.2723024959,112738.06362309644
00,000,26900,Indianapolis-Carmel-Greenwood MSA,2024,AgriNovus,100,0,44154.404109749994,71652.1437749,95136.18719304999,307419.725367,NA
00,000,26900,Indianapolis-Carmel-Greenwood MSA,2024,BioCrossroads,26,0,83490.0053926,115129.085177,142308.62950799998,847938.284627,240819.1793858528
00,000,26900,Indianapolis-Carmel-Greenwood MSA,2024,Conexus,122,0,75358.78133331686,92764.18898600011,109784.8252711374,286307.8179255187,103398.504432058
00,000,26900,Indianapolis-Carmel-Greenwood MSA,2024,Finance & Insurance,35,29849.4403967,100869.3452592,123751.017008,156556.6028315,333018.185136,124319.90674034259
00,000,26900,Indianapolis-Carmel-Greenwood MSA,2024,Healthcare,28,51403.2513863,63373.122565850004,77163.31759705,91340.5363034,159574.883128,93486.33689075729
00,000,26900,Indianapolis-Carmel-Greenwood MSA,2024,TechPoint,40,0,96624.2551861,118796.57396549999,139655.627969,190223.233153,140215.25782233142
00,000,29020,Kokomo MSA,2024,Advanced & Traded Industries,145,0,0,46076.48307836934,87943.14828655921,347875.6457936999,123477.13113752392
00,000,29020,Kokomo MSA,2024,AgriNovus,100,0,0,0,0,99469.4653616,NA
00,000,29020,Kokomo MSA,2024,BioCrossroads,26,0,0,0,42326.968295175,347875.688844,78882.30018203786
00,000,29020,Kokomo MSA,2024,Conexus,122,0,0,0,77958.05513648862,347875.688844,128428.96498364599
00,000,29020,Kokomo MSA,2024,Finance & Insurance,35,0,0,0,88770.78140109999,208498.855541,89152.10271170983
00,000,29020,Kokomo MSA,2024,Healthcare,28,0,34943.474217225004,53786.99151085,70937.47735135,144661.525263,77938.52523748587
00,000,29020,Kokomo MSA,2024,TechPoint,40,0,0,0,78709.82153442499,196586.041313,97379.63780112832
00,000,29200,Lafayette-West Lafayette MSA,2024,Advanced & Traded Industries,145,0,0,66490.94251135981,93087.1662422688,266997.9828439749,95551.59198448631
00,000,29200,Lafayette-West Lafayette MSA,2024,AgriNovus,100,0,0,0,64274.07514862501,319084.062765,NA
00,000,29200,Lafayette-West Lafayette MSA,2024,BioCrossroads,26,0,0,100780.6679535,130101.39695475,319084.062765,129610.60722732713
00,000,29200,Lafayette-West Lafayette MSA,2024,Conexus,122,0,0,63883.4893385,85252.52857969949,266997.9836215633,94222.86740568845
00,000,29200,Lafayette-West Lafayette MSA,2024,Finance & Insurance,35,0,0,78860.469278,100875.79633715001,279669.301456,96718.3732308712
00,000,29200,Lafayette-West Lafayette MSA,2024,Healthcare,28,0,56363.210373375005,61909.05336325,74841.75933232499,125666.618269,77391.98432320416
00,000,29200,Lafayette-West Lafayette MSA,2024,TechPoint,40,0,0,72679.7593986,99592.31012770001,288578.448904,112093.40051625871
00,000,31140,Louisville/Jefferson County MSA,2024,Advanced & Traded Industries,145,0,76929.79120762975,95523.43245569066,117422.05661348307,294684.7239637294,102651.54543162952
00,000,31140,Louisville/Jefferson County MSA,2024,AgriNovus,100,0,26302.99511125,70283.6417539,92947.6551563,281719.851483,NA
00,000,31140,Louisville/Jefferson County MSA,2024,BioCrossroads,26,0,86263.996997425,126995.363846,160753.40887400002,334655.058069,143588.72364165736
00,000,31140,Louisville/Jefferson County MSA,2024,Conexus,122,0,75154.72583490457,91300.97369857632,113792.59866304192,264595.06023686746,95463.93536269761
00,000,31140,Louisville/Jefferson County MSA,2024,Finance & Insurance,35,50433.4023867,102445.05914150001,117911.091084,155560.9109175,295108.130394,121916.21670567639
00,000,31140,Louisville/Jefferson County MSA,2024,Healthcare,28,51215.3845296,65101.12542985,79947.08059644999,93399.6115302,124449.823689,93158.84749418343
00,000,31140,Louisville/Jefferson County MSA,2024,TechPoint,40,0,107270.15118225002,126438.5327715,165052.66381225002,508048.841167,120136.69561278033
00,000,33140,Michigan City-La Porte MSA,2024,Advanced & Traded Industries,145,0,0,66699.28764307484,83142.00415458149,188955.16663300927,80610.93235812182
00,000,33140,Michigan City-La Porte MSA,2024,AgriNovus,100,0,0,0,43421.633917925006,188096.04978,NA
00,000,33140,Michigan City-La Porte MSA,2024,BioCrossroads,26,0,0,0,58702.16250395,165770.050263,78642.06007619877
00,000,33140,Michigan City-La Porte MSA,2024,Conexus,122,0,0,57892.8701455,79516.18291402925,188955.17647,75840.88345658174
00,000,33140,Michigan City-La Porte MSA,2024,Finance & Insurance,35,0,0,78593.5060798,101940.0160415,164908.930055,91461.83896038053
00,000,33140,Michigan City-La Porte MSA,2024,Healthcare,28,0,40335.403797499996,54696.8807458,66883.65614062501,142539.842399,80256.70428423499
00,000,33140,Michigan City-La Porte MSA,2024,TechPoint,40,0,0,0,72548.574038825,152426.319345,84046.26669181623
00,000,34620,Muncie MSA,2024,Advanced & Traded Industries,145,0,0,49188.65480320236,81047.48159461463,183233.5432406244,79920.06286850748
00,000,34620,Muncie MSA,2024,AgriNovus,100,0,0,0,0,111605.840148,NA
00,000,34620,Muncie MSA,2024,BioCrossroads,26,0,0,0,34716.449136150004,135111.995985,72615.23771615271
00,000,34620,Muncie MSA,2024,Conexus,122,0,0,35190.511167274206,76616.32340792309,135111.995985,78702.1526691351
00,000,34620,Muncie MSA,2024,Finance & Insurance,35,0,0,58221.7040586,81636.9668696,1434157.43153,72336.30291955019
00,000,34620,Muncie MSA,2024,Healthcare,28,0,52124.570543975,57690.73442315,79235.90680985,238371.283622,81728.30759446998
00,000,34620,Muncie MSA,2024,TechPoint,40,0,0,0,76290.984025325,114194.106927,88188.94321489257
00,000,43780,South Bend-Mishawaka MSA,2024,Advanced & Traded Industries,145,0,45879.60497286749,79363.80495137372,102612.98693058944,244403.0798504869,88835.45533062803
00,000,43780,South Bend-Mishawaka MSA,2024,AgriNovus,100,0,0,0,48820.5325988,216398.602207,NA
00,000,43780,South Bend-Mishawaka MSA,2024,BioCrossroads,26,0,0,63292.270026,110597.350629,232737.437327,108904.91824327761
00,000,43780,South Bend-Mishawaka MSA,2024,Conexus,122,0,33272.591167790655,70570.8867801979,93937.00096872682,228374.069569,82788.55876749477
00,000,43780,South Bend-Mishawaka MSA,2024,Finance & Insurance,35,0,67916.10118485,97104.4482777,107878.68270050001,248191.115069,106033.45245079842
00,000,43780,South Bend-Mishawaka MSA,2024,Healthcare,28,0,53876.845652575,67095.74203765,87335.9287389,187609.23752,83423.95220606428
00,000,43780,South Bend-Mishawaka MSA,2024,TechPoint,40,0,0,79958.17267045,129017.66122175,196499.759459,91067.93317997867
00,000,45460,Terre Haute MSA,2024,Advanced & Traded Industries,145,0,0,65452.80179561029,87438.48938005988,698226.181352994,82121.90799085406
00,000,45460,Terre Haute MSA,2024,AgriNovus,100,0,0,0,37227.324918775004,167815.382478,NA
00,000,45460,Terre Haute MSA,2024,BioCrossroads,26,0,0,0,74453.14699840001,167815.382478,120322.28082487208
00,000,45460,Terre Haute MSA,2024,Conexus,122,0,0,60277.86356405,84784.00662389817,521340.931178,81866.17853139469
00,000,45460,Terre Haute MSA,2024,Finance & Insurance,35,0,0,70868.9578792,89395.9248103,698226.224323,85262.14814090657
00,000,45460,Terre Haute MSA,2024,Healthcare,28,0,48409.23795339999,57629.3984271,79740.36457485,278737.261903,76702.10496213747
00,000,45460,Terre Haute MSA,2024,TechPoint,40,0,0,0,73964.22911117501,115260.422916,86890.59772609817
18,000,00000,Indiana,2024,Advanced & Traded Industries,145,18279.70288944119,73627.830116853,89285.656306267,105906.29132829598,302704.08796972287,99712.56999448182
18,000,00000,Indiana,2024,AgriNovus,100,0,62713.91662612499,78990.89099404999,89663.90237267499,255983.190229,NA
18,000,00000,Indiana,2024,BioCrossroads,26,79767.4455171,93290.61297085001,115969.2068045,141359.29603125,629185.620311,177323.17230254452
18,000,00000,Indiana,2024,Conexus,122,49170.803509451216,71916.4341795865,86731.05387336417,100596.3167701974,262314.89953959186,93879.86119459958
18,000,00000,Indiana,2024,Finance & Insurance,35,44635.2606143,93741.3382469,112333.868601,146595.8267915,302704.089577,110308.75367854786
18,000,00000,Indiana,2024,Healthcare,28,48291.7219492,59881.973524575,71591.3738833,87984.659388125,147247.391929,84738.63945947548
18,000,00000,Indiana,2024,TechPoint,40,0,95356.70004909999,109342.3834155,128253.87645675,182023.934238,128276.26736371622
