year,statefips,metrofips,geo_area,cicp_initiative,jobs14to18,jobs19to21,jobs22to24,jobs25to34,jobs35to44,jobs45to54,jobs55to64,jobs65plus
2022,00,31140,Louisville/Jefferson County MSA,AgriNovus,1011.1756306962162,2153.5718509780827,3656.0306332519203,18020.77088807305,18434.653821923283,17291.32684833439,14675.564378554069,4419.525475842907
2022,00,21780,Evansville MSA,AgriNovus,309.16334432689604,444.15501714405605,816.0402025325961,4417.842003289387,4805.487472729309,4011.1162102893845,3817.049652093258,1071.4733175024762
2023,00,29200,Lafayette-West Lafayette MSA,AgriNovus,378.11474995732,917.1550254243118,1138.09341646428,4522.800108035528,5360.741769839078,4340.062432053983,3625.790326111335,1260.6365060298
2021,00,34620,Muncie MSA,AgriNovus,61.463867179339985,98.353757336884,111.238537897056,392.0424217439456,372.4829948666896,312.31254143311753,398.8563296597727,171.74229925010394
2022,0,00000,United States,AgriNovus,400941.8958550081,755938.2489584681,990967.9696473936,4362124.663173317,4540291.112928044,4213234.684315887,3725390.0151905175,1639007.6594836686
2023,00,18020,Columbus MSA,AgriNovus,31.65621143334832,70.932262840056,198.284871170472,856.2508758221037,957.5794292170998,556.837442266032,529.0128050180762,256.076933663108
2020,00,45460,Terre Haute MSA,AgriNovus,101.02866114461597,196.8693249467648,350.20192964478724,1695.4389569837722,1621.344213856204,1572.1746459360043,1378.456573906872,363.5171187228353
2019,00,26900,Indianapolis-Carmel-Greenwood MSA,AgriNovus,1669.4669694198915,3312.9598819236558,4933.885773814777,22306.614103157484,21828.834306818866,20152.69001039267,16524.929408265034,4719.416291469385
2020,00,23060,Fort Wayne MSA,AgriNovus,352.11597100822,806.017803478292,1091.0812948856037,4158.258659765672,4339.531697654116,3869.289800808672,3648.864149439776,1235.5669447413686
2023,00,21140,Elkhart-Goshen MSA,AgriNovus,537.2882194948919,576.0394205650687,592.876173062772,2106.6793291950876,2105.165393071536,2277.310415072172,1942.6194700179515,831.9909766588027
2022,00,17140,Cincinnati MSA,AgriNovus,2823.531034354569,4390.272672135242,5543.5878990818155,26827.754256691514,28690.638358787346,24613.13135327645,21332.04469042617,6122.245389555139
2023,00,21780,Evansville MSA,AgriNovus,312.0348370215223,458.7246958248879,814.8838452072481,4253.5994079490565,4771.592704044356,3948.6555199703794,3582.077072909915,1185.736837714944
2021,00,17140,Cincinnati MSA,AgriNovus,2708.063849875399,4142.923589105649,5503.006291470068,25712.102404253215,26128.94659396646,23452.542116325407,20793.31938251892,5726.613248013375
2019,00,29020,Kokomo MSA,AgriNovus,24.005651159088,158.31484924089997,127.673995245128,688.67039413624,563.139729118808,521.0537198469482,530.2809897089318,103.19352384269598
2022,00,45460,Terre Haute MSA,AgriNovus,132.6768983693856,330.97766037962015,333.239000784304,1765.8755470112158,1723.395991925029,1832.747550764596,1625.6066757007359,587.5589087440841
2022,00,23060,Fort Wayne MSA,AgriNovus,663.24986399824,1056.5312677057882,1136.5582603451198,4296.963895640214,4456.299231508521,3662.674887862956,3425.342362459664,1355.3554529937956
2022,00,29020,Kokomo MSA,AgriNovus,32.410673184704,101.08639083182801,214.72383893229602,636.6133178769761,645.6370965004639,530.2515074065799,528.553878541736,192.940627421728
2022,00,43780,South Bend-Mishawaka MSA,AgriNovus,476.74883627413203,438.30598878994795,494.2946798646864,2082.986959577289,1991.7780731850692,1722.3370841468309,1813.070351702721,675.5779439037689
2020,00,17140,Cincinnati MSA,AgriNovus,2058.842866043673,3945.920191223922,5596.940541183761,25220.063482088,25189.479240982044,23486.03278562059,20674.616781406854,5336.4145303803325
2020,00,16980,Chicago-Naperville-Elgin MSA,AgriNovus,7927.683055611053,12986.723392705824,18231.056458762105,92630.41640020053,98975.65995089924,99186.42633899635,84337.99362367786,28855.91725968955
2023,00,43780,South Bend-Mishawaka MSA,AgriNovus,441.5099072152721,496.733940498608,502.2840105914329,2086.5195619206984,2019.5588851316197,1936.794259973248,1772.3300101092818,746.2483151537848
2019,00,17140,Cincinnati MSA,AgriNovus,2209.2700342468397,4347.02670115082,6118.294973500899,27702.36645026251,26535.235626561152,24686.387720054976,21325.54154243807,5638.841616103502
2019,00,18020,Columbus MSA,AgriNovus,32.510143135052,140.20696950393116,192.8821738587656,928.428198673964,867.7066461271039,663.9736102777799,559.601587333072,198.63094177400322
2019,00,29200,Lafayette-West Lafayette MSA,AgriNovus,318.33655454183605,916.1118329527134,1129.9762357217953,4329.380176436461,4287.72541397018,4121.439060137254,3520.1905416125564,893.4455318570399
2021,00,21140,Elkhart-Goshen MSA,AgriNovus,438.38226011635817,435.2468155728369,469.364215025176,1783.2116127036682,1899.3388069869002,1800.3025549284519,1736.350107856556,613.347625180672
2021,00,45460,Terre Haute MSA,AgriNovus,121.80394267076,263.6431180101712,373.36706241692013,1905.40264555664,1646.0860414781278,1726.3634217187362,1442.7017347221679,457.88830636400627
2021,00,14020,Bloomington MSA,AgriNovus,75.3161299018008,247.586371060104,529.8240625796319,1236.0153423305073,1080.14135942761,923.4750551924208,636.3747595632801,269.77834957319595
2020,00,21780,Evansville MSA,AgriNovus,292.687285455428,484.71597147988,808.6565521819001,4282.983927611519,4427.3009175234065,3911.871452536148,4071.6673925652008,962.4415550294243
2023,00,34620,Muncie MSA,AgriNovus,59.89414696530001,127.80881253501197,125.626888702592,467.22669921056405,511.80017195137594,320.5139689885078,474.5541168517039,260.985548529356
2023,0,00000,United States,AgriNovus,406859.61142270424,770355.0464079034,1016563.3996639525,4397296.574348251,4658116.248651161,4269398.046273195,3746301.110218337,1731366.6958317335
2023,00,29020,Kokomo MSA,AgriNovus,49.576838482628006,97.54369094809998,177.189666088388,605.904333524348,699.3533995915601,570.6724256429001,536.287594018036,201.05961453567602
2023,00,33140,Michigan City-La Porte MSA,AgriNovus,192.23765994207997,416.83266021540004,510.24612410727997,2050.22380797662,1967.071152396308,1954.6527061948968,1765.4852126561684,615.6004923528361
2019,00,16980,Chicago-Naperville-Elgin MSA,AgriNovus,8372.060657856304,13897.942956566421,19824.972489643216,96639.44540337425,100287.62584338064,102000.42842095769,84851.9941143703,28413.028377281815
2022,00,16980,Chicago-Naperville-Elgin MSA,AgriNovus,10143.318090928136,15155.698179743118,20501.18158244794,97511.63246762834,104783.68462525064,102371.74613748385,90213.22408951855,34071.869135524394
2021,00,29020,Kokomo MSA,AgriNovus,31.224070154480003,163.0138547296,180.02257703442,629.5643738393039,598.593457816944,510.50443998796,528.54847774458,168.19255260694402
2019,00,21140,Elkhart-Goshen MSA,AgriNovus,363.7959743411434,442.4806567044439,505.2933716127736,2112.8017198325174,2134.965648378684,2012.844264973448,1881.7443029316557,656.9214065405479
2021,00,33140,Michigan City-La Porte MSA,AgriNovus,167.61295233409197,405.281567645864,520.0424344866001,1887.0219648576917,1907.4284577380035,1834.5764365370965,1593.7188968781084,506.31731209004005
2021,00,23060,Fort Wayne MSA,AgriNovus,513.1823347963242,915.8718964902998,1008.0868476629082,4076.801567222449,4415.180302329468,3828.406808595372,3483.8653565870436,1233.2977085649118
2023,00,26900,Indianapolis-Carmel-Greenwood MSA,AgriNovus,2425.644084841335,4252.128811419363,5669.57818640482,23783.995328207853,24725.4553919125,21605.216525909116,16636.780961108372,6149.455826157706
2023,00,23060,Fort Wayne MSA,AgriNovus,799.110589562344,1066.7944541517938,1091.768709780716,4305.073023669455,4398.238668524177,3836.539583928033,3380.8370713048353,1470.2022485401003
2020,00,14020,Bloomington MSA,AgriNovus,81.5933948703784,212.79247992202394,455.14156586874003,1362.7414437730188,1068.147620055048,880.4489435881144,676.6765948575319,257.85315841269596
2021,00,16980,Chicago-Naperville-Elgin MSA,AgriNovus,9875.747694256856,14076.467181369206,18925.48421772197,93434.51537017476,101129.31330067551,100274.40627921461,87931.05603397737,31357.49968781644
2022,00,26900,Indianapolis-Carmel-Greenwood MSA,AgriNovus,2273.4405915365933,4128.611885444099,5673.663902061419,23511.545066992756,23958.216779759718,21329.452088925693,16527.89388628909,5914.182246334736
2019,00,14020,Bloomington MSA,AgriNovus,85.88245766498,221.83978700818798,400.009632440656,1462.4781668938558,955.3648164541759,860.3244862807768,713.0692096802319,247.51468862577204
2020,00,21140,Elkhart-Goshen MSA,AgriNovus,346.7207383296808,375.7326760286968,486.7881849561808,1902.1013181331036,2101.0858026451237,1894.9447685421924,1827.001524149524,580.5759682634
2023,18,00000,Indiana,AgriNovus,11193.22694274526,17670.49635524146,22216.805733555393,90485.4932454952,94226.68429472452,83488.76892976428,69446.56061132404,28664.59258083566
2021,00,18020,Columbus MSA,AgriNovus,63.201569926692,82.4949805608536,161.449787667976,763.5346222695277,797.1483879780722,494.47951526293997,531.6005183263758,230.30421948478806
2022,00,18020,Columbus MSA,AgriNovus,61.835745452108014,83.08605310012001,168.08818355149597,705.0852137424279,843.794676036412,533.683202163572,540.6099142518601,274.32850951869517
2021,00,43780,South Bend-Mishawaka MSA,AgriNovus,411.88661869409196,469.348122574136,445.22511727800565,1902.2401819827683,1982.7390470517566,1677.5699188461042,1741.0627620197806,622.1823602645624
2020,00,43780,South Bend-Mishawaka MSA,AgriNovus,332.47843130480004,468.263579202672,528.8587393070377,1917.6686123489733,1994.8726716715296,1769.245377916173,1792.866096339082,592.321525290684
2023,00,17140,Cincinnati MSA,AgriNovus,2763.004750547573,4946.730605892694,6325.045394597406,28807.07976229704,30969.74193631991,26014.252479776656,22306.869422525877,6927.139593794056
2020,00,26900,Indianapolis-Carmel-Greenwood MSA,AgriNovus,1643.634483478507,3221.4682979332033,4882.218560320263,21340.213879312,21980.246783988692,19641.007726195152,16000.971979600303,4727.608943575752
2021,00,29200,Lafayette-West Lafayette MSA,AgriNovus,287.01736787011623,961.119611841552,1016.4270147676882,4660.6357464185385,4133.6203215262285,4079.233261136736,3552.730523160699,1155.8834870299333
2019,00,23060,Fort Wayne MSA,AgriNovus,333.2020795584681,735.8388788311163,1111.1883541410043,4344.786537130873,4464.028527731022,4122.520486155984,3901.0660730294794,1126.9603038454322
2023,00,14020,Bloomington MSA,AgriNovus,74.82309298444088,194.50852202754962,426.3270030954215,1277.0436764564602,1154.494606783392,942.1948945059961,681.6303370295202,270.59635335433364
2020,00,29200,Lafayette-West Lafayette MSA,AgriNovus,387.524304728748,920.2146447516641,1079.5895202942759,4756.441763405601,4681.706161580981,4396.408242215366,3786.3890739979006,1061.6952230631562
2022,18,00000,Indiana,AgriNovus,10825.64448710978,17128.978983681074,21675.022208506616,89798.72977796102,91366.7179533612,80568.06427574443,69290.92602066246,26865.123588645973
2019,18,00000,Indiana,AgriNovus,8645.913695026278,15451.662093921568,20982.406064501567,85836.13197016735,83904.47376430575,79225.90451255537,70775.88556305724,22256.94857410717
2020,00,18020,Columbus MSA,AgriNovus,117.740440669224,129.6398692173104,199.67581315685283,866.7214202270118,848.5091177151038,548.860218947052,550.81551157104,228.62569480576238
2021,00,26900,Indianapolis-Carmel-Greenwood MSA,AgriNovus,2028.86223735471,3570.9611987210833,5025.314925598581,21781.793160557263,22591.979481050214,20228.824634168766,16251.376356320352,5232.963256138384
2021,0,00000,United States,AgriNovus,370103.3122735122,706629.044020868,946190.3432915185,4218399.390784344,4364454.168247931,4103829.3120497935,3640250.431223949,1501498.0964635843
2022,00,14020,Bloomington MSA,AgriNovus,78.75109081713839,227.2817559666696,464.45822037015915,1337.3956464281603,1164.4566845254706,983.6223194770092,719.298017746283,241.1514883123134
2023,00,45460,Terre Haute MSA,AgriNovus,110.9514976491208,307.99660031350965,434.58198403331994,1721.3123713925881,1827.4853111638479,2048.8809825221315,1590.12327927098,536.2853089347441
2020,00,31140,Louisville/Jefferson County MSA,AgriNovus,764.3333526750641,1753.0447750224976,3227.1519103021215,16093.116853542662,16901.988093417767,16330.989546889774,14005.368334722874,3612.9623028200317
2023,00,31140,Louisville/Jefferson County MSA,AgriNovus,941.2082958850186,2298.2654148289325,3789.1545797493395,19114.11517066838,20121.54856702235,18234.866414089385,14827.59538019354,4843.244628046756
2021,18,00000,Indiana,AgriNovus,9839.56791836684,16182.021227153191,20333.327638600083,85340.40473935894,86035.79278029916,77342.81473305497,69302.7751523755,24796.282168337028
2019,00,45460,Terre Haute MSA,AgriNovus,114.36480694735762,275.4640896045544,410.1877121394472,1518.4939819906724,1717.2306011398648,1520.6943668574488,1560.4116854513113,361.7833577801904
2020,18,00000,Indiana,AgriNovus,8561.263993629738,15059.285059019072,20661.436840207214,84050.26524763112,84189.28708719087,77614.22950054714,70209.77204310508,22648.792351430726
2019,00,34620,Muncie MSA,AgriNovus,30.240636539396007,47.5521461334392,68.253283948132,342.0007672097696,331.0680335930735,305.1178263451659,354.67628057878574,161.82443778081077
2021,00,21780,Evansville MSA,AgriNovus,377.926793157936,482.6614536885721,823.3689153888923,4327.117775808607,4713.643512014732,3956.9153879279957,4164.724322908332,1080.3339349765322
2022,00,34620,Muncie MSA,AgriNovus,63.920026226687995,106.23323960414797,102.89481022290799,469.1217992248481,431.5915757164906,348.497491117748,459.9183993920999,195.67317440059594
2019,00,33140,Michigan City-La Porte MSA,AgriNovus,112.85502243864399,239.22333834318,307.101992705572,1475.702935486064,1570.2007804995917,1571.98465788262,1338.2011200417876,510.59215677562395
2023,00,16980,Chicago-Naperville-Elgin MSA,AgriNovus,10201.817175790899,16299.219499731595,21470.33447497187,102732.84852285964,110823.40433303047,107347.48664368108,94103.64516017181,37708.134790889606
2020,00,34620,Muncie MSA,AgriNovus,32.680714777652,47.602255205575986,91.8089083073032,318.4200188823077,357.4306241493721,303.42070073094266,384.75818019651445,138.11607476633282
2022,00,33140,Michigan City-La Porte MSA,AgriNovus,192.969854757056,455.80947608650814,546.484798991312,2114.114639351985,2075.105152668872,1935.6515942854126,1731.3272625616921,575.8200039732321
2020,00,33140,Michigan City-La Porte MSA,AgriNovus,122.96463763192,285.651347370808,376.43495102504005,1506.776898824124,1618.9134448640675,1548.4442662784957,1368.1758368964643,485.242792013832
2022,00,29200,Lafayette-West Lafayette MSA,AgriNovus,469.5880988532921,957.3251963248521,1116.7845283665238,4056.6462389975277,4949.567255368929,3576.6981448073197,3123.2084910663234,1146.8692913808918
2020,0,00000,United States,AgriNovus,322924.82978533785,662008.7795903236,925358.6275197326,4196484.905223608,4274836.264201314,4094857.5533337286,3601903.5205458254,1419174.5196662208
2019,00,31140,Louisville/Jefferson County MSA,AgriNovus,790.8692668072201,1842.3533922463598,3502.982857941524,16662.692756849177,17206.80024484389,16556.534590289448,14271.780956463133,3544.092023445982
2022,00,21140,Elkhart-Goshen MSA,AgriNovus,456.4060074271442,473.07334545403904,508.440918144792,1948.9178945181764,2037.3479908845081,2007.3937281543758,1875.9948187225243,699.5532919516213
2020,00,29020,Kokomo MSA,AgriNovus,17.369005451432,159.507706700188,150.76421305077997,647.5768103543598,532.563690177116,517.0788223939919,545.0822613669479,126.10768972074798
2019,00,21780,Evansville MSA,AgriNovus,232.04245449349204,438.31047497623206,840.9127094638479,4225.398174020497,4358.2619215928535,4220.483191371331,4000.164905569552,938.3088786071321
2019,00,43780,South Bend-Mishawaka MSA,AgriNovus,405.8765828362563,501.4167879622769,649.3857169902927,2108.650667984023,2150.878276561032,1923.333091052424,1909.0501815839598,606.7020177135383
2021,00,31140,Louisville/Jefferson County MSA,AgriNovus,924.637905796208,1853.5956303114067,3336.4320252186862,17019.9921059775,17592.181090965965,16743.219957891746,14021.375086909708,3752.8430885252874
2019,0,00000,United States,AgriNovus,319041.2445027554,689474.6071531503,977050.6472672793,4363167.513992564,4362086.318963051,4249417.168277446,3659660.6200861987,1399094.0321067504
2022,00,31140,Louisville/Jefferson County MSA,BioCrossroads,47.055880482863074,341.70117372601084,843.779855388704,4755.471827535149,5585.8627564638,5468.064877946529,3737.8079977785114,955.8969942091097
2023,00,29200,Lafayette-West Lafayette MSA,BioCrossroads,21.311846502290944,129.70658230866056,349.56195067450375,1830.0556201465713,1628.1454128761825,1751.1597175881022,1652.319034637359,454.0751181455647
2022,0,00000,United States,BioCrossroads,18153.320744241115,110521.57156970448,302327.07644174976,1691687.288407799,1806634.6088967633,1754749.0015539997,1391218.3645018337,401010.62074691575
2023,00,18020,Columbus MSA,BioCrossroads,4.684923927074412,44.25293683888391,76.50015677041318,305.6333155333552,314.7130968639952,340.9842546296019,251.58180034284862,78.80732376984052
2021,00,34620,Muncie MSA,BioCrossroads,0.0,11.97102386444829,23.323016163391713,47.5357740070544,40.42386429998108,48.23100364445402,48.709639993508816,11.788129695174868
2022,00,21780,Evansville MSA,BioCrossroads,16.384612121872188,75.12308757499169,157.12685744166959,1006.0009797660853,1348.9760494213956,1328.7134163752069,1003.8687069359925,184.0287955254563
2020,00,45460,Terre Haute MSA,BioCrossroads,0.0,22.110168571046895,68.53743588023868,383.41048607560543,583.9723831607732,561.2021844113827,475.52464405526973,87.26427530392836
2019,00,26900,Indianapolis-Carmel-Greenwood MSA,BioCrossroads,134.81750891962753,849.1011841048488,2774.9731545869613,14094.473396426052,19561.347929963107,23191.217424307142,14574.380346746175,2298.1973781334145
2023,00,21140,Elkhart-Goshen MSA,BioCrossroads,9.325061013865021,51.461469339007195,62.748494647233464,289.35676769885345,305.27048153197325,336.454795535486,242.46743451073857,106.49007838611305
2020,00,23060,Fort Wayne MSA,BioCrossroads,42.788196686325946,228.95082156214124,304.4026712969523,1201.6398400291007,1387.4265640605129,1255.1279328277267,977.3179328713427,293.7861261605059
2023,00,21780,Evansville MSA,BioCrossroads,10.74101038089252,72.85587196383399,154.63242242289294,1166.24506968486,1562.5567400433742,1368.055144103129,1148.1894976170113,227.14565826703563
2022,00,45460,Terre Haute MSA,BioCrossroads,7.027246839927,33.81670160994024,82.43515150181793,382.5110747337253,565.2754025097888,537.361734651045,457.13141888758094,109.53736827183936
2021,00,17140,Cincinnati MSA,BioCrossroads,80.71286225111012,655.6666887728549,2157.7314110503885,9787.135907405158,9592.949337133432,9364.169271531151,7522.112373654644,1828.183452346358
2022,00,17140,Cincinnati MSA,BioCrossroads,109.61950782155962,791.5091054523753,2544.7008370955773,10758.849115655394,10268.70662888952,10040.04738196392,7894.2989465142455,2081.3018235491054
2022,00,23060,Fort Wayne MSA,BioCrossroads,29.78433530834304,232.281615231322,328.5460043177807,1276.7695666578095,1219.2879483973716,1191.5684881906334,956.1378944562496,289.96235078843523
2019,00,29020,Kokomo MSA,BioCrossroads,0.0,6.755606690910601,16.044703484836802,59.00521137779451,63.708998792922294,65.99213607956736,70.7272601997864,20.77618904510881
2022,00,29020,Kokomo MSA,BioCrossroads,0.0,14.730535667491559,11.7562136547132,70.39966629354639,58.38924270788187,84.64661305976831,65.29944730886415,17.605344218214178
2022,00,43780,South Bend-Mishawaka MSA,BioCrossroads,8.304588959661816,84.61628914555929,180.34709121509258,836.3981852093359,1083.7669795586273,1072.5103911468082,1186.8349985831012,355.76030019625847
2020,00,17140,Cincinnati MSA,BioCrossroads,41.37755201996589,462.2020021167493,1771.9710262892236,8896.394105898811,8765.962832122754,8824.154673864687,6977.951688325223,1592.5017121905648
2020,00,16980,Chicago-Naperville-Elgin MSA,BioCrossroads,258.95435262487695,1914.5194632877087,6954.434761029955,44230.366206658764,54076.28941421245,57679.80993430692,45442.56460995983,11353.760155335909
2019,00,17140,Cincinnati MSA,BioCrossroads,62.589450470565154,522.8884853753714,1695.1034379229652,8230.382779411504,8466.727651322713,8720.199652039555,6776.4895433287,1609.4054426438904
2023,00,43780,South Bend-Mishawaka MSA,BioCrossroads,7.275257438135976,75.26821113064928,174.38791486948003,811.8191244307163,971.789711660917,1040.7705558649757,1081.2965261818792,362.71890858560755
2019,00,18020,Columbus MSA,BioCrossroads,0.32061608415594,22.93685811305477,54.30605006460515,238.21468614726936,212.51995076873624,248.0319784058056,190.39267649866449,41.465523425696084
2019,00,29200,Lafayette-West Lafayette MSA,BioCrossroads,2.6574591057148798,101.2152453376456,253.98934905854622,1595.4024771593386,1746.9023337496294,1888.238362807976,1727.4849701827115,384.0362630301207
2021,00,21140,Elkhart-Goshen MSA,BioCrossroads,18.2719079219826,39.96588204166524,98.78776413426358,286.2856585706854,358.33487730998905,281.25126804779507,275.0446663699852,112.59451954090643
2023,0,00000,United States,BioCrossroads,18194.076364275745,109533.81827732724,301481.68160246674,1730675.5860451823,1842257.288629778,1760923.6075762494,1402033.9125218894,427331.0659573128
2023,00,34620,Muncie MSA,BioCrossroads,0.0,1.5845858687076002,9.714434718698232,37.412042311437894,54.241647601768165,52.17067081654026,33.85052489778781,9.805632695042664
2021,00,14020,Bloomington MSA,BioCrossroads,98.59396390818002,926.9893210167915,1783.4128576026692,7114.648016977453,5413.908416574419,5110.279295348201,4399.020359077484,972.0283877347294
2020,00,21780,Evansville MSA,BioCrossroads,12.324782482829239,49.39672039867962,144.85841001706666,1056.3495237206016,1194.5197142564816,1155.1950529750975,853.828225240119,175.94853081133658
2021,00,45460,Terre Haute MSA,BioCrossroads,0.0,34.55803635904704,74.24438374188743,433.101447364814,611.1725299945788,529.5305339033209,555.3629853304,102.57451984022327
2019,00,16980,Chicago-Naperville-Elgin MSA,BioCrossroads,275.3214646049043,2102.9567811429315,6807.540058487074,43298.350928554966,53856.16383261105,58250.31412510917,44771.63799960674,10844.529837952847
2023,00,33140,Michigan City-La Porte MSA,BioCrossroads,2.9754074629571403,32.55686936288652,42.134944381224265,168.86848453340733,115.41608550428168,186.42820969412477,137.89519863048955,46.158958043501855
2023,00,29020,Kokomo MSA,BioCrossroads,0.345817643834364,11.29227094030632,13.048314568064399,97.99440319201828,69.90073569877282,86.32228546443112,64.16994586479642,20.352143098369623
2022,00,16980,Chicago-Naperville-Elgin MSA,BioCrossroads,374.41685600585333,2364.9767106049435,7658.854916596761,47723.84766870692,54395.47796610412,58199.639128518305,45400.80069987038,12544.64730954053
2021,00,33140,Michigan City-La Porte MSA,BioCrossroads,0.0,16.26677765938056,43.17119591704728,153.81420445227886,79.69795120964933,116.80887268339471,144.39346876957552,32.03971570033359
2021,00,23060,Fort Wayne MSA,BioCrossroads,42.20075537839847,192.2158012428324,304.87782982380486,1219.5234857733062,1272.8095744721518,1127.4755295556663,943.9810930510228,283.54593349983867
2019,00,21140,Elkhart-Goshen MSA,BioCrossroads,9.78691602889039,28.438748518592917,49.14021243834151,294.28609487363235,339.0862864986047,309.11992614614513,304.2176865956777,152.88752399629772
2021,00,29020,Kokomo MSA,BioCrossroads,0.0,8.6606378650704,10.0229074055472,92.27101936944439,49.73021485977549,80.58340079176027,66.77112091482735,16.44699011012876
2023,00,26900,Indianapolis-Carmel-Greenwood MSA,BioCrossroads,163.47079171884883,1059.0315418801852,3544.6281083704434,19447.08629882659,20881.762095330043,24889.498627046167,18550.80496287238,3529.104458619948
2020,00,14020,Bloomington MSA,BioCrossroads,28.605704476529997,677.4430745312253,1467.5137010575518,5820.678338211284,4696.485369684413,4352.992530912381,3848.6709344592186,821.1576739481194
2023,00,23060,Fort Wayne MSA,BioCrossroads,65.62255138777073,207.0034610843324,407.9493514280445,1468.9942237287719,1227.9303234194178,1253.951507805117,955.2675934203207,323.2425954559565
2021,00,16980,Chicago-Naperville-Elgin MSA,BioCrossroads,370.13244033765613,2181.168604544987,7297.504559658541,46271.430681295606,54672.45477022991,58147.6340972713,45997.81871656954,12007.211540698723
2020,00,21140,Elkhart-Goshen MSA,BioCrossroads,15.18996007664772,38.04897945323184,69.31700690050184,324.2187431265177,384.99840645901986,315.2899551808205,294.9011730041195,131.3480863842655
2023,18,00000,Indiana,BioCrossroads,713.4198299373605,3898.861265567657,9262.560708610286,46256.82857338088,46979.96213826142,51816.185189593714,41815.673627263364,9823.722016301897
2022,00,26900,Indianapolis-Carmel-Greenwood MSA,BioCrossroads,170.32502353472276,970.2886677823088,3380.736862231706,17567.86591713914,19927.464664545005,24430.33447114333,17587.121885321514,3107.2717733648574
2019,00,14020,Bloomington MSA,BioCrossroads,57.308353435557414,858.6099659437695,1599.5160238186063,5624.303460055095,4526.151281735389,4323.429992389928,3733.536966102269,798.689551669348
2022,00,18020,Columbus MSA,BioCrossroads,4.007731206552408,38.21833576117524,68.16674385601836,322.8471805789391,305.08669214966613,365.9251628971628,271.1116456896692,63.2596118822269
2021,00,18020,Columbus MSA,BioCrossroads,0.0,31.761001790234033,67.40718440644818,271.61111465532355,281.0352610522914,342.51076173862583,240.78411573726504,39.9593524620183
2020,00,43780,South Bend-Mishawaka MSA,BioCrossroads,7.724055854327768,87.31078325105719,175.2870417324578,1026.7490937518967,1253.0908119519986,1221.9764954621342,1506.4313634344207,353.89331416104693
2021,00,43780,South Bend-Mishawaka MSA,BioCrossroads,3.67430974119,87.61416381248242,177.9201577553634,824.8111952655536,1063.7829274514006,1065.0486632994873,1337.2354874021978,356.2352453225464
2023,00,17140,Cincinnati MSA,BioCrossroads,101.23666973227915,701.1259385177489,2540.8046307373647,10902.353634196987,10093.477033410392,9584.19482433076,7595.339383969659,2222.455313894736
2020,00,26900,Indianapolis-Carmel-Greenwood MSA,BioCrossroads,112.22661055784876,737.4955435147451,2746.7788007374747,14687.977248269812,19172.783752730156,23353.201543498595,15562.505738308615,2478.2146801184927
2019,00,23060,Fort Wayne MSA,BioCrossroads,44.904786252217555,182.4897854836424,275.3169420145774,1246.1193389524826,1242.3852977607849,1234.9250969927036,1006.1818785017639,259.06530885794604
2023,00,14020,Bloomington MSA,BioCrossroads,26.678208854643,827.5756213542911,1712.3104278773615,7626.533069370386,5988.600409033443,5545.933609244886,5050.263166916614,1241.0902799831338
2021,00,29200,Lafayette-West Lafayette MSA,BioCrossroads,6.6953844744602815,128.74049524344477,327.2034259725337,1605.9970774986182,1716.0393234098503,1782.8776478761538,1618.1734837680194,440.5875435152882
2019,18,00000,Indiana,BioCrossroads,626.5969522023755,3670.250932922232,8029.735736920961,37915.92450299363,44075.087137789465,49328.924362983395,36174.907712266424,7241.667175277711
2020,00,29200,Lafayette-West Lafayette MSA,BioCrossroads,0.0,93.49957785816504,245.86616644353853,1206.9272889897984,1552.0111577855866,1528.3375051460616,1482.2874959790565,420.1833525686543
2022,18,00000,Indiana,BioCrossroads,719.1430182922592,4224.226019311229,9096.234623025483,44340.097423718194,46197.86061592363,51543.929136829196,40716.387667576324,8905.497272686162
2021,0,00000,United States,BioCrossroads,18106.229041591778,95548.95603609888,275404.9885338243,1572843.09607652,1716033.0924843277,1682012.7114850094,1341526.650484546,365253.1204420627
2021,00,26900,Indianapolis-Carmel-Greenwood MSA,BioCrossroads,187.05903784589123,839.8820266726964,2952.358938903744,15614.66225626851,19315.51635667286,24007.63296862004,16710.73853805318,2772.2790778458475
2020,00,18020,Columbus MSA,BioCrossroads,0.0,36.80504332980574,60.01052884806469,259.1553861084726,255.1680919923786,331.7150769098551,195.53914420084172,36.92480925390621
2022,00,14020,Bloomington MSA,BioCrossroads,81.64561702508999,1351.5268472467762,2157.993163164236,8422.302615625365,6417.636364986603,5945.532752140519,5037.19050507151,1198.5555329318217
2020,00,31140,Louisville/Jefferson County MSA,BioCrossroads,42.6434871031671,302.2307199046054,658.04931555224,4097.489313014087,4904.755413849494,4763.707320108369,3234.3283313196716,791.7530519431463
2023,00,45460,Terre Haute MSA,BioCrossroads,21.505091032992002,36.75552930299605,107.28503481035511,483.2412442444462,580.9210611580058,535.6260361985804,480.29462300575784,111.75304437062182
2023,00,31140,Louisville/Jefferson County MSA,BioCrossroads,55.2968152957866,307.6649403609641,684.7374067832515,4102.265044690665,4897.330556367949,4868.597776636168,3301.4048586206945,906.1863274883335
2021,18,00000,Indiana,BioCrossroads,819.8429070896519,3531.0682396095935,8570.274858446139,40569.93631029032,44469.59740528775,49639.318570058786,38696.61927623907,8178.490572096074
2019,00,45460,Terre Haute MSA,BioCrossroads,10.02343185216,18.79913732203397,79.44084987838055,517.9442835716284,642.5770696874173,629.3538524200441,503.6578260039225,84.57291461361011
2021,00,21780,Evansville MSA,BioCrossroads,11.98882830705496,56.60067530053253,143.56227766500672,1104.186962116637,1292.9192506337133,1183.5251516065707,1018.2013403946809,208.4128260886479
2020,18,00000,Indiana,BioCrossroads,463.18791921062774,3102.1645805328603,7614.5606979982595,37953.590520860365,43774.49838770971,48614.579556247176,37561.35118872119,7585.051620849238
2019,00,34620,Muncie MSA,BioCrossroads,0.0,4.575132452330521,4.776091212583557,29.691875451936507,34.004229101451934,47.18610900145248,36.49995866048028,14.19920169731922
2023,00,16980,Chicago-Naperville-Elgin MSA,BioCrossroads,371.8074962262502,2397.8116298795644,7508.314536997848,48323.57564033259,54197.18967525957,57177.77531495791,44892.52440051933,13258.622025636485
2022,00,33140,Michigan City-La Porte MSA,BioCrossroads,0.0,33.62564002263,56.23972734796414,178.36486806847023,121.05504036699747,135.4294143605175,169.17973693937356,38.55870279068269
2019,00,33140,Michigan City-La Porte MSA,BioCrossroads,0.0,12.00349289328096,36.307701830944914,153.99197847336512,142.5272759929046,176.170568524412,173.69246842681588,60.68354062031001
2020,00,34620,Muncie MSA,BioCrossroads,0.0,4.15485347477539,9.29806418557191,26.70313155753649,36.006482952517324,38.26524884883174,44.78096894762679,18.8804291571279
2022,00,34620,Muncie MSA,BioCrossroads,3.5787322517132463,27.722474004928532,41.22310898701332,69.54682664943691,52.10871437967759,45.40497084929965,36.40840469635479,13.689892278774767
2022,00,29200,Lafayette-West Lafayette MSA,BioCrossroads,15.558628676936879,134.4431185925696,386.98565232492456,1674.4499527061575,1606.1495263942065,1749.8538540962786,1566.3473782765,405.09700396402985
2019,00,31140,Louisville/Jefferson County MSA,BioCrossroads,47.54863064682441,250.33534121741826,615.2578811316473,3813.469349860218,4523.943817004591,4654.925494099357,3100.135907138416,765.7182738827245
2020,0,00000,United States,BioCrossroads,14407.397174918462,82965.81189895395,252397.4632417602,1473434.8571177446,1640371.832520497,1623264.1700916463,1293763.9980516336,332123.0054425561
2020,00,33140,Michigan City-La Porte MSA,BioCrossroads,1.9645209377105401,17.96053474752928,36.638441777357606,159.7716481601931,110.64878886346878,135.04673731681928,149.68377028856372,38.88784252860508
2022,00,21140,Elkhart-Goshen MSA,BioCrossroads,19.50240868919676,34.41238808652156,64.26330890491641,216.0667432383615,242.7831290239868,272.579782561401,229.1193638151758,94.78224533688952
2019,00,21780,Evansville MSA,BioCrossroads,10.3829389163256,42.409368867215406,125.4051681200082,915.903252239288,1113.8297225896551,1141.761165445786,742.8921586908781,196.66619038421962
2020,00,29020,Kokomo MSA,BioCrossroads,0.48440298902124,7.30935348317832,14.503432874435807,65.18537780893755,66.70669601004579,73.81116827096643,75.69015129177507,17.85796054567176
2019,0,00000,United States,BioCrossroads,14459.420346962315,87138.37568435217,249236.83252717156,1428225.0663054867,1602439.4796031427,1607320.8954555818,1266321.159878031,314870.8739941943
2021,00,31140,Louisville/Jefferson County MSA,BioCrossroads,59.9533127377832,368.30704363404504,731.1479417382362,4267.355236833132,5065.5723891454245,4894.305328994029,3323.253893122311,844.7430761774992
2019,00,43780,South Bend-Mishawaka MSA,BioCrossroads,8.908921707545998,74.05081257905063,141.88309691744578,1022.6803347634656,1094.2427671586868,1172.5157448228522,1427.314862747563,309.49634217461755
2022,00,31140,Louisville/Jefferson County MSA,Conexus,7232.611990601405,34962.79671306298,39809.60190360239,148783.41390240155,152989.0849069901,162160.96079730973,134824.3125062531,32547.652646739138
2023,00,29200,Lafayette-West Lafayette MSA,Conexus,559.3802648386,3607.971016914512,5730.216236184558,25126.503912460455,24822.075887389736,24683.847350107455,20155.158683587902,4736.528977407772
2021,00,34620,Muncie MSA,Conexus,132.547238976528,682.8007801006361,886.2984758141116,3966.234127499598,4436.529194855672,5717.6073516507795,5619.219320252872,1592.46275350776
2022,0,00000,United States,Conexus,773335.4504263889,3191637.7619685926,4603180.01096564,20338559.68706089,21369454.658385202,21712714.44988445,19533398.131910365,6075849.824255458
2023,00,18020,Columbus MSA,Conexus,258.11292697457594,1986.298526979528,3689.0739859568484,20297.65525858934,22178.543455000286,19648.8468489137,15655.517922985471,4582.562053285169
2022,00,21780,Evansville MSA,Conexus,1194.9137150512036,4013.904797973832,5813.135856299071,24183.326956466968,26672.47355080785,25909.560703775212,24226.628503022475,6583.592891541341
2023,00,21140,Elkhart-Goshen MSA,Conexus,4075.5957331457744,12646.147963489177,17537.18912273821,67734.2115390918,67883.29167950651,62979.442978629486,50510.89054346734,18517.363703749925
2020,00,45460,Terre Haute MSA,Conexus,272.744766464144,1150.2141333091042,1834.881211901436,9181.125668229646,10581.044693039228,12143.456048920436,11294.064008019819,2449.069998317328
2019,00,26900,Indianapolis-Carmel-Greenwood MSA,Conexus,6116.1316197215465,25790.994955820566,37702.80644375651,167236.50111359276,183749.64598908753,195661.52932460813,160219.00523184062,38262.83514332825
2020,00,23060,Fort Wayne MSA,Conexus,1273.360103219748,6144.3116588240255,9312.715467579397,40317.5592548837,45216.666109064536,49810.89963765466,45847.88854875183,10886.68619361216
2019,00,29020,Kokomo MSA,Conexus,143.23384418360402,706.3092914492402,1520.1812937946443,9263.969375057288,9487.246812957157,15105.948626811145,13007.859632470689,2085.0784679361714
2021,00,17140,Cincinnati MSA,Conexus,7390.867304234853,32596.865869194393,43804.66543927985,184799.4619286644,193443.20268312734,192207.53843314998,178627.2352863633,44769.11754117618
2022,00,45460,Terre Haute MSA,Conexus,439.839514287604,1885.2053774906394,2367.4328315966245,10163.05553768175,10976.3106555023,12864.249192207684,11601.877705751334,3060.0233939493232
2023,00,21780,Evansville MSA,Conexus,1206.7513588508036,3941.841716270891,5893.271279721666,24208.17742595788,26368.692013253665,25448.550729881586,23319.632251638268,6967.599510235567
2022,00,17140,Cincinnati MSA,Conexus,7635.654188349631,33717.79317635057,46819.830761907295,192064.93938041152,201156.3060437794,194949.6564371468,180495.3353542003,48753.70964087873
2022,00,23060,Fort Wayne MSA,Conexus,2193.869347421831,8246.438198892898,11612.776253076934,46816.296401187006,50272.82481307635,53581.073288545165,48189.69844390784,12920.262696888862
2022,00,43780,South Bend-Mishawaka MSA,Conexus,958.0750571757037,3211.044016803384,4376.245273220823,18704.332604628413,21058.759811776345,22811.853938821423,22935.649570125686,7585.319871106648
2022,00,29020,Kokomo MSA,Conexus,138.23512876924,601.2685915570721,1038.4665045012243,7244.77275041052,7969.876296423071,12375.114397894959,11277.158640850725,2243.6183859097673
2020,00,17140,Cincinnati MSA,Conexus,5850.365693722679,27901.75996324497,39510.72985728402,174358.34273330824,184350.98128685073,190517.76723538255,177098.18999762743,41769.33906504653
2019,00,17140,Cincinnati MSA,Conexus,5665.135603306367,27812.00294421812,40670.654959625695,179928.66954711793,187086.12886802983,200901.35499622088,182086.84772733945,42113.5362335295
2023,00,43780,South Bend-Mishawaka MSA,Conexus,876.8805881693482,3077.9948103789607,4546.594850831389,18829.23997634642,20753.269660874885,22703.59448445964,22040.496914124215,7869.15134548057
2020,00,16980,Chicago-Naperville-Elgin MSA,Conexus,18719.6936890155,73394.1069133668,125477.39342338203,611714.8452914658,679702.0799894638,740778.8928152148,669248.0557221135,209779.86571366683
2019,00,18020,Columbus MSA,Conexus,352.92891327662,1994.2969670716564,4188.150771472529,22315.175523123293,21441.27709138722,20287.90908549128,15983.168104690314,4099.374874968832
2021,00,21140,Elkhart-Goshen MSA,Conexus,6402.839026659229,18074.98740458298,21115.410654160583,76409.0958858135,73001.57102712542,66135.21456158126,51985.16225204449,17113.846380844207
2019,00,29200,Lafayette-West Lafayette MSA,Conexus,303.546035733588,2756.818260583496,4925.233974413399,22430.67485755615,23044.900363240624,25222.733686864987,19470.728913127445,3666.630235453535
2021,00,14020,Bloomington MSA,Conexus,308.41828617891593,2170.4325376293723,3536.2529108520644,13258.701629987978,10898.064275834397,10740.18231880857,9777.443737321584,2565.1508581204603
2020,00,21780,Evansville MSA,Conexus,919.37380453246,3150.3159349494395,4626.8084118259385,22565.577273130984,24121.314222236517,25078.32041164063,24822.051585221245,5750.633033493503
2021,00,45460,Terre Haute MSA,Conexus,395.52878599691593,1448.2290044149279,1985.2356806248279,9079.26719178005,10430.05044318201,12145.726422656799,11406.418960677755,2790.952257499711
2023,0,00000,United States,Conexus,747121.457817302,3117476.2388354014,4618084.872199004,20451385.817883346,21718156.120298598,21640451.153716892,19489769.091556143,6470534.825968393
2023,00,34620,Muncie MSA,Conexus,116.72727030342799,798.620787122232,1031.8520392605963,4170.404937555682,4915.717657058543,5937.331702274763,5874.319880744641,1754.3606307658074
2022,00,16980,Chicago-Naperville-Elgin MSA,Conexus,24576.58190799096,97708.2653667541,144044.10579515403,649692.3566394775,696958.1825276286,746434.4213629457,677973.9543846772,238337.0251026246
2019,00,16980,Chicago-Naperville-Elgin MSA,Conexus,18526.101084081638,75885.56834231735,132583.63363065888,632494.9670737947,699247.6645547347,771357.3577814583,686639.5334687517,209443.03881336132
2023,00,29020,Kokomo MSA,Conexus,101.84205595673599,563.464169971928,931.197989397552,6948.305733457958,8157.30621420094,12532.193711177817,11802.087335124756,2714.6286323897316
2023,00,33140,Michigan City-La Porte MSA,Conexus,286.28673324109207,1575.00115495988,2169.607114129872,9614.265009969082,10045.715034720333,10903.279527173006,10037.832256591317,3046.0126676614595
2021,00,29020,Kokomo MSA,Conexus,120.38711169464798,706.6687800781281,975.500039392188,7984.123657835302,7993.535352606669,13232.636658201003,12157.38556533203,2254.4707874619644
2021,00,23060,Fort Wayne MSA,Conexus,1674.3642372446157,7033.426203210764,10351.954631610604,43076.34201184567,47367.31946732011,51187.343731637855,47105.10698261514,11716.415917548102
2021,00,33140,Michigan City-La Porte MSA,Conexus,279.6629812295239,1357.19378908516,2040.803248085836,8739.601277014968,9156.468258616129,10047.031381149842,9414.987095339062,2621.8226508347593
2019,00,21140,Elkhart-Goshen MSA,Conexus,4215.36711266112,13818.31603770771,17806.63553551366,68864.0242561102,68241.97069534384,63750.91009509766,48975.63546210293,14909.897244184931
2020,00,14020,Bloomington MSA,Conexus,223.30533993804,1564.1615548489,3084.976412329324,11558.8340556952,10092.07297579456,9663.463915721122,8843.136209778157,2187.0313127155882
2023,00,26900,Indianapolis-Carmel-Greenwood MSA,Conexus,9917.085705916199,35279.17339642355,48840.551013501565,195416.3851856153,206466.82428912673,204762.92631151978,169223.38224822894,50611.41890962069
2021,00,16980,Chicago-Naperville-Elgin MSA,Conexus,24045.154127447495,86709.04194337736,132135.53217019935,617509.104133711,678984.7687719241,735164.8744300767,672317.0614869078,220543.8591558393
2023,00,23060,Fort Wayne MSA,Conexus,2450.710070034344,8629.142587648263,11889.187985438659,48481.197095273965,50793.97425115595,53807.28778930141,47667.357533354916,13987.049483691322
2020,00,21140,Elkhart-Goshen MSA,Conexus,4279.098071310785,12973.644153971014,16495.163137399166,63803.872020248156,63957.76979570335,59138.55886843842,47059.26128725295,14732.1627718543
2019,00,14020,Bloomington MSA,Conexus,252.85546011399202,1807.939260224908,3195.4188433264726,11264.643120342835,9837.819708434823,9558.828139734977,8871.945512138422,2115.1971479826084
2022,00,26900,Indianapolis-Carmel-Greenwood MSA,Conexus,9661.873532700414,35893.77100759084,47812.586606216544,187506.19122968186,200116.46015424334,201921.99734283125,166998.78807982817,46353.914951190236
2023,18,00000,Indiana,Conexus,36009.59111348105,120547.93940208806,168287.70177036227,698929.4527090504,736680.7570642234,755499.1861594539,652474.378092742,196998.4889487669
2022,00,18020,Columbus MSA,Conexus,363.974119779096,1919.6711093876922,3666.073035468021,20201.842765971982,21205.08340957451,19462.134222098364,15538.956527868573,4226.271099927689
2021,00,18020,Columbus MSA,Conexus,226.03712656649196,1635.7620074352517,3237.930785862564,19370.730885384437,20289.275093902983,18969.865629160653,15229.17530529367,4180.636566496444
2020,00,43780,South Bend-Mishawaka MSA,Conexus,739.548750074048,3110.0012979103194,4077.3756364865244,18133.98759403498,20797.588589068942,23211.644041299733,23269.165664433844,6567.5560917778685
2021,00,43780,South Bend-Mishawaka MSA,Conexus,922.476965405616,3388.7095995031395,4368.354433414251,17906.317550573116,20908.914603900994,22891.828451871108,23117.91871753137,7162.1645268168695
2023,00,17140,Cincinnati MSA,Conexus,7100.293719033138,31893.86315058885,47148.96654321535,194660.35804546016,205215.6397816145,196006.6615658872,181146.83219727667,53226.85025265955
2020,00,26900,Indianapolis-Carmel-Greenwood MSA,Conexus,7275.460670512014,29138.111753200745,38664.64038181678,165280.60480999234,181224.2649679995,188651.4564018796,157483.38721685414,38661.426775950895
2019,00,23060,Fort Wayne MSA,Conexus,1227.6976614249559,6583.001875398205,9774.335728739075,43454.528744527284,48085.265457041045,54152.31932000449,49255.74217701359,11387.687429795855
2023,00,14020,Bloomington MSA,Conexus,259.9403791459719,2017.9592383519196,3419.57760676746,14189.764369925457,11787.402445469601,11347.70139731382,10609.869785552726,2921.813298536133
2021,00,29200,Lafayette-West Lafayette MSA,Conexus,397.00864638952004,2983.7663828245786,4935.931772609671,22471.66381976046,21721.98374034052,23626.719718890447,19080.67330847489,4103.902095705816
2020,00,29200,Lafayette-West Lafayette MSA,Conexus,367.24425384950405,2530.5522399593797,4561.833230265136,21178.90409096894,21296.670898942684,23272.767810837297,18424.130474745914,3789.010807652174
2022,18,00000,Indiana,Conexus,39155.27822759671,128263.82930573232,171499.37166091386,698496.6951141333,732111.9154811916,759166.2755162893,657411.2853114088,185449.09124981484
2019,18,00000,Indiana,Conexus,27658.771026043727,104857.12391885572,152224.46971391176,658562.6081110598,707070.1979566803,765111.0817454715,657171.3212181181,157472.48265768704
2021,0,00000,United States,Conexus,731292.9992919991,2917904.5117002944,4235171.612265309,19171389.19271179,20353965.61951529,21108403.303923085,19070663.91075904,5550345.858776799
2021,00,26900,Indianapolis-Carmel-Greenwood MSA,Conexus,8985.383792797138,33371.39295157721,42822.471781249595,173122.9686875502,186981.39149762495,193005.36745710694,162376.084428716,41990.535013477
2020,00,18020,Columbus MSA,Conexus,263.186946391232,1548.1805912856914,3499.6154039954404,20142.44216615874,19896.357127883886,18745.64905541312,15216.363258440508,4100.201404399324
2022,00,14020,Bloomington MSA,Conexus,349.13980507190405,2882.6617409864884,3996.688057289193,15179.772711236516,12361.147765731488,11868.177428838051,10683.009191718995,2857.558564514457
2020,00,31140,Louisville/Jefferson County MSA,Conexus,7086.491476634255,31333.707208318297,34988.24741782778,135505.1550707389,140534.29606243467,154240.78237453708,127176.38961755169,26550.011441782444
2023,00,45460,Terre Haute MSA,Conexus,466.23828549258405,2019.381368007304,2596.3414857718876,10235.128548190209,11361.05654946254,13029.155777900583,11591.46498305056,3098.7027223031364
2021,18,00000,Indiana,Conexus,35708.8626854273,119432.05121571549,158376.58161021888,659368.8783357326,699589.4147798296,732199.1031036766,645359.1598034032,173151.66397441988
2023,00,31140,Louisville/Jefferson County MSA,Conexus,6611.4717847821,32940.30918934792,39940.18450648321,151171.38252727242,155231.98856058446,162106.06707162247,135116.31696477093,34484.95496340809
2019,00,45460,Terre Haute MSA,Conexus,269.968167459396,1325.56893005308,2080.9017402799154,9689.038817849048,11638.686079441411,12838.917849081956,12053.199727104973,2442.2720478753117
2019,00,34620,Muncie MSA,Conexus,140.21452587776798,710.2190991197681,1084.9724234363277,4549.185780331979,5039.743325568179,6392.898425170403,5956.58889677184,1533.0044380528602
2020,18,00000,Indiana,Conexus,27325.38421850174,102700.41378209538,145750.9074023546,628926.6618964192,676657.2739164408,718447.641594797,632802.7057920357,159104.77764676022
2021,00,21780,Evansville MSA,Conexus,1320.2497397950838,3809.6029108650987,5269.443714034147,23043.221545074193,25298.43495044438,24760.924766424,24394.93245690335,6113.687445743205
2020,00,34620,Muncie MSA,Conexus,89.29530569221599,572.1527227169439,822.6141161451399,4035.917665245489,4464.849170988379,5772.814034148497,5592.297715447624,1468.9360217174515
2022,00,34620,Muncie MSA,Conexus,189.15023012119192,749.87610194402,973.67492404006,4064.401066020051,4678.840004407448,5697.552181258701,5728.52953156639,1643.9806551275433
2019,00,33140,Michigan City-La Porte MSA,Conexus,200.35983135803997,1290.8632175440205,1919.4805744049522,8718.815302166218,9475.183512090938,10754.549121104033,9545.928716510985,2440.2782297338367
2022,00,33140,Michigan City-La Porte MSA,Conexus,281.928590488432,1532.6721032062283,2145.9448016538195,9111.784227611444,9621.957036106152,10459.421628981792,9803.243831523123,2838.602039381553
2023,00,16980,Chicago-Naperville-Elgin MSA,Conexus,24531.690673290486,98464.74628331511,147088.50962036126,659787.6615008079,706445.2389060195,748989.4626771334,679110.3428801358,255035.7895267722
2019,00,31140,Louisville/Jefferson County MSA,Conexus,7036.381021020419,29716.63839241834,35313.73070996671,136854.30563698575,142702.57265999942,161218.7956119784,129406.51713314778,26642.52357329684
2020,0,00000,United States,Conexus,581327.9648960171,2503594.4497550777,3927289.372253932,18611230.118432555,19776344.133568615,20965442.498473093,18752732.800689954,5178943.504679466
2022,00,29200,Lafayette-West Lafayette MSA,Conexus,635.6394142383681,3296.779427204659,5334.761797750762,23822.182331325545,23561.051726690275,23816.552721749984,19291.407797988843,4347.834103924404
2020,00,33140,Michigan City-La Porte MSA,Conexus,215.480139917856,1196.1534004736195,1928.1162693523245,8650.92251978289,9089.718038821518,10037.760084602382,9077.756847533274,2501.7775177988997
2022,00,21140,Elkhart-Goshen MSA,Conexus,6293.933574293715,18276.815098936924,22381.417794437722,79758.57811987764,75724.51929732779,68072.4068852836,54107.5266701006,18961.38323785799
2020,00,29020,Kokomo MSA,Conexus,100.661939103756,735.0666491078323,1194.0076531079003,8796.58647602225,8876.07889661831,14561.714107393647,13141.437461984755,2268.721162567727
2019,00,21780,Evansville MSA,Conexus,840.161714410044,3424.916996006488,5032.553247210338,23149.348842504853,25303.665254954725,26894.555706443993,25766.802526266434,5915.222001260752
2019,00,43780,South Bend-Mishawaka MSA,Conexus,784.2056520790959,3242.6198438487468,4314.651520470081,19552.057829472942,22124.26024261409,24897.330675850237,25052.169316310417,6765.806039684091
2019,0,00000,United States,Conexus,541956.0270183798,2473334.770719665,4061982.3095793803,19165693.945897665,20312956.256034836,22036696.63190243,19300898.69761411,5174867.03496875
2021,00,31140,Louisville/Jefferson County MSA,Conexus,7768.899329115975,34065.81174173349,36983.52125057289,140621.42087228273,144631.12437403115,157112.82353347528,129924.89301169425,28677.65121253264
2022,00,31140,Louisville/Jefferson County MSA,TechPoint,152.29448849082002,1021.3417005107189,2659.643220765978,15074.6912832288,16653.957334987357,12129.784786474587,7917.144938269127,1879.4075026124428
2022,0,00000,United States,TechPoint,31448.191679128682,198689.44935669872,703681.5574089721,4589969.569236212,4730248.45724319,4096983.6365692797,2951660.6305944,810925.9699812602
2021,00,34620,Muncie MSA,TechPoint,0.0,64.03219794666,207.23451889980603,812.145486006903,774.014747123709,836.811754817022,646.2185046418591,151.835801231229
2023,00,29200,Lafayette-West Lafayette MSA,TechPoint,35.159439898329,253.20335459673,309.200225655345,1227.0195102926486,1172.2670570618372,1055.938452281643,769.1029125370769,192.254669785959
2022,00,21780,Evansville MSA,TechPoint,6.362777644479,70.00429472802901,285.92135875836004,1420.8794384565872,1678.3183389288515,1510.503636381357,1227.1746729863312,308.80271820834906
2023,00,18020,Columbus MSA,TechPoint,9.352188385827,39.774021262983,70.892024800878,807.695563067865,635.0815664751509,477.93385186443,353.73661257142487,90.71383446736799
2020,00,23060,Fort Wayne MSA,TechPoint,20.996537264208,224.89789735874996,635.062002191994,3236.0247029884436,4294.680735290127,4064.5810496474783,4310.139610299765,822.058561667283
2019,00,26900,Indianapolis-Carmel-Greenwood MSA,TechPoint,220.916863256424,1229.4365817790947,4514.325654046461,25382.359993945178,26281.94429456729,21505.41122548975,14944.54154550855,3218.9681492810555
2020,00,45460,Terre Haute MSA,TechPoint,2.228192197791,21.410428290960002,42.799029601605,314.22491733276894,399.49372301098197,453.1299048147209,400.172349262965,87.48863153267399
2023,00,21140,Elkhart-Goshen MSA,TechPoint,50.449728060573,104.326353126726,128.29452514493101,643.4559467367031,735.0589660057561,913.5801045221278,772.273833796917,327.506625355146
2022,00,17140,Cincinnati MSA,TechPoint,136.667196191871,1363.0629085824871,3676.879611613996,20856.70292853492,22233.41809076435,19082.702540311693,14609.645007312933,3414.1168050104848
2023,00,21780,Evansville MSA,TechPoint,19.156307536992003,75.778139499081,245.00884345400704,1381.030357760754,1606.8636159305252,1484.1459427145912,1103.972736238554,313.7805331185
2022,00,23060,Fort Wayne MSA,TechPoint,30.118484121494998,286.709428731456,751.4262026130122,3415.4242201245174,4370.143235027076,4264.777556777424,4423.729548954519,1023.2038973378371
2021,00,17140,Cincinnati MSA,TechPoint,124.417627109766,1290.090628251564,3726.6485605303405,20612.010195314968,21686.357170747833,19094.979424729885,14726.160927301637,3159.906154501575
2019,00,29020,Kokomo MSA,TechPoint,0.0,4.0725095864880005,18.292524884541002,142.02589389235504,172.46704655091,168.477486146088,126.167809921482,38.269561146122996
2022,00,45460,Terre Haute MSA,TechPoint,8.68856117058,23.48941710906,61.49689645560001,259.764473344629,346.20363378205207,342.06868225400996,349.76857104033303,101.87069901291001
2022,00,43780,South Bend-Mishawaka MSA,TechPoint,25.722399731454004,281.97278773082394,464.478322633572,1883.15472707571,1967.92511837529,2033.608842161631,1588.1916512518624,433.4396682159031
2022,00,29020,Kokomo MSA,TechPoint,0.0,6.6788718081119995,22.980033491586003,131.76520953834898,192.07082535719104,197.08402035346592,116.7332908981959,33.76763760820499
2020,00,17140,Cincinnati MSA,TechPoint,162.36238780826702,1343.4113600822907,3721.132302464716,20260.172457011115,21613.801116703235,18846.229087146505,14389.75096548573,2926.9040942232327
2023,00,43780,South Bend-Mishawaka MSA,TechPoint,20.249807564967,189.40054569743097,351.31634363126096,1784.8930296483031,2070.0294672546897,2148.2452892675165,1614.1523476941206,455.814932501016
2020,00,16980,Chicago-Naperville-Elgin MSA,TechPoint,640.4088578752919,3530.237569372651,17985.940852067222,118388.118342921,117772.5987985623,102416.68566252063,75404.3702200071,18826.683283623206
2019,00,17140,Cincinnati MSA,TechPoint,116.58748730162398,1376.0617159018855,3875.276910564834,20402.90487422312,21335.622168349535,19028.289458116516,14058.321841187504,2751.5524165616703
2019,00,18020,Columbus MSA,TechPoint,2.4465904503030003,37.904132744289,95.21014933947899,945.7503599042041,771.4340397377069,491.5995556474587,394.91931108227095,143.53553923407
2021,00,21140,Elkhart-Goshen MSA,TechPoint,58.768734470427,93.34128476162701,118.30662351609001,577.223093833572,648.5811271099589,793.5628781073299,732.763415366868,291.40989226214396
2019,00,29200,Lafayette-West Lafayette MSA,TechPoint,14.211930872457,235.16603314113001,210.151919588517,776.8170669391529,934.7058161014829,807.554370657885,555.94391805177,126.43830261864001
2020,00,21780,Evansville MSA,TechPoint,0.0,103.79835366611701,330.828669837411,1671.7625632158629,1892.9373150423867,1580.0834753239171,1269.4399936777322,241.37432639405998
2023,00,34620,Muncie MSA,TechPoint,0.0,45.768820159776,182.087387229855,706.014845610498,743.4727290280589,756.294035540277,606.876584104191,111.149145991005
2021,00,14020,Bloomington MSA,TechPoint,0.0,59.01487011019799,170.205160589184,962.203148313795,823.9516991550058,952.916120402763,589.258111408833,202.11636641026197
2021,00,45460,Terre Haute MSA,TechPoint,9.77903794188,17.570032528482002,58.69956336729601,308.3130251421869,372.0305375557769,387.018622050108,354.644483486229,94.915863908775
2023,0,00000,United States,TechPoint,29794.02708760944,191237.8218033738,666217.193160444,4566787.86219378,4788810.09374652,4088621.64779715,2936723.0452666203,867382.0234453351
2019,00,16980,Chicago-Naperville-Elgin MSA,TechPoint,796.9568683720531,4335.586749689341,19303.41780948994,122332.58689595106,120417.03324670214,105873.89952017597,76297.52335709646,18638.76473144073
2023,00,29020,Kokomo MSA,TechPoint,0.0,7.589481941676,26.484845001929997,159.332462467167,200.31466842642297,217.515888203202,154.407833153634,47.928359724920995
2022,00,16980,Chicago-Naperville-Elgin MSA,TechPoint,1026.085679000565,4079.5885325832296,17389.953785780883,117775.18005784384,116250.61038762063,101251.91455252028,74436.11684644013,21135.01998123744
2023,00,33140,Michigan City-La Porte MSA,TechPoint,0.0,12.219619135760999,22.77369260694,166.48835440076698,170.13890635995898,174.37252198202998,139.119552198909,52.543719160608006
2021,00,33140,Michigan City-La Porte MSA,TechPoint,0.0,21.23280331413,21.494028147696003,153.02872187038798,183.36109852982997,164.26152442104,155.962181066322,62.51744924947801
2021,00,23060,Fort Wayne MSA,TechPoint,12.700820409372001,248.33297532497704,709.178356727616,3233.5619155591503,4453.290871430829,4182.21089978706,4361.562774629368,972.3649307239589
2019,00,21140,Elkhart-Goshen MSA,TechPoint,31.060095885609,107.527414184811,149.246116079913,664.380748144635,667.414897391193,848.2451680983781,844.9924506758127,297.027787256862
2021,00,29020,Kokomo MSA,TechPoint,0.0,6.415239602739001,24.406069182516,128.852289203862,183.958755015279,209.88761590000502,125.66715967443302,40.422357621366
2023,00,23060,Fort Wayne MSA,TechPoint,30.626811503625,313.124747927412,764.6270937040109,3460.2816575801226,4089.7984778422588,4113.176465961712,3898.804437970029,1003.8824846016241
2020,00,14020,Bloomington MSA,TechPoint,1.711679314473,49.43028868519501,169.913096247744,923.5264542316621,919.87440193128,993.0444199943339,628.925682197208,206.962640493177
2023,00,26900,Indianapolis-Carmel-Greenwood MSA,TechPoint,174.615867913713,1133.560509481218,4055.1510276477325,24932.811509612187,28275.95808469989,22836.13529376457,16168.27337573838,4270.733752542387
2021,00,16980,Chicago-Naperville-Elgin MSA,TechPoint,852.932705376105,3624.586890519271,17013.92256834099,114202.27216098795,114101.81117829288,100938.44008213186,74430.41097720842,19697.68949159925
2020,00,21140,Elkhart-Goshen MSA,TechPoint,37.276656710279994,75.96784620061197,136.015027374093,613.9793495638801,656.5747627786019,764.3422384198259,750.4691023899932,274.31035139633707
2022,00,26900,Indianapolis-Carmel-Greenwood MSA,TechPoint,197.357809517898,1201.1634390490708,4618.950615778391,25924.454077260172,28119.368988857485,22795.65026068935,15670.002707278412,3799.2977361583894
2019,00,14020,Bloomington MSA,TechPoint,2.043900602607,54.950845274532,183.46818082774797,1017.1512964946911,1039.685903521746,992.3450182734689,659.3122029042661,212.996105401308
2023,18,00000,Indiana,TechPoint,546.538727180811,3437.9380254252574,9039.928388918495,52075.545142781964,58191.52992432268,50223.19801512283,37570.630278031625,10079.66750026821
2022,00,18020,Columbus MSA,TechPoint,0.0,24.85748064744,109.08998174383801,762.9368953555438,626.900017757541,453.8166343203901,341.51934921647995,83.56933115826001
2021,00,18020,Columbus MSA,TechPoint,2.652996521514,21.101679905448,114.76689943634402,790.8758672363518,625.993218235131,464.5801590973619,370.108580281764,126.69177220545001
2021,00,43780,South Bend-Mishawaka MSA,TechPoint,27.300234777363,171.62025695434195,332.66923014591606,1502.2522339330167,1641.7878565521064,1745.2442137116263,1447.2402693458218,379.371475327821
2020,00,43780,South Bend-Mishawaka MSA,TechPoint,14.457544142151002,133.178968584855,309.334669820796,1400.7056084474132,1612.466905179009,1635.3560355022887,1386.2710524934978,346.023912006318
2023,00,17140,Cincinnati MSA,TechPoint,116.38346266771501,1355.3826407294969,3535.7996078165456,20176.179119967117,21951.6829706701,18647.85712482854,14298.665092275463,3505.13821305849
2020,00,26900,Indianapolis-Carmel-Greenwood MSA,TechPoint,189.31438448641498,1186.517250069039,4395.399254745257,24706.764643343435,26292.952751135075,21259.96992885757,15435.649963761258,3375.6784440649735
2019,00,23060,Fort Wayne MSA,TechPoint,30.300551208945002,311.69455452251395,621.8449254056279,3262.619121072096,4465.5921480195,4262.11573162239,4580.390617593058,790.1321686395601
2021,00,29200,Lafayette-West Lafayette MSA,TechPoint,18.756887946189003,290.454765794934,320.834770593957,966.107474057052,1110.8913474387061,930.1705228671808,629.2546703331541,141.55674584444398
2023,00,14020,Bloomington MSA,TechPoint,2.882720803542,76.70317221513899,160.96041049218002,876.4811099142302,813.9131692605599,874.8460657813589,617.974681778484,159.85036844109302
2022,18,00000,Indiana,TechPoint,602.493758013369,3929.2753878029407,10256.026824907036,52159.98118438435,57629.20332380745,49312.856959185665,37456.7795284844,9238.806609732725
2020,00,29200,Lafayette-West Lafayette MSA,TechPoint,23.69774926383,226.671282509373,263.316036383304,825.25185933207,1033.581013694523,832.556847060831,585.5952948737729,144.88607814469802
2019,18,00000,Indiana,TechPoint,496.71435816574797,3364.3781728405797,9058.385565590252,48058.38171632847,51811.99171121457,45579.598089149404,36059.6244263787,8194.941224677981
2021,00,26900,Indianapolis-Carmel-Greenwood MSA,TechPoint,231.72629447731197,1264.989237909174,4443.723721856735,25182.173449670376,27163.10385835102,22311.319411284087,15973.785880970116,3610.457840547594
2021,0,00000,United States,TechPoint,28724.399249392838,175893.9214203564,642000.6905837101,4223057.3315226305,4447952.502006479,3920297.8726629303,2853011.1681971406,724002.7355108039
2020,00,18020,Columbus MSA,TechPoint,0.0,35.14785575242799,82.82139940536301,940.9842240603989,805.0682777164529,520.99033331973,419.772799883727,138.5850514476
2023,00,45460,Terre Haute MSA,TechPoint,3.4146984464040004,69.597172649574,67.40262959549699,362.9619526353301,385.87039007816395,359.66981979054003,316.182786491877,104.574883202046
2022,00,14020,Bloomington MSA,TechPoint,11.969782622610001,82.49471704152299,174.591066748983,922.11433234851,816.853425339387,899.772245287512,594.932475906528,155.40963099059698
2020,00,31140,Louisville/Jefferson County MSA,TechPoint,126.29265102771299,1023.1824557498791,2548.7389964595,14407.789071556148,15281.203297112828,11081.81432571729,7785.56843483085,1687.0804148059083
2021,18,00000,Indiana,TechPoint,571.291029370824,3580.0103111605977,9331.994193682254,48927.434491936656,54136.08399622222,46572.813184344384,36820.17969737565,8862.331378222289
2023,00,31140,Louisville/Jefferson County MSA,TechPoint,156.80557606109696,984.5991892865638,2368.200383718615,14557.362220965993,16089.172629947945,12061.577078936465,7609.027362137948,1922.0704568057643
2019,00,45460,Terre Haute MSA,TechPoint,2.449030536645,30.971983751364004,49.59905060887201,343.388417594787,450.5532979122541,537.8067044688329,491.45784356653803,97.26214175523
2021,00,21780,Evansville MSA,TechPoint,12.172301927121001,87.962968980114,328.10808699684,1393.4461133507518,1748.622424735257,1523.81833842039,1231.0641690398309,300.02252510968503
2020,18,00000,Indiana,TechPoint,379.533361640265,3316.194443837976,8986.099204589837,46671.62962836153,52618.75861654436,45018.357615548884,35614.1690443696,8244.33415416179
2019,00,34620,Muncie MSA,TechPoint,1.5330961044059999,98.24586031206898,226.75771634288998,698.3545859275711,737.122239606075,880.2299484745379,640.6918134750122,140.61623084412898
2019,00,33140,Michigan City-La Porte MSA,TechPoint,1.5994278658319998,24.329030143887,41.029073103252,146.13297578547,183.397573278723,205.277821686171,191.20287181563,57.74669079280502
2020,00,34620,Muncie MSA,TechPoint,4.809278276874,62.357599701,261.878908101405,740.423915547144,766.5135033495212,889.9547214413401,661.487659772583,158.464461723852
2022,00,33140,Michigan City-La Porte MSA,TechPoint,7.02580797189,25.57165086588,32.899254355686,173.07504188775,168.395251591419,171.31535715372002,141.081872395902,50.78946138412199
2023,00,16980,Chicago-Naperville-Elgin MSA,TechPoint,1147.20498376341,4171.20609739614,15273.525999790385,111484.31784062987,113185.84802148843,98769.07866423643,72908.23824825326,22339.631665957415
2022,00,34620,Muncie MSA,TechPoint,0.0,74.25585798611999,186.86155745988899,785.0563707203341,774.8183546768249,817.559081645925,647.456765848341,135.19072645967998
2020,00,33140,Michigan City-La Porte MSA,TechPoint,0.0,51.52254289294501,43.02567410631,131.683654050933,153.761713366494,166.102086804885,157.897499793978,49.852817758727994
2020,0,00000,United States,TechPoint,23680.942372221183,165808.71279819356,643902.1090941989,4131658.5476030693,4325497.63233054,3825859.64845863,2782531.0547569795,667669.6603429499
2019,00,31140,Louisville/Jefferson County MSA,TechPoint,183.46795575808798,1102.027118829963,2539.176093985464,14946.699105525759,15390.073653261237,11195.994826631291,7997.611244739733,1646.4745665045302
2022,00,29200,Lafayette-West Lafayette MSA,TechPoint,38.075999911080004,259.559542183668,309.326219165943,1156.1725488057123,1151.7600034507618,1070.8112318337899,732.5118211435381,184.67954817744
2022,00,21140,Elkhart-Goshen MSA,TechPoint,77.43453974254203,110.43246019349398,145.472323292943,594.85356285966,700.418410807851,928.775600385312,727.3089200111941,320.50501702121693
2019,00,21780,Evansville MSA,TechPoint,0.0,73.449364769847,293.440604728026,1390.79457751362,1679.36202780255,1436.291618148324,1234.219991018631,248.59732928625897
2020,00,29020,Kokomo MSA,TechPoint,0.0,4.503230661534,21.556437808271998,124.12873481994599,172.77346511506204,188.78063443950902,126.69552383679601,26.069347865244005
2019,00,43780,South Bend-Mishawaka MSA,TechPoint,16.965535914945,174.684189326016,301.1399468397,1535.0499850801918,1698.4377475757765,1668.9659473242743,1424.4076043838331,334.51803691544404
2019,0,00000,United States,TechPoint,26213.05025048178,189163.956437616,666707.0344147561,4131516.7685348387,4301513.809853968,3832588.0186419296,2775340.5602702405,635925.5227347566
2021,00,31140,Louisville/Jefferson County MSA,TechPoint,135.19872407030698,945.9934779796259,2606.9892552777933,14371.252256863396,15645.584966490815,11316.803645549313,7789.135590578219,1709.7845672552676
2022,00,31140,Louisville/Jefferson County MSA,Advanced and Traded Industries,6852.8370592307465,30163.53777605066,39168.07743459334,164766.1427239801,175216.93931160987,172322.38373449454,138177.54770262606,35885.17515425941
2022,00,21780,Evansville MSA,Advanced and Traded Industries,1057.2146561358481,3768.7952632336187,6003.005903937744,25588.119008915764,28088.56037586385,26580.439278818594,24314.194666012903,6756.754349891008
2023,00,18020,Columbus MSA,Advanced and Traded Industries,235.74384558654293,1687.801343800356,3141.1818454571853,17612.893602440738,18891.176969394495,16729.809473321504,13374.080038662172,4017.155464881875
2021,00,34620,Muncie MSA,Advanced and Traded Industries,125.72792327080799,821.3149393473388,1296.666546315546,5302.81108613783,5575.226639886198,6611.745891195786,6193.461783793302,1688.778247483077
2022,0,00000,United States,Advanced and Traded Industries,822412.352132494,3318808.9515312905,5941663.180462327,28704899.59415149,29819917.681275237,28134462.227283124,23744487.279710494,7560678.697489336
2023,00,29200,Lafayette-West Lafayette MSA,Advanced and Traded Industries,580.268165136816,3113.5527058961075,5178.84645509351,22352.217445525377,22263.46203484672,21673.669775047085,17490.95888187701,4392.134261031213
2020,00,45460,Terre Haute MSA,Advanced and Traded Industries,223.95983761023896,1080.0175180629815,1788.0115956954844,8588.18283621423,9837.111570509516,11026.820444321957,10232.729474673128,2489.967594608808
2023,00,21140,Elkhart-Goshen MSA,Advanced and Traded Industries,3253.672507561911,10153.273253880841,14122.40820529848,54815.31251309078,54886.89610781393,51002.79665479119,40850.08660619425,14979.169901368345
2020,00,23060,Fort Wayne MSA,Advanced and Traded Industries,1296.2995493178273,5706.512311257906,9601.323088366069,41551.342357833484,45701.65545848261,48524.21656656614,43815.18483615481,10919.862331638571
2019,00,26900,Indianapolis-Carmel-Greenwood MSA,Advanced and Traded Industries,6303.152088308387,25695.669582754508,45043.48463966218,206412.1122898452,223319.60160666707,223852.0748859473,179421.08067335383,44650.54674181004
2022,00,45460,Terre Haute MSA,Advanced and Traded Industries,373.10485526553003,1566.3012995169329,2141.707286425079,9174.517061232636,10049.32683563332,11553.592997075615,10373.925160639848,2923.515399324854
2019,00,29020,Kokomo MSA,Advanced and Traded Industries,121.58405328259798,665.799752506596,1358.251933243245,7731.014792108897,8058.930943775687,12241.771223815134,10773.669998701076,1912.670398735239
2021,00,17140,Cincinnati MSA,Advanced and Traded Industries,7741.990906769843,32290.554832387068,53295.93536844178,239664.38070569868,253617.0842212566,242532.90157856655,212616.7604897235,53709.12844029496
2023,00,21780,Evansville MSA,Advanced and Traded Industries,1082.011311727908,3665.339840003973,6034.986876181498,25711.07975074787,27985.091388116496,26436.619241321325,23586.80921839675,7230.513662315319
2022,00,17140,Cincinnati MSA,Advanced and Traded Industries,8032.780275671454,33540.487299697226,55741.65832058535,246667.4982481083,260053.74769324998,245000.1317930304,213433.1990217713,58025.568315920806
2022,00,23060,Fort Wayne MSA,Advanced and Traded Industries,1970.3035059721255,7349.183302500259,11153.470309311973,47003.81777917308,49920.763357412136,51533.200084932854,45893.13573499882,12726.276173395874
2022,00,43780,South Bend-Mishawaka MSA,Advanced and Traded Industries,1301.1751355635533,3452.174529715221,5080.253909696214,21459.74235039872,23619.153660556625,24548.052665141466,23537.0857663127,7703.804061957802
2022,00,29020,Kokomo MSA,Advanced and Traded Industries,118.78116183638399,575.021906951937,994.7787203821289,6245.408518800034,6862.235786295684,10185.417149484469,9370.554949522215,1988.8603940067537
2020,00,17140,Cincinnati MSA,Advanced and Traded Industries,6203.746899402576,28313.003308180956,49424.19942959751,230972.54814447,244752.594964945,240718.28528179674,210566.94823472342,51020.89587758463
2020,00,16980,Chicago-Naperville-Elgin MSA,Advanced and Traded Industries,19039.424987268536,76023.91064390814,177947.97993411665,898266.0105206915,940165.559181391,926375.2955626092,786480.6626502629,239623.55587177526
2023,00,43780,South Bend-Mishawaka MSA,Advanced and Traded Industries,1124.794102759929,3212.667625017004,4983.084788194056,21068.032511658686,22810.537793005788,23833.3919502835,22054.049451207815,7802.990487392486
2019,00,17140,Cincinnati MSA,Advanced and Traded Industries,6242.663284908477,28959.42387751573,50484.9028801046,235580.92395913947,245160.98380386745,249343.05933555326,214473.06165767252,51571.26494451524
2019,00,18020,Columbus MSA,Advanced and Traded Industries,332.625283884837,1740.0232975532042,3625.4638972045345,19362.599769440814,18459.05070549365,17437.42729258103,13722.800465556566,3598.1626964741595
2019,00,29200,Lafayette-West Lafayette MSA,Advanced and Traded Industries,321.8154418487309,2472.0020751463394,4411.184194122519,19743.38245824404,20449.66945009259,21760.119020897826,17010.494796490562,3473.3123569106333
2021,00,21140,Elkhart-Goshen MSA,Advanced and Traded Industries,5003.236363481679,14227.012390440881,16837.450472494143,61230.35294239995,58470.83419417382,53260.11716131155,41950.83948609409,13812.0263171564
2020,00,21780,Evansville MSA,Advanced and Traded Industries,890.5652006906641,3069.721061230553,4997.987864603192,23943.91157540569,25834.93273766103,25736.45582841428,24556.735813150088,5923.087905072355
2023,0,00000,United States,Advanced and Traded Industries,807099.393589819,3263228.175204629,5911693.388997554,28929703.09623573,30349305.817968212,28226508.770481933,23774160.14240617,8056348.0894715125
2021,00,14020,Bloomington MSA,Advanced and Traded Industries,330.89009386760694,1985.1792318365667,3437.6993262398037,12972.334987420121,10886.946447857108,10564.446540882798,9391.552020157178,2717.394857445495
2023,00,34620,Muncie MSA,Advanced and Traded Industries,134.288449338513,811.2564837666359,1276.5028534366381,5267.717063070592,6046.742943511957,6681.984790785892,6402.97130523333,1820.5931889369867
2021,00,45460,Terre Haute MSA,Advanced and Traded Industries,328.89975921521693,1258.0217855433118,1884.2609124883825,8542.317529667458,9694.738799405632,11008.162142939487,10275.837780384241,2757.4982371854117
2023,00,29020,Kokomo MSA,Advanced and Traded Industries,91.08980721260099,556.4602317481082,924.2847982715309,6063.830952644462,6987.690213907943,10337.314431284429,9743.948688933442,2358.3967184353887
2023,00,33140,Michigan City-La Porte MSA,Advanced and Traded Industries,290.28723202495496,1310.520210049479,1844.8473171231633,8357.55802348978,8623.379013558002,9228.977527577017,8366.874104319282,2596.536722515188
2022,00,16980,Chicago-Naperville-Elgin MSA,Advanced and Traded Industries,24736.192673699745,97329.23320147644,195755.59574321212,934155.642326284,956085.54821902,933539.6409982132,795178.2273203196,271697.4355022117
2019,00,16980,Chicago-Naperville-Elgin MSA,Advanced and Traded Industries,19343.382807160564,81780.18791035323,187900.8797975494,925532.4203064019,960081.8247395349,957232.2479869974,800422.4656944434,239462.67809605572
2021,00,29020,Kokomo MSA,Advanced and Traded Industries,107.328708392379,651.6984042996058,933.4733281213863,6833.007991266367,6909.546684925369,10810.845904244228,10100.108511134831,2020.1817518660337
2021,00,23060,Fort Wayne MSA,Advanced and Traded Industries,1581.0264798516957,6411.610610677153,10321.211172775273,43922.97457536857,47341.95504025834,49473.79403656599,44766.840590436004,11745.223551935598
2021,00,33140,Michigan City-La Porte MSA,Advanced and Traded Industries,251.76292230206403,1160.8127096087342,1766.7232932275463,7557.151112341812,7795.905511841483,8462.356065930735,7889.915499950851,2213.5126052679657
2019,00,21140,Elkhart-Goshen MSA,Advanced and Traded Industries,3315.9555894703985,10858.532373484233,14251.473602685426,55297.071638732414,54809.2716137495,51703.42621075897,40044.47877010178,12255.570050161885
2020,00,14020,Bloomington MSA,Advanced and Traded Industries,264.2707295342701,1560.2575180780857,3103.6052748738625,11762.646704461538,10351.43042951433,9719.855911490116,8650.82480049324,2382.5409093395165
2023,00,23060,Fort Wayne MSA,Advanced and Traded Industries,2156.0755399295485,7684.123560171752,11445.155317499957,48150.32397378993,50056.34338736555,51722.684057767096,45359.295387828395,13636.350590103948
2023,00,26900,Indianapolis-Carmel-Greenwood MSA,Advanced and Traded Industries,9532.481335061724,33130.55343201259,53743.0345319763,235555.88322688383,248998.0902511907,237192.034222109,190194.5319744494,57864.57724262527
2021,00,16980,Chicago-Naperville-Elgin MSA,Advanced and Traded Industries,24033.963053168303,88026.78536015053,182558.4545787901,899255.79192251,936885.3514106714,920884.0392153213,787563.2748238583,252280.88289859417
2019,00,14020,Bloomington MSA,Advanced and Traded Industries,289.4897781254939,1744.410079600416,3028.000392302957,11309.920061357274,10003.15832893044,9462.982223898203,8582.873515772511,2269.2687107147713
2023,18,00000,Indiana,Advanced and Traded Industries,32605.55552212822,108167.07821793402,164086.11886492325,712461.3924239327,748470.1931224219,742496.6071881057,629260.0606313915,194422.8284499239
2022,00,26900,Indianapolis-Carmel-Greenwood MSA,Advanced and Traded Industries,9428.64558467828,33436.073897371454,53844.481818086424,229419.79690585978,242804.1215878262,233999.55923268618,187930.73678048782,53228.6116512778
2020,00,21140,Elkhart-Goshen MSA,Advanced and Traded Industries,3377.0455986855277,10318.219531798231,13304.425263458746,51590.064255454716,51560.66233666933,47934.783259301825,38293.69444384871,11974.026455900941
2022,00,18020,Columbus MSA,Advanced and Traded Industries,320.080167789453,1657.780323528414,3171.4324567873714,17581.782157626574,18043.700867854983,16639.57328984273,13363.191169061589,3713.8087472697875
2021,00,18020,Columbus MSA,Advanced and Traded Industries,227.348327934489,1418.0386353372505,2836.2221785973907,16911.16153904479,17295.203433390732,16296.93800632791,13140.919564450607,3672.762661919226
2020,00,43780,South Bend-Mishawaka MSA,Advanced and Traded Industries,812.2810397666849,3047.573543587189,4654.279560135668,20612.74364193889,23419.722352020694,24754.53728387529,24005.48578054388,6867.784258797466
2021,00,43780,South Bend-Mishawaka MSA,Advanced and Traded Industries,1213.7788254910622,3472.419265131015,5027.6929982821985,20523.058811093826,23438.439876994915,24614.706718406534,24005.08459246691,7420.732085057994
2023,00,17140,Cincinnati MSA,Advanced and Traded Industries,7437.908698831595,32027.708250924003,55923.35034895779,247331.35409158902,262004.294276035,243436.20173750434,212096.3730574703,62092.64423820253
2020,00,26900,Indianapolis-Carmel-Greenwood MSA,Advanced and Traded Industries,7109.047014387169,27781.147168298034,45405.023638173065,204228.84130431563,222412.8918565396,219462.43235688272,177799.3941219082,45233.29252031904
2021,00,29200,Lafayette-West Lafayette MSA,Advanced and Traded Industries,389.3017419670679,2727.586308476204,4566.851989938038,19802.223329341326,19596.19402201426,20642.572750827127,16682.577861611553,3876.5205577226266
2019,00,23060,Fort Wayne MSA,Advanced and Traded Industries,1237.474059981915,6108.67840734296,9969.780605886259,43782.1339495112,47629.31652976902,51616.73527249935,46417.78748775345,11146.91771337974
2023,00,14020,Bloomington MSA,Advanced and Traded Industries,338.0784439833421,1836.6666137240607,3239.27784841983,13595.395380989856,11653.631179824872,11013.867968365465,9991.82530971594,3017.903806512187
2020,00,29200,Lafayette-West Lafayette MSA,Advanced and Traded Industries,367.13503504676703,2328.405094072721,4166.964370769348,18738.22482590791,19272.179417121068,20327.96173019189,16240.22848110314,3605.531016382836
2019,18,00000,Indiana,Advanced and Traded Industries,25336.611632090473,95140.11750596362,149941.9941067026,659458.6735690223,703857.7155328171,735129.5583290015,627045.7939629811,157161.53105430724
2022,18,00000,Indiana,Advanced and Traded Industries,35185.97855695178,113695.64327257949,167754.24515977476,708510.8141424259,739873.1946472002,741683.2674689321,631961.2839165,182283.27821048486
2021,00,26900,Indianapolis-Carmel-Greenwood MSA,Advanced and Traded Industries,8781.234233558549,31353.51803445843,49062.770431502366,212846.40300201706,227925.46962753218,224058.1990924465,182730.6234321969,48680.03772898526
2021,0,00000,United States,Advanced and Traded Industries,774217.3727365943,3024686.8825315335,5492733.1696240995,27012082.131903082,28361287.949923728,27196172.51552267,23122725.651277002,6920255.654678732
2020,00,18020,Columbus MSA,Advanced and Traded Industries,244.033150832604,1361.4634061081133,3075.447988661284,17646.997405504473,17212.08187355311,16239.638765136398,13149.187776539293,3564.048596143289
2020,00,31140,Louisville/Jefferson County MSA,Advanced and Traded Industries,6507.212797381601,27603.794975636934,35936.900597659805,154250.7792249868,163399.90606149018,163923.00645571656,132720.45604315348,29973.716412433
2022,00,14020,Bloomington MSA,Advanced and Traded Industries,388.629546766623,2535.2984208697567,3738.2729786520285,14380.120071405203,11989.328591110603,11391.07406654555,9987.661025792535,2967.97258211316
2023,00,45460,Terre Haute MSA,Advanced and Traded Industries,379.856779244505,1708.5498351728916,2322.6847179320853,9347.561988283418,10357.834545887623,11682.579596174364,10346.550396102477,2943.5535946619966
2023,00,31140,Louisville/Jefferson County MSA,Advanced and Traded Industries,6358.407252651063,28711.29172611312,38852.13513922536,165088.0838733688,175791.23039933958,171657.32728493641,138000.71856985876,37722.217182095286
2021,18,00000,Indiana,Advanced and Traded Industries,31932.09052496698,106208.23987187528,155966.33423325012,666377.9545322492,703367.8854421974,713223.9897269458,620131.0644017523,170897.7867377863
2019,00,45460,Terre Haute MSA,Advanced and Traded Industries,232.51820098367702,1228.0122846218005,2036.6806510493875,9108.613558907065,10648.48136970132,11644.70527788389,10907.970004051753,2498.329588140891
2021,00,21780,Evansville MSA,Advanced and Traded Industries,1153.091691189501,3567.0420045876886,5520.388375189299,24352.41124583262,26851.7099528564,25488.86527467324,24257.615619981152,6283.330495991172
2019,00,34620,Muncie MSA,Advanced and Traded Industries,144.806601086157,968.42674403265,1528.6284455916507,5938.4682550313155,6061.401990587685,7321.758798522683,6535.313745560615,1634.191759085679
2020,18,00000,Indiana,Advanced and Traded Industries,24804.157757184927,93119.37784887508,145341.69192278778,635361.1716067247,683342.7309579105,700195.4829892704,607047.6998793989,157797.04408618528
2020,00,34620,Muncie MSA,Advanced and Traded Industries,96.15806900013601,796.2106231398509,1281.3040398895862,5307.941603311515,5517.566578669481,6682.198643041115,6176.958400362231,1579.3621568898784
2022,00,33140,Michigan City-La Porte MSA,Advanced and Traded Industries,269.368939364751,1254.358726646622,1835.9196588867362,7930.7791690837075,8235.68661457763,8829.002174797342,8167.355693364584,2388.4813367563415
2019,00,33140,Michigan City-La Porte MSA,Advanced and Traded Industries,208.95919511955006,1112.3072393636976,1661.8802626484858,7480.148032346782,8081.498657481696,9048.089780938057,8028.618520011681,2073.8684478889522
2023,00,16980,Chicago-Naperville-Elgin MSA,Advanced and Traded Industries,24723.795980715804,98254.83421929127,195367.19359855275,939384.9477707008,962247.0155036139,934179.7890897663,793326.7535326539,290771.81697708013
2022,00,34620,Muncie MSA,Advanced and Traded Industries,187.324613318154,815.730521564058,1261.641937454802,5259.965504723404,5786.969149637783,6495.393371944693,6235.8005263623,1743.7559292120593
2020,00,33140,Michigan City-La Porte MSA,Advanced and Traded Industries,189.48939706560301,1028.914506831852,1664.0910542492243,7415.405824150763,7714.549091647023,8493.079287640709,7625.7384817009115,2127.1225944522353
2020,0,00000,United States,Advanced and Traded Industries,631143.8513337679,2654503.70414756,5230829.827439877,26312414.60967719,27504013.825055223,26798477.131630875,22650460.111890696,6458019.663404373
2022,00,29200,Lafayette-West Lafayette MSA,Advanced and Traded Industries,649.0824418501319,2916.9304852975174,4922.695018877995,21284.26445707756,21142.489866582946,20938.89232680705,16836.601022599883,4075.536652815573
2019,00,31140,Louisville/Jefferson County MSA,Advanced and Traded Industries,6636.086434961556,26745.17931194301,36058.6557285587,155888.42948430232,164176.55156494517,168925.84300069872,134352.67494086985,30458.11316047851
2022,00,21140,Elkhart-Goshen MSA,Advanced and Traded Industries,4971.699094750247,14453.30080113297,17814.20564817241,63935.87561028818,60694.577122947914,54836.24732267453,43566.30945932494,15277.563406412855
2020,00,29020,Kokomo MSA,Advanced and Traded Industries,89.40980871902102,673.1295025990921,1113.0719543326834,7394.564397856271,7621.571565972022,11773.64891579378,10813.786150341415,2022.1062154994127
2019,00,21780,Evansville MSA,Advanced and Traded Industries,887.0400297573271,3312.3678958308237,5360.650370086834,24424.10987341432,26621.86476217069,27345.034247671752,25369.80184832023,6115.795979792327
2021,00,31140,Louisville/Jefferson County MSA,Advanced and Traded Industries,7228.06881398083,29633.418358584666,37245.16570873767,158924.98960678015,168412.577586508,167628.7200753299,134838.91537390175,32464.118313384675
2019,0,00000,United States,Advanced and Traded Industries,616529.2012307057,2743203.9490903774,5440308.42447799,26861247.69614983,27815607.870744906,27669492.57758208,23047841.897881486,6419706.1313938545
2019,00,43780,South Bend-Mishawaka MSA,Advanced and Traded Industries,853.7563984390861,3225.424334760927,4867.354453097544,21901.981231980113,24535.445726164005,26252.68622457673,25488.50659737215,7065.84448772976
