statefips,metrofips,geo_area,cicp_initiative,sector,Year,jobs,wages
0,00000,United States,Advanced and Traded Industries,Total,2019,40204645.91618734,102500.61507244968
0,00000,United States,Advanced and Traded Industries,Total,2020,39413287.57486629,107399.18244406741
0,00000,United States,Advanced and Traded Industries,Total,2021,40634720.44272978,114197.7663194425
0,00000,United States,Advanced and Traded Industries,Total,2022,42682443.321349196,117251.04861622177
0,00000,United States,Advanced and Traded Industries,Total,2023,43106015.624770716,121420.54722070749
0,00000,United States,AgriNovus,Total,2019,5004748.038088367,59798.74880047635
0,00000,United States,AgriNovus,Total,2020,4874387.249965142,63682.59769132073
0,00000,United States,AgriNovus,Total,2021,4962838.52458958,66425.5320347609
0,00000,United States,AgriNovus,Total,2022,5156974.062384843,69896.33558205055
0,00000,United States,AgriNovus,Total,2023,5249064.183203923,72201.18149856899
0,00000,United States,BioCrossroads,Total,2019,2190004.03459947,137660.24031483306
0,00000,United States,BioCrossroads,Total,2020,2237576.17851282,146409.9039712989
0,00000,United States,BioCrossroads,Total,2021,2355576.28152765,152503.61505602457
0,00000,United States,BioCrossroads,Total,2022,2492100.6176198567,154871.65003962044
0,00000,United States,BioCrossroads,Total,2023,2530810.3456565617,160705.18663871224
0,00000,United States,Conexus,Total,2019,23267096.418433703,84303.61348480801
0,00000,United States,Conexus,Total,2020,22574226.21068433,87068.26434709577
0,00000,United States,Conexus,Total,2021,23284784.25223619,91125.52828324726
0,00000,United States,Conexus,Total,2022,24399532.493713975,94577.29995883348
0,00000,United States,Conexus,Total,2023,24563244.89456012,98505.12170214695
0,00000,United States,TechPoint,Total,2019,5519656.24037965,142868.9886495532
0,00000,United States,TechPoint,Total,2020,5522202.7692550905,152025.64060095107
0,00000,United States,TechPoint,Total,2021,5671646.87371915,169037.60740367952
0,00000,United States,TechPoint,Total,2022,6037869.15402066,166176.72875970814
0,00000,United States,TechPoint,Total,2023,6045191.238163101,174943.2104522197
00,14020,Bloomington MSA,Advanced and Traded Industries,Total,2019,15563.367696898915,73938.78679584623
00,14020,Bloomington MSA,Advanced and Traded Industries,Total,2020,15931.810759265547,77469.0813429458
00,14020,Bloomington MSA,Advanced and Traded Industries,Total,2021,17428.814501917142,85458.17370024593
00,14020,Bloomington MSA,Advanced and Traded Industries,Total,2022,19126.11909441218,87022.02604879426
00,14020,Bloomington MSA,Advanced and Traded Industries,Total,2023,18228.882183850026,89934.60450585462
00,14020,Bloomington MSA,AgriNovus,Total,2019,1236.620811262908,46045.05279174033
00,14020,Bloomington MSA,AgriNovus,Total,2020,1248.8488003375369,51764.80510698821
00,14020,Bloomington MSA,AgriNovus,Total,2021,1249.6278574067203,53640.94987788736
00,14020,Bloomington MSA,AgriNovus,Total,2022,1304.103805910076,57003.9248116808
00,14020,Bloomington MSA,AgriNovus,Total,2023,1255.40462155901,59200.65149405149
00,14020,Bloomington MSA,BioCrossroads,Total,2019,7173.848531714039,79366.21643312517
00,14020,Bloomington MSA,BioCrossroads,Total,2020,7237.849109098851,81754.12901526972
00,14020,Bloomington MSA,BioCrossroads,Total,2021,8606.293539430133,92552.74022023981
00,14020,Bloomington MSA,BioCrossroads,Total,2022,10204.127799390337,90594.76205656663
00,14020,Bloomington MSA,BioCrossroads,Total,2023,9339.661597549066,95161.1219856067
00,14020,Bloomington MSA,Conexus,Total,2019,11726.161798074498,69984.90996067852
00,14020,Bloomington MSA,Conexus,Total,2020,11804.245444208927,73558.80260620013
00,14020,Bloomington MSA,Conexus,Total,2021,13313.661638699003,82614.41724961797
00,14020,Bloomington MSA,Conexus,Total,2022,15044.538816338954,82717.80929365534
00,14020,Bloomington MSA,Conexus,Total,2023,14138.507130270487,86192.8259159562
00,14020,Bloomington MSA,TechPoint,Total,2019,1387.317817767581,84270.79788543312
00,14020,Bloomington MSA,TechPoint,Total,2020,1297.7962210318658,93156.68562166608
00,14020,Bloomington MSA,TechPoint,Total,2021,1253.22182546302,91894.73765553438
00,14020,Bloomington MSA,TechPoint,Total,2022,1219.3792254291848,102270.25457302996
00,14020,Bloomington MSA,TechPoint,Total,2023,1194.5372328951657,102845.81643422108
00,16980,Chicago-Naperville-Elgin MSA,Advanced and Traded Industries,Total,2019,1390705.511356818,113965.15761552821
00,16980,Chicago-Naperville-Elgin MSA,Advanced and Traded Industries,Total,2020,1354599.8671048628,117790.75289328008
00,16980,Chicago-Naperville-Elgin MSA,Advanced and Traded Industries,Total,2021,1363776.061040941,126132.31625615664
00,16980,Chicago-Naperville-Elgin MSA,Advanced and Traded Industries,Total,2022,1402727.9281103692,129409.70760660133
00,16980,Chicago-Naperville-Elgin MSA,Advanced and Traded Industries,Total,2023,1412653.1048577952,132149.1703915866
00,16980,Chicago-Naperville-Elgin MSA,AgriNovus,Total,2019,113108.16211103139,79762.62486994106
00,16980,Chicago-Naperville-Elgin MSA,AgriNovus,Total,2020,110346.47887228802,85724.75311954212
00,16980,Chicago-Naperville-Elgin MSA,AgriNovus,Total,2021,113900.32059527184,89566.43963053726
00,16980,Chicago-Naperville-Elgin MSA,AgriNovus,Total,2022,118389.25067537048,92858.7717525955
00,16980,Chicago-Naperville-Elgin MSA,AgriNovus,Total,2023,124943.49316429463,94369.69428962976
00,16980,Chicago-Naperville-Elgin MSA,BioCrossroads,Total,2019,73477.68355611216,170117.63834727881
00,16980,Chicago-Naperville-Elgin MSA,BioCrossroads,Total,2020,74162.36862729937,171664.06875858118
00,16980,Chicago-Naperville-Elgin MSA,BioCrossroads,Total,2021,75675.36510492,178686.13969971024
00,16980,Chicago-Naperville-Elgin MSA,BioCrossroads,Total,2022,76293.56761762028,185592.5423687908
00,16980,Chicago-Naperville-Elgin MSA,BioCrossroads,Total,2023,76272.27765424844,191122.4837841036
00,16980,Chicago-Naperville-Elgin MSA,Conexus,Total,2019,806650.1064046633,93425.62764661123
00,16980,Chicago-Naperville-Elgin MSA,Conexus,Total,2020,782197.8881244422,94491.87282776048
00,16980,Chicago-Naperville-Elgin MSA,Conexus,Total,2021,791818.9657578123,100568.7396228886
00,16980,Chicago-Naperville-Elgin MSA,Conexus,Total,2022,818822.8197645189,103823.4786711313
00,16980,Chicago-Naperville-Elgin MSA,Conexus,Total,2023,829751.6541243138,105747.66304377768
00,16980,Chicago-Naperville-Elgin MSA,TechPoint,Total,2019,155999.72828413322,131250.13316085254
00,16980,Chicago-Naperville-Elgin MSA,TechPoint,Total,2020,151573.31730871234,140554.30855863084
00,16980,Chicago-Naperville-Elgin MSA,TechPoint,Total,2021,148255.9188536504,153379.99397503486
00,16980,Chicago-Naperville-Elgin MSA,TechPoint,Total,2022,151050.50689500503,153567.67340062192
00,16980,Chicago-Naperville-Elgin MSA,TechPoint,Total,2023,146371.48704141116,159476.27845330237
00,17140,Cincinnati MSA,Advanced and Traded Industries,Total,2019,360605.42791432125,99592.94797936923
00,17140,Cincinnati MSA,Advanced and Traded Industries,Total,2020,353990.7407136026,103052.8996630798
00,17140,Cincinnati MSA,Advanced and Traded Industries,Total,2021,365156.2455143733,105803.93622754258
00,17140,Cincinnati MSA,Advanced and Traded Industries,Total,2022,373498.3569893473,108701.62437070158
00,17140,Cincinnati MSA,Advanced and Traded Industries,Total,2023,374116.61156648956,111758.2716898137
00,17140,Cincinnati MSA,AgriNovus,Total,2019,29640.741166073913,69965.58422820363
00,17140,Cincinnati MSA,AgriNovus,Total,2020,27877.07760473996,75964.2404980888
00,17140,Cincinnati MSA,AgriNovus,Total,2021,28541.8793688818,78101.02890654452
00,17140,Cincinnati MSA,AgriNovus,Total,2022,30085.801413587324,81871.43672553528
00,17140,Cincinnati MSA,AgriNovus,Total,2023,32264.965986448977,84624.38647907376
00,17140,Cincinnati MSA,BioCrossroads,Total,2019,12027.928814163635,106974.68189687966
00,17140,Cincinnati MSA,BioCrossroads,Total,2020,12444.17186426733,115177.1659846906
00,17140,Cincinnati MSA,BioCrossroads,Total,2021,13662.887101386477,123208.34526117117
00,17140,Cincinnati MSA,BioCrossroads,Total,2022,14829.677782323364,127310.95265104373
00,17140,Cincinnati MSA,BioCrossroads,Total,2023,14580.329142936132,131317.62311407016
00,17140,Cincinnati MSA,Conexus,Total,2019,216566.0827197737,87578.37569902815
00,17140,Cincinnati MSA,Conexus,Total,2020,210339.368958184,89909.92737765264
00,17140,Cincinnati MSA,Conexus,Total,2021,219409.7386212832,91334.92926853673
00,17140,Cincinnati MSA,Conexus,Total,2022,226398.30624573608,94055.0323130597
00,17140,Cincinnati MSA,Conexus,Total,2023,229099.86631390732,97747.47882384797
00,17140,Cincinnati MSA,TechPoint,Total,2019,27648.205624069367,108700.69040056157
00,17140,Cincinnati MSA,TechPoint,Total,2020,27754.587923646017,112089.30521584307
00,17140,Cincinnati MSA,TechPoint,Total,2021,28140.190229507352,122878.65307931894
00,17140,Cincinnati MSA,TechPoint,Total,2022,28457.73169610512,126721.34293353106
00,17140,Cincinnati MSA,TechPoint,Total,2023,27862.36274400464,132515.45662816102
00,18020,Columbus MSA,Advanced and Traded Industries,Total,2019,26092.717802716415,95731.05469091603
00,18020,Columbus MSA,Advanced and Traded Industries,Total,2020,24164.29965415158,95181.06152933143
00,18020,Columbus MSA,Advanced and Traded Industries,Total,2021,23932.864782346573,101105.04212097485
00,18020,Columbus MSA,Advanced and Traded Industries,Total,2022,24830.449726585466,108141.39798089229
00,18020,Columbus MSA,Advanced and Traded Industries,Total,2023,25229.947527854605,110789.1166691279
00,18020,Columbus MSA,AgriNovus,Total,2019,895.9850676704441,54937.91205859365
00,18020,Columbus MSA,AgriNovus,Total,2020,872.6470215778699,58154.51594334898
00,18020,Columbus MSA,AgriNovus,Total,2021,781.053400369497,63866.988629975545
00,18020,Columbus MSA,AgriNovus,Total,2022,802.6278744534749,66378.69801247724
00,18020,Columbus MSA,AgriNovus,Total,2023,864.157707857919,73638.44956216056
00,18020,Columbus MSA,BioCrossroads,Total,2019,336.0627798367257,83592.68495169669
00,18020,Columbus MSA,BioCrossroads,Total,2020,391.7726935474508,81786.08008229996
00,18020,Columbus MSA,BioCrossroads,Total,2021,425.02293061418004,77678.54088751797
00,18020,Columbus MSA,BioCrossroads,Total,2022,479.54103467420475,77986.60820847284
00,18020,Columbus MSA,BioCrossroads,Total,2023,472.38593622527424,77059.95377763882
00,18020,Columbus MSA,Conexus,Total,2019,22665.570332857224,95859.01115862734
00,18020,Columbus MSA,Conexus,Total,2020,20852.998988483767,94670.78240532479
00,18020,Columbus MSA,Conexus,Total,2021,20784.85335003513,101370.58719373375
00,18020,Columbus MSA,Conexus,Total,2022,21646.00157251922,109146.6665670865
00,18020,Columbus MSA,Conexus,Total,2023,22074.152744676903,109182.07993662552
00,18020,Columbus MSA,TechPoint,Total,2019,960.9332260460619,87566.65921590333
00,18020,Columbus MSA,TechPoint,Total,2020,981.123313862882,85837.47286871134
00,18020,Columbus MSA,TechPoint,Total,2021,838.9237243071832,93347.1050137596
00,18020,Columbus MSA,TechPoint,Total,2022,800.8965633995429,102966.92833265672
00,18020,Columbus MSA,TechPoint,Total,2023,828.3932209657398,107298.17471506586
00,21140,Elkhart-Goshen MSA,Advanced and Traded Industries,Total,2019,80845.2599498128,69136.87103986161
00,21140,Elkhart-Goshen MSA,Advanced and Traded Industries,Total,2020,76117.64038166586,75279.14794263334
00,21140,Elkhart-Goshen MSA,Advanced and Traded Industries,Total,2021,88263.95644246839,87974.44164248265
00,21140,Elkhart-Goshen MSA,Advanced and Traded Industries,Total,2022,91849.92615529102,89613.20756866194
00,21140,Elkhart-Goshen MSA,Advanced and Traded Industries,Total,2023,81354.53858338128,84365.50575899154
00,21140,Elkhart-Goshen MSA,AgriNovus,Total,2019,2527.7118363293234,54914.51634648558
00,21140,Elkhart-Goshen MSA,AgriNovus,Total,2020,2378.73774526199,57709.981656816606
00,21140,Elkhart-Goshen MSA,AgriNovus,Total,2021,2293.885999591495,61791.05611599383
00,21140,Elkhart-Goshen MSA,AgriNovus,Total,2022,2501.781998814066,65759.73413784085
00,21140,Elkhart-Goshen MSA,AgriNovus,Total,2023,2742.492349285674,67435.50873607113
00,21140,Elkhart-Goshen MSA,BioCrossroads,Total,2019,495.6544650324387,89745.78489011512
00,21140,Elkhart-Goshen MSA,BioCrossroads,Total,2020,524.4374368625806,85434.3633226817
00,21140,Elkhart-Goshen MSA,BioCrossroads,Total,2021,490.17884797879555,83978.36780919401
00,21140,Elkhart-Goshen MSA,BioCrossroads,Total,2022,391.1697898853966,88319.34606787206
00,21140,Elkhart-Goshen MSA,BioCrossroads,Total,2023,467.8581942206883,166166.39104482063
00,21140,Elkhart-Goshen MSA,Conexus,Total,2019,75145.68910978388,64927.65776428958
00,21140,Elkhart-Goshen MSA,Conexus,Total,2020,70609.88252650358,69320.88164182821
00,21140,Elkhart-Goshen MSA,Conexus,Total,2021,82559.53179815123,79899.29241516904
00,21140,Elkhart-Goshen MSA,Conexus,Total,2022,85894.14516958337,82229.99960335963
00,21140,Elkhart-Goshen MSA,Conexus,Total,2023,75471.03331599967,76545.61446012162
00,21140,Elkhart-Goshen MSA,TechPoint,Total,2019,1203.298225904875,64864.07712322936
00,21140,Elkhart-Goshen MSA,TechPoint,Total,2020,1102.978444944244,65557.87429248523
00,21140,Elkhart-Goshen MSA,TechPoint,Total,2021,1104.6523498092852,72014.87257464087
00,21140,Elkhart-Goshen MSA,TechPoint,Total,2022,1201.7336114370278,75252.18020193065
00,21140,Elkhart-Goshen MSA,TechPoint,Total,2023,1224.982027582038,78726.64784588345
00,21780,Evansville MSA,Advanced and Traded Industries,Total,2019,39812.221669010185,83636.46844070002
00,21780,Evansville MSA,Advanced and Traded Industries,Total,2020,38317.79932873677,83408.60650068842
00,21780,Evansville MSA,Advanced and Traded Industries,Total,2021,39158.15155343417,85723.75254877572
00,21780,Evansville MSA,Advanced and Traded Industries,Total,2022,40719.02783425166,88802.97820759249
00,21780,Evansville MSA,Advanced and Traded Industries,Total,2023,40577.48376293753,92761.46762333513
00,21780,Evansville MSA,AgriNovus,Total,2019,4813.470677523564,74475.49511020824
00,21780,Evansville MSA,AgriNovus,Total,2020,4810.5812635950015,75574.29960705075
00,21780,Evansville MSA,AgriNovus,Total,2021,4981.673023967271,79987.86258193491
00,21780,Evansville MSA,AgriNovus,Total,2022,4923.081804977468,81210.73218191128
00,21780,Evansville MSA,AgriNovus,Total,2023,4831.826230161969,86012.85701625774
00,21780,Evansville MSA,BioCrossroads,Total,2019,1429.7499884169251,95561.82031867106
00,21780,Evansville MSA,BioCrossroads,Total,2020,1547.4736533009807,107971.39531989497
00,21780,Evansville MSA,BioCrossroads,Total,2021,1673.1324373723903,108537.33577517042
00,21780,Evansville MSA,BioCrossroads,Total,2022,1706.7408350519217,133082.0991864848
00,21780,Evansville MSA,BioCrossroads,Total,2023,1903.4738048251982,135853.05264025
00,21780,Evansville MSA,Conexus,Total,2019,29081.806572261172,75473.0317252204
00,21780,Evansville MSA,Conexus,Total,2020,27758.598669247905,77703.10281438846
00,21780,Evansville MSA,Conexus,Total,2021,28502.62438232436,79518.4904254116
00,21780,Evansville MSA,Conexus,Total,2022,29649.38424372401,83802.61137024431
00,21780,Evansville MSA,Conexus,Total,2023,29338.629071447598,86703.56910380731
00,21780,Evansville MSA,TechPoint,Total,2019,2118.7185044219514,91575.50524165342
00,21780,Evansville MSA,TechPoint,Total,2020,2363.40823238609,90103.37648722513
00,21780,Evansville MSA,TechPoint,Total,2021,2208.405642852864,98540.2040513212
00,21780,Evansville MSA,TechPoint,Total,2022,2169.322412029987,103636.45788681484
00,21780,Evansville MSA,TechPoint,Total,2023,2076.5788254171634,111538.77473534686
00,23060,Fort Wayne MSA,Advanced and Traded Industries,Total,2019,72636.27467539614,75908.98982718865
00,23060,Fort Wayne MSA,Advanced and Traded Industries,Total,2020,69038.79883319848,78195.4561851122
00,23060,Fort Wayne MSA,Advanced and Traded Industries,Total,2021,71854.87868596526,81480.63928544136
00,23060,Fort Wayne MSA,Advanced and Traded Industries,Total,2022,75850.05008257701,85118.67291595448
00,23060,Fort Wayne MSA,Advanced and Traded Industries,Total,2023,76736.78393817009,87213.19357641904
00,23060,Fort Wayne MSA,AgriNovus,Total,2019,5034.897810106058,54473.7989294943
00,23060,Fort Wayne MSA,AgriNovus,Total,2020,4875.181580447661,57081.42724233229
00,23060,Fort Wayne MSA,AgriNovus,Total,2021,4868.673205562421,59376.4173077283
00,23060,Fort Wayne MSA,AgriNovus,Total,2022,5013.243805627044,60999.038303535475
00,23060,Fort Wayne MSA,AgriNovus,Total,2023,5087.141087364956,63429.27038779018
00,23060,Fort Wayne MSA,BioCrossroads,Total,2019,1830.462811605009,77359.31911534445
00,23060,Fort Wayne MSA,BioCrossroads,Total,2020,1897.1466951609902,78250.62607876274
00,23060,Fort Wayne MSA,BioCrossroads,Total,2021,1795.5433342649053,83984.10402215368
00,23060,Fort Wayne MSA,BioCrossroads,Total,2022,1841.446067783514,95243.99469570746
00,23060,Fort Wayne MSA,BioCrossroads,Total,2023,1969.9872025764425,97671.17345763335
00,23060,Fort Wayne MSA,Conexus,Total,2019,55980.14459849684,72377.38135547047
00,23060,Fort Wayne MSA,Conexus,Total,2020,52202.521743396326,73822.46213917315
00,23060,Fort Wayne MSA,Conexus,Total,2021,54878.068295761455,76851.51561031942
00,23060,Fort Wayne MSA,Conexus,Total,2022,58458.309860757414,80705.2373502588
00,23060,Fort Wayne MSA,Conexus,Total,2023,59426.47669899332,82273.93161093471
00,23060,Fort Wayne MSA,TechPoint,Total,2019,6108.229939359984,94758.44193152986
00,23060,Fort Wayne MSA,TechPoint,Total,2020,5869.480365567409,97462.87836921297
00,23060,Fort Wayne MSA,TechPoint,Total,2021,6057.734514867345,98589.10694122262
00,23060,Fort Wayne MSA,TechPoint,Total,2022,6188.510857898716,103677.9338508896
00,23060,Fort Wayne MSA,TechPoint,Total,2023,5891.440725698163,103900.36711684962
00,26900,Indianapolis-Carmel-Greenwood MSA,Advanced and Traded Industries,Total,2019,318232.5741693889,90072.2726706488
00,26900,Indianapolis-Carmel-Greenwood MSA,Advanced and Traded Industries,Total,2020,316477.35666024114,93040.31430149815
00,26900,Indianapolis-Carmel-Greenwood MSA,Advanced and Traded Industries,Total,2021,328479.41852756066,96965.32260519083
00,26900,Indianapolis-Carmel-Greenwood MSA,Advanced and Traded Industries,Total,2022,348030.67581953603,100842.83534033311
00,26900,Indianapolis-Carmel-Greenwood MSA,Advanced and Traded Industries,Total,2023,355403.7287387019,104937.52225466084
00,26900,Indianapolis-Carmel-Greenwood MSA,AgriNovus,Total,2019,23862.199186313443,67232.47505990857
00,26900,Indianapolis-Carmel-Greenwood MSA,AgriNovus,Total,2020,23359.342663591924,72298.58900999551
00,26900,Indianapolis-Carmel-Greenwood MSA,AgriNovus,Total,2021,24178.018812493767,72971.28038318099
00,26900,Indianapolis-Carmel-Greenwood MSA,AgriNovus,Total,2022,25829.251611840078,76698.07724905701
00,26900,Indianapolis-Carmel-Greenwood MSA,AgriNovus,Total,2023,26312.063778987194,80776.61427192538
00,26900,Indianapolis-Carmel-Greenwood MSA,BioCrossroads,Total,2019,25826.169441012644,169049.0032154143
00,26900,Indianapolis-Carmel-Greenwood MSA,BioCrossroads,Total,2020,26283.727972562407,174078.01571438593
00,26900,Indianapolis-Carmel-Greenwood MSA,BioCrossroads,Total,2021,27466.709733625044,173367.0450159406
00,26900,Indianapolis-Carmel-Greenwood MSA,BioCrossroads,Total,2022,29047.1364216451,173313.8719385445
00,26900,Indianapolis-Carmel-Greenwood MSA,BioCrossroads,Total,2023,30688.462294868008,186014.09364642054
00,26900,Indianapolis-Carmel-Greenwood MSA,Conexus,Total,2019,203684.8624554127,84009.93202422796
00,26900,Indianapolis-Carmel-Greenwood MSA,Conexus,Total,2020,201594.8382445378,86416.02340037923
00,26900,Indianapolis-Carmel-Greenwood MSA,Conexus,Total,2021,210663.89890252706,89203.34542213893
00,26900,Indianapolis-Carmel-Greenwood MSA,Conexus,Total,2022,224066.39572608584,92748.4158555296
00,26900,Indianapolis-Carmel-Greenwood MSA,Conexus,Total,2023,230129.4367649241,97261.28062138226
00,26900,Indianapolis-Carmel-Greenwood MSA,TechPoint,Total,2019,32432.634769303135,111071.66709444777
00,26900,Indianapolis-Carmel-Greenwood MSA,TechPoint,Total,2020,32280.748873497523,114923.69621013067
00,26900,Indianapolis-Carmel-Greenwood MSA,TechPoint,Total,2021,33393.75989836031,123842.9588447322
00,26900,Indianapolis-Carmel-Greenwood MSA,TechPoint,Total,2022,34108.74854489869,127233.21831932967
00,26900,Indianapolis-Carmel-Greenwood MSA,TechPoint,Total,2023,33949.07980717542,132415.44402183214
00,29020,Kokomo MSA,Advanced and Traded Industries,Total,2019,14287.89769872511,100821.63834306847
00,29020,Kokomo MSA,Advanced and Traded Industries,Total,2020,13833.762837024206,89348.67035959804
00,29020,Kokomo MSA,Advanced and Traded Industries,Total,2021,12788.73042808124,94307.35699155598
00,29020,Kokomo MSA,Advanced and Traded Industries,Total,2022,12113.686195765167,108233.65240776162
00,29020,Kokomo MSA,Advanced and Traded Industries,Total,2023,12354.33861414706,117884.64653008764
00,29020,Kokomo MSA,AgriNovus,Total,2019,679.083213075052,52906.71295737111
00,29020,Kokomo MSA,AgriNovus,Total,2020,674.01254980439,54223.88370220589
00,29020,Kokomo MSA,AgriNovus,Total,2021,702.415950978469,53300.04204989283
00,29020,Kokomo MSA,AgriNovus,Total,2022,720.5543326747699,75122.29037433419
00,29020,Kokomo MSA,AgriNovus,Total,2023,734.396890707823,75387.53791883192
00,29020,Kokomo MSA,BioCrossroads,Total,2019,101.0033685569973,52755.51392604026
00,29020,Kokomo MSA,BioCrossroads,Total,2020,107.18284775793006,59007.161364403226
00,29020,Kokomo MSA,BioCrossroads,Total,2021,108.1620971055502,60870.52726655222
00,29020,Kokomo MSA,BioCrossroads,Total,2022,107.60902097037385,61868.1693588881
00,29020,Kokomo MSA,BioCrossroads,Total,2023,121.14197215676916,68362.86675045267
00,29020,Kokomo MSA,Conexus,Total,2019,12829.956836168334,104592.63228868922
00,29020,Kokomo MSA,Conexus,Total,2020,12418.568586463198,91026.04735201606
00,29020,Kokomo MSA,Conexus,Total,2021,11356.176988148025,96368.6489725171
00,29020,Kokomo MSA,Conexus,Total,2022,10722.127674084293,112173.22304149461
00,29020,Kokomo MSA,Conexus,Total,2023,10937.75646042027,122885.90951261518
00,29020,Kokomo MSA,TechPoint,Total,2019,223.257610709221,79315.80853804751
00,29020,Kokomo MSA,TechPoint,Total,2020,221.50245818214398,81479.63201493224
00,29020,Kokomo MSA,TechPoint,Total,2021,239.86982873333199,85353.80855697545
00,29020,Kokomo MSA,TechPoint,Total,2022,233.6932963516666,92731.68034436359
00,29020,Kokomo MSA,TechPoint,Total,2023,271.191179639523,92410.69337598575
00,29200,Lafayette-West Lafayette MSA,Advanced and Traded Industries,Total,2019,29880.659931255526,79251.61462111556
00,29200,Lafayette-West Lafayette MSA,Advanced and Traded Industries,Total,2020,28348.876656880824,79718.23267924497
00,29200,Lafayette-West Lafayette MSA,Advanced and Traded Industries,Total,2021,29427.942853972098,78680.40080943934
00,29200,Lafayette-West Lafayette MSA,Advanced and Traded Industries,Total,2022,30922.164090629332,85467.69092801203
00,29200,Lafayette-West Lafayette MSA,Advanced and Traded Industries,Total,2023,32348.369908161014,91719.87858683447
00,29200,Lafayette-West Lafayette MSA,AgriNovus,Total,2019,4879.151336811377,63296.20967838948
00,29200,Lafayette-West Lafayette MSA,AgriNovus,Total,2020,5267.492233513446,71144.28247161869
00,29200,Lafayette-West Lafayette MSA,AgriNovus,Total,2021,4961.666833438731,68337.70286766517
00,29200,Lafayette-West Lafayette MSA,AgriNovus,Total,2022,4849.171811291895,71597.26984329143
00,29200,Lafayette-West Lafayette MSA,AgriNovus,Total,2023,5385.848583479906,78021.72481303429
00,29200,Lafayette-West Lafayette MSA,BioCrossroads,Total,2019,2566.642153477462,108495.29705147227
00,29200,Lafayette-West Lafayette MSA,BioCrossroads,Total,2020,2176.3708482586253,108175.71351753379
00,29200,Lafayette-West Lafayette MSA,BioCrossroads,Total,2021,2542.1047939208925,111018.37779920467
00,29200,Lafayette-West Lafayette MSA,BioCrossroads,Total,2022,2512.9617050070165,114826.86346226945
00,29200,Lafayette-West Lafayette MSA,BioCrossroads,Total,2023,2605.4450942916774,117598.54183569897
00,29200,Lafayette-West Lafayette MSA,Conexus,Total,2019,25455.316581746498,78559.56680021495
00,29200,Lafayette-West Lafayette MSA,Conexus,Total,2020,23855.27845181989,78753.35647857722
00,29200,Lafayette-West Lafayette MSA,Conexus,Total,2021,24830.41237125462,76432.2082888283
00,29200,Lafayette-West Lafayette MSA,Conexus,Total,2022,26026.55233021232,83807.23714582797
00,29200,Lafayette-West Lafayette MSA,Conexus,Total,2023,27355.420582230934,90284.7115250766
00,29200,Lafayette-West Lafayette MSA,TechPoint,Total,2019,1220.3297859909062,83019.44519475603
00,29200,Lafayette-West Lafayette MSA,TechPoint,Total,2020,1311.852053755036,84188.30808695794
00,29200,Lafayette-West Lafayette MSA,TechPoint,Total,2021,1469.3423949594687,91889.31579529104
00,29200,Lafayette-West Lafayette MSA,TechPoint,Total,2022,1634.298971557158,94220.23402404765
00,29200,Lafayette-West Lafayette MSA,TechPoint,Total,2023,1671.3818740346994,97543.1690299208
00,31140,Louisville/Jefferson County MSA,Advanced and Traded Industries,Total,2019,241080.5112088791,86284.19845472592
00,31140,Louisville/Jefferson County MSA,Advanced and Traded Industries,Total,2020,238105.25752265158,87701.29424984768
00,31140,Louisville/Jefferson County MSA,Advanced and Traded Industries,Total,2021,245458.6579456752,90970.49257060324
00,31140,Louisville/Jefferson County MSA,Advanced and Traded Industries,Total,2022,254184.21363217183,94119.4406289812
00,31140,Louisville/Jefferson County MSA,Advanced and Traded Industries,Total,2023,254060.47047593212,98527.85733331217
00,31140,Louisville/Jefferson County MSA,AgriNovus,Total,2019,18594.526522215634,75175.4668350545
00,31140,Louisville/Jefferson County MSA,AgriNovus,Total,2020,18172.238792344848,79682.90363677175
00,31140,Louisville/Jefferson County MSA,AgriNovus,Total,2021,18811.069222901846,80425.34516889286
00,31140,Louisville/Jefferson County MSA,AgriNovus,Total,2022,19915.65488192124,83450.8152566748
00,31140,Louisville/Jefferson County MSA,AgriNovus,Total,2023,21042.499612616615,85100.35221844407
00,31140,Louisville/Jefferson County MSA,BioCrossroads,Total,2019,5923.778231664859,106819.15589012016
00,31140,Louisville/Jefferson County MSA,BioCrossroads,Total,2020,6264.985650928494,107970.79701683154
00,31140,Louisville/Jefferson County MSA,BioCrossroads,Total,2021,6518.212740791536,108983.59689893646
00,31140,Louisville/Jefferson County MSA,BioCrossroads,Total,2022,7245.213787836328,112608.08861600264
00,31140,Louisville/Jefferson County MSA,BioCrossroads,Total,2023,6374.494575416052,134656.61393193042
00,31140,Louisville/Jefferson County MSA,Conexus,Total,2019,167222.86618466946,79303.69774700889
00,31140,Louisville/Jefferson County MSA,Conexus,Total,2020,164353.77016736855,80086.62987080315
00,31140,Louisville/Jefferson County MSA,Conexus,Total,2021,169946.53633128296,82612.63168326713
00,31140,Louisville/Jefferson County MSA,Conexus,Total,2022,178327.6088416978,86662.11905341476
00,31140,Louisville/Jefferson County MSA,Conexus,Total,2023,179400.66889212377,90846.86038787672
00,31140,Louisville/Jefferson County MSA,TechPoint,Total,2019,18333.84152175884,95649.23354341603
00,31140,Louisville/Jefferson County MSA,TechPoint,Total,2020,17980.556549075212,96182.85458308636
00,31140,Louisville/Jefferson County MSA,TechPoint,Total,2021,18173.580828014106,105037.51035094984
00,31140,Louisville/Jefferson County MSA,TechPoint,Total,2022,19162.755085113837,108078.32253493137
00,31140,Louisville/Jefferson County MSA,TechPoint,Total,2023,18582.93829929277,114749.23240908684
00,33140,Michigan City-La Porte MSA,Advanced and Traded Industries,Total,2019,12565.123378600014,66172.89051179163
00,33140,Michigan City-La Porte MSA,Advanced and Traded Industries,Total,2020,12086.130079244973,68815.86374000004
00,33140,Michigan City-La Porte MSA,Advanced and Traded Industries,Total,2021,12366.046573486317,75153.81226073485
00,33140,Michigan City-La Porte MSA,Advanced and Traded Industries,Total,2022,12970.317437825104,74033.75989183752
00,33140,Michigan City-La Porte MSA,Advanced and Traded Industries,Total,2023,13539.660050209799,77703.47433720669
00,33140,Michigan City-La Porte MSA,AgriNovus,Total,2019,1781.4655010426482,54096.78824293702
00,33140,Michigan City-La Porte MSA,AgriNovus,Total,2020,1828.151043726882,57266.47609172341
00,33140,Michigan City-La Porte MSA,AgriNovus,Total,2021,2205.5000056418257,59685.82354154578
00,33140,Michigan City-La Porte MSA,AgriNovus,Total,2022,2406.820695669279,61066.4484346082
00,33140,Michigan City-La Porte MSA,AgriNovus,Total,2023,2368.087453960542,63287.005585006176
00,33140,Michigan City-La Porte MSA,BioCrossroads,Total,2019,251.79234225363555,64064.78959909955
00,33140,Michigan City-La Porte MSA,BioCrossroads,Total,2020,216.8674282069152,70473.44031508217
00,33140,Michigan City-La Porte MSA,BioCrossroads,Total,2021,195.3973954642177,71517.82240959095
00,33140,Michigan City-La Porte MSA,BioCrossroads,Total,2022,244.15104329866347,80872.11074984082
00,33140,Michigan City-La Porte MSA,BioCrossroads,Total,2023,244.1447192042951,82129.33853971923
00,33140,Michigan City-La Porte MSA,Conexus,Total,2019,11086.36462622867,66027.07475082333
00,33140,Michigan City-La Porte MSA,Conexus,Total,2020,10674.421204570097,68509.89534512607
00,33140,Michigan City-La Porte MSA,Conexus,Total,2021,10914.392670334833,74964.58400790785
00,33140,Michigan City-La Porte MSA,Conexus,Total,2022,11448.888564737734,73130.15148493001
00,33140,Michigan City-La Porte MSA,Conexus,Total,2023,11919.499874602041,76556.46960579866
00,33140,Michigan City-La Porte MSA,TechPoint,Total,2019,283.571821490436,57077.703276453205
00,33140,Michigan City-La Porte MSA,TechPoint,Total,2020,251.28199625804595,63495.797859175014
00,33140,Michigan City-La Porte MSA,TechPoint,Total,2021,253.952602199654,128436.60861269254
00,33140,Michigan City-La Porte MSA,TechPoint,Total,2022,256.717899202087,78815.02187990434
00,33140,Michigan City-La Porte MSA,TechPoint,Total,2023,245.885455281812,83414.8507792645
00,34620,Muncie MSA,Advanced and Traded Industries,Total,2019,10044.332113163347,71258.93213573884
00,34620,Muncie MSA,Advanced and Traded Industries,Total,2020,9145.900038099493,72349.89127186546
00,34620,Muncie MSA,Advanced and Traded Industries,Total,2021,9205.244352474743,73685.80055829149
00,34620,Muncie MSA,Advanced and Traded Industries,Total,2022,9262.193851404047,75405.60095042536
00,34620,Muncie MSA,Advanced and Traded Industries,Total,2023,9480.68569269338,78676.28490352118
00,34620,Muncie MSA,AgriNovus,Total,2019,410.183353031931,50221.155428762664
00,34620,Muncie MSA,AgriNovus,Total,2020,418.55936925348,55925.09307536689
00,34620,Muncie MSA,AgriNovus,Total,2021,479.623187341866,54643.53816100799
00,34620,Muncie MSA,AgriNovus,Total,2022,544.4626289766305,61896.890239525696
00,34620,Muncie MSA,AgriNovus,Total,2023,587.1025884339401,64541.75496233894
00,34620,Muncie MSA,BioCrossroads,Total,2019,56.97753252580294,79215.03795439244
00,34620,Muncie MSA,BioCrossroads,Total,2020,59.36305970806083,73066.97239992309
00,34620,Muncie MSA,BioCrossroads,Total,2021,77.3274838894103,71316.1748115838
00,34620,Muncie MSA,BioCrossroads,Total,2022,96.56104136576795,60835.61278003437
00,34620,Muncie MSA,BioCrossroads,Total,2023,66.25984630336258,75066.15137871513
00,34620,Muncie MSA,Conexus,Total,2019,6351.706728580514,64593.41805368929
00,34620,Muncie MSA,Conexus,Total,2020,5704.7191880237615,65913.93090623204
00,34620,Muncie MSA,Conexus,Total,2021,5758.424810663761,68577.20105626994
00,34620,Muncie MSA,Conexus,Total,2022,5931.501173620612,72164.7320892955
00,34620,Muncie MSA,Conexus,Total,2023,6149.833726272007,75293.43525099999
00,34620,Muncie MSA,TechPoint,Total,2019,1141.1838303611003,99653.03860804034
00,34620,Muncie MSA,TechPoint,Total,2020,1181.96334930467,75185.91655482778
00,34620,Muncie MSA,TechPoint,Total,2021,1164.0976702220298,78845.06048595817
00,34620,Muncie MSA,TechPoint,Total,2022,1140.39957159882,80160.02502860063
00,34620,Muncie MSA,TechPoint,Total,2023,1050.55451588758,85568.00034487084
00,43780,South Bend-Mishawaka MSA,Advanced and Traded Industries,Total,2019,38063.666484712754,75123.59390467498
00,43780,South Bend-Mishawaka MSA,Advanced and Traded Industries,Total,2020,36058.13582022376,76951.61762652901
00,43780,South Bend-Mishawaka MSA,Advanced and Traded Industries,Total,2021,36571.9710576381,81748.17153159773
00,43780,South Bend-Mishawaka MSA,Advanced and Traded Industries,Total,2022,36900.48069311472,83541.75694419998
00,43780,South Bend-Mishawaka MSA,Advanced and Traded Industries,Total,2023,35629.84956983475,86685.12361151859
00,43780,South Bend-Mishawaka MSA,AgriNovus,Total,2019,2563.8233306713373,52222.817625081996
00,43780,South Bend-Mishawaka MSA,AgriNovus,Total,2020,2349.143758346451,56355.42447154606
00,43780,South Bend-Mishawaka MSA,AgriNovus,Total,2021,2313.063532177448,56761.275011353275
00,43780,South Bend-Mishawaka MSA,AgriNovus,Total,2022,2423.7749793608505,58848.44469756649
00,43780,South Bend-Mishawaka MSA,AgriNovus,Total,2023,2500.4947226484214,59979.20700911976
00,43780,South Bend-Mishawaka MSA,BioCrossroads,Total,2019,1750.364294288921,89378.74654844531
00,43780,South Bend-Mishawaka MSA,BioCrossroads,Total,2020,1877.4876532002816,95276.1204883114
00,43780,South Bend-Mishawaka MSA,BioCrossroads,Total,2021,1638.7740500159296,99762.93692838689
00,43780,South Bend-Mishawaka MSA,BioCrossroads,Total,2022,1602.8462746709379,104768.18819433001
00,43780,South Bend-Mishawaka MSA,BioCrossroads,Total,2023,1508.442070053944,111099.82503052194
00,43780,South Bend-Mishawaka MSA,Conexus,Total,2019,26683.27528008414,69008.01628035726
00,43780,South Bend-Mishawaka MSA,Conexus,Total,2020,24976.71691627334,72036.47794978006
00,43780,South Bend-Mishawaka MSA,Conexus,Total,2021,25166.67121225183,76443.86926891851
00,43780,South Bend-Mishawaka MSA,Conexus,Total,2022,25410.320035915258,79150.53269663996
00,43780,South Bend-Mishawaka MSA,Conexus,Total,2023,25174.305657663288,81097.83534970321
00,43780,South Bend-Mishawaka MSA,TechPoint,Total,2019,2384.722997786218,73657.91401331036
00,43780,South Bend-Mishawaka MSA,TechPoint,Total,2020,2279.264898726114,77471.07853554816
00,43780,South Bend-Mishawaka MSA,TechPoint,Total,2021,2415.8285902491434,84823.70624564264
00,43780,South Bend-Mishawaka MSA,TechPoint,Total,2022,2892.8311723915276,84376.30927006349
00,43780,South Bend-Mishawaka MSA,TechPoint,Total,2023,2878.033921085228,92603.12106319598
00,45460,Terre Haute MSA,Advanced and Traded Industries,Total,2019,16101.770311772469,68100.88945952238
00,45460,Terre Haute MSA,Advanced and Traded Industries,Total,2020,15088.93362389964,68952.67982203847
00,45460,Terre Haute MSA,Advanced and Traded Industries,Total,2021,15249.912315609356,71800.41041919075
00,45460,Terre Haute MSA,Advanced and Traded Industries,Total,2022,16051.99696503611,76010.75454353432
00,45460,Terre Haute MSA,Advanced and Traded Industries,Total,2023,16363.057151154446,78540.97666786372
00,45460,Terre Haute MSA,AgriNovus,Total,2019,1869.6576504761501,58735.18540942024
00,45460,Terre Haute MSA,AgriNovus,Total,2020,1819.7578562848305,59809.727554741774
00,45460,Terre Haute MSA,AgriNovus,Total,2021,1984.31406823369,61999.01475453929
00,45460,Terre Haute MSA,AgriNovus,Total,2022,2083.0195584194826,65857.40589082614
00,45460,Terre Haute MSA,AgriNovus,Total,2023,2144.404333819376,66579.53193164156
00,45460,Terre Haute MSA,BioCrossroads,Total,2019,828.7897884491579,107526.47389307595
00,45460,Terre Haute MSA,BioCrossroads,Total,2020,727.3405258196954,106830.93166887767
00,45460,Terre Haute MSA,BioCrossroads,Total,2021,780.1814788444661,97965.6797606055
00,45460,Terre Haute MSA,BioCrossroads,Total,2022,725.0320330012569,106668.93938938083
00,45460,Terre Haute MSA,BioCrossroads,Total,2023,785.793888041128,104821.99331896786
00,45460,Terre Haute MSA,Conexus,Total,2019,13084.638339778323,68451.4572728163
00,45460,Terre Haute MSA,Conexus,Total,2020,12226.650132052147,68514.91025412791
00,45460,Terre Haute MSA,Conexus,Total,2021,12420.352186708038,70701.95559038853
00,45460,Terre Haute MSA,Conexus,Total,2022,13339.498552113773,75222.49905277483
00,45460,Terre Haute MSA,Conexus,Total,2023,13599.367430045922,78283.22690685517
00,45460,Terre Haute MSA,TechPoint,Total,2019,667.8294900647869,71715.6595812075
00,45460,Terre Haute MSA,TechPoint,Total,2020,573.6490586812149,75004.80540198651
00,45460,Terre Haute MSA,TechPoint,Total,2021,534.323721992855,81186.96606627328
00,45460,Terre Haute MSA,TechPoint,Total,2022,497.78364472331003,82758.86024606315
00,45460,Terre Haute MSA,TechPoint,Total,2023,556.5581109636988,82083.82906360213
18,00000,Indiana,Advanced and Traded Industries,Total,2019,1051023.998564401,80126.82843725763
18,00000,Indiana,Advanced and Traded Industries,Total,2020,1015669.7856830542,82698.11616594133
18,00000,Indiana,Advanced and Traded Industries,Total,2021,1056035.115156759,87582.90539459596
18,00000,Indiana,Advanced and Traded Industries,Total,2022,1106982.568458293,91560.66616674255
18,00000,Indiana,Advanced and Traded Industries,Total,2023,1110656.6114735648,94466.82322232265
18,00000,Indiana,AgriNovus,Total,2019,96769.83155939366,59450.23286481735
18,00000,Indiana,AgriNovus,Total,2020,95748.58303070057,63510.47421199444
18,00000,Indiana,AgriNovus,Total,2021,97293.24658938666,65271.152255765024
18,00000,Indiana,AgriNovus,Total,2022,101879.80182389652,69230.30715061488
18,00000,Indiana,AgriNovus,Total,2023,104348.15717344223,72663.6873139425
18,00000,Indiana,BioCrossroads,Total,2019,62354.36483774512,129687.54714283608
18,00000,Indiana,BioCrossroads,Total,2020,62222.9948240417,134353.18436764268
18,00000,Indiana,BioCrossroads,Total,2021,64825.04937977214,137126.064995857
18,00000,Indiana,BioCrossroads,Total,2022,68581.12525909828,139138.05877296175
18,00000,Indiana,BioCrossroads,Total,2023,70189.07111633412,148688.5070772028
18,00000,Indiana,Conexus,Total,2019,807532.0140870598,76137.7159405498
18,00000,Indiana,Conexus,Total,2020,772928.9415625103,78107.75567147353
18,00000,Indiana,Conexus,Total,2021,805796.4288768787,82409.0489100391
18,00000,Indiana,Conexus,Total,2022,842888.4354666965,86529.00667328789
18,00000,Indiana,Conexus,Total,2023,841356.8738149902,89161.87722623473
18,00000,Indiana,TechPoint,Total,2019,67541.3384214442,100028.65222599707
18,00000,Indiana,TechPoint,Total,2020,66949.6920230731,103439.52504184269
18,00000,Indiana,TechPoint,Total,2021,69600.71276073779,111726.14403551577
18,00000,Indiana,TechPoint,Total,2022,73528.47452551883,115815.86309651042
18,00000,Indiana,TechPoint,Total,2023,73721.65866738805,120371.82939065844
