display_level,sector,sector_name,subsector,subsector_name,statefips,countyfips,metrofips,geo_area,year,naics,naics_title,group_by_sort,sort,jobs,grp
0,0,Total - All Industries,,,00,000,18020,Columbus MSA,2024,000000,,0,0,52070.97546841156,7477016100.917909
0,0,Total - All Industries,,,00,000,23060,Fort Wayne MSA,2018,000000,,0,0,224332.7640193458,22224394477.57439
0,0,Total - All Industries,,,00,000,31140,Louisville/Jefferson County MSA,2010,000000,,0,0,594553.0805183055,51306676367.42563
0,0,Total - All Industries,,,00,000,33140,Michigan City-La Porte MSA,2017,000000,,0,0,42068.128505677145,3555678057.8559456
0,0,Total - All Industries,,,00,000,43780,South Bend-Mishawaka MSA,2011,000000,,0,0,136022.51830076953,10732768945.681871
0,0,Total - All Industries,,,00,000,43780,South Bend-Mishawaka MSA,2017,000000,,0,0,144638.99208034197,12496975563.963827
0,0,Total - All Industries,,,00,000,43780,South Bend-Mishawaka MSA,2024,000000,,0,0,145032.97626005256,17175454638.567705
0,0,Total - All Industries,,,00,000,45460,Terre Haute MSA,2013,000000,,0,0,71289.74145708284,5723456021.782485
0,0,Total - All Industries,,,0,000,00000,United States,2017,000000,,0,0,152144865.53597525,17529078474951.928
0,0,Total - All Industries,,,0,000,00000,United States,2024,000000,,0,0,163254622.45118114,26164255274939.66
0,0,Total - All Industries,,,00,000,14020,Bloomington MSA,2011,000000,,0,0,74035.02074132892,5059239533.389834
0,0,Total - All Industries,,,00,000,16980,Chicago-Naperville-Elgin MSA,2009,000000,,0,0,4243624.558159014,450566618304.276
0,0,Total - All Industries,,,00,000,16980,Chicago-Naperville-Elgin MSA,2013,000000,,0,0,4364945.565618953,522849737217.1924
0,0,Total - All Industries,,,00,000,18020,Columbus MSA,2010,000000,,0,0,42965.49428719731,3824637705.678932
0,0,Total - All Industries,,,00,000,21140,Elkhart-Goshen MSA,2015,000000,,0,0,127713.46687730194,10961396900.930803
0,0,Total - All Industries,,,00,000,21780,Evansville MSA,2020,000000,,0,0,132952.71388436278,14153777561.90036
0,0,Total - All Industries,,,00,000,23060,Fort Wayne MSA,2023,000000,,0,0,233377.40797706114,29207241786.63028
0,0,Total - All Industries,,,00,000,31140,Louisville/Jefferson County MSA,2021,000000,,0,0,673659.2626979527,82486723873.13702
0,0,Total - All Industries,,,00,000,33140,Michigan City-La Porte MSA,2012,000000,,0,0,43038.687589961606,3379334485.7828083
0,0,Total - All Industries,,,00,000,43780,South Bend-Mishawaka MSA,2012,000000,,0,0,135901.93699638383,11051880453.400192
0,0,Total - All Industries,,,0,000,00000,United States,2012,000000,,0,0,140095538.2967572,14541611260737.576
0,0,Total - All Industries,,,00,000,14020,Bloomington MSA,2016,000000,,0,0,75722.66009997408,5851073307.137642
0,0,Total - All Industries,,,00,000,18020,Columbus MSA,2011,000000,,0,0,45620.57882929719,4202447314.525305
0,0,Total - All Industries,,,00,000,26900,Indianapolis-Carmel-Greenwood MSA,2021,000000,,0,0,1061320.402827091,142756845671.2044
0,0,Total - All Industries,,,00,000,29020,Kokomo MSA,2009,000000,,0,0,35259.43295353102,2653902306.7843537
0,0,Total - All Industries,,,00,000,29200,Lafayette-West Lafayette MSA,2019,000000,,0,0,106176.60005197849,10174960967.18926
0,0,Total - All Industries,,,00,000,31140,Louisville/Jefferson County MSA,2019,000000,,0,0,689084.5160129635,76758106345.61374
0,0,Total - All Industries,,,00,000,33140,Michigan City-La Porte MSA,2009,000000,,0,0,43819.22031954097,3129278781.4717984
0,0,Total - All Industries,,,00,000,45460,Terre Haute MSA,2007,000000,,0,0,73395.81301291304,5067073442.545292
0,0,Total - All Industries,,,00,000,14020,Bloomington MSA,2023,000000,,0,0,79766.89210321517,9756693653.327902
0,0,Total - All Industries,,,00,000,17140,Cincinnati MSA,2015,000000,,0,0,1057947.6384696607,113111014753.32071
0,0,Total - All Industries,,,00,000,17140,Cincinnati MSA,2022,000000,,0,0,1117550.4338549194,158024342072.916
0,0,Total - All Industries,,,00,000,21140,Elkhart-Goshen MSA,2012,000000,,0,0,113605.65433153135,8920111591.319197
0,0,Total - All Industries,,,00,000,21780,Evansville MSA,2012,000000,,0,0,134918.14744148226,12210173323.480522
0,0,Total - All Industries,,,00,000,21780,Evansville MSA,2017,000000,,0,0,139692.65614592805,13824039182.008728
0,0,Total - All Industries,,,00,000,26900,Indianapolis-Carmel-Greenwood MSA,2022,000000,,0,0,1103199.1628080779,158563914604.44254
0,0,Total - All Industries,,,00,000,29020,Kokomo MSA,2014,000000,,0,0,40318.31866043139,3677535741.716516
0,0,Total - All Industries,,,00,000,31140,Louisville/Jefferson County MSA,2024,000000,,0,0,715669.0752638223,101162536825.26709
0,0,Total - All Industries,,,00,000,33140,Michigan City-La Porte MSA,2014,000000,,0,0,42419.84479746887,3548439483.1739597
0,0,Total - All Industries,,,00,000,34620,Muncie MSA,2019,000000,,0,0,48532.78195119261,3988427560.7324347
0,0,Total - All Industries,,,00,000,43780,South Bend-Mishawaka MSA,2014,000000,,0,0,138097.33976421139,11223245115.819056
0,0,Total - All Industries,,,00,000,43780,South Bend-Mishawaka MSA,2023,000000,,0,0,144443.7578898229,16532212819.419659
0,0,Total - All Industries,,,00,000,16980,Chicago-Naperville-Elgin MSA,2011,000000,,0,0,4242608.258075518,484525236403.41565
0,0,Total - All Industries,,,00,000,17140,Cincinnati MSA,2021,000000,,0,0,1086475.7854594637,147085808736.65933
0,0,Total - All Industries,,,00,000,18020,Columbus MSA,2023,000000,,0,0,52240.469532739255,6884981116.33778
0,0,Total - All Industries,,,00,000,23060,Fort Wayne MSA,2015,000000,,0,0,217372.39922384918,20026338338.959877
0,0,Total - All Industries,,,00,000,29020,Kokomo MSA,2015,000000,,0,0,40638.74789753254,3804951439.523594
0,0,Total - All Industries,,,00,000,29020,Kokomo MSA,2020,000000,,0,0,37733.172282902626,3677808353.8347445
0,0,Total - All Industries,,,00,000,29200,Lafayette-West Lafayette MSA,2009,000000,,0,0,90229.95878131317,6460189580.549274
0,0,Total - All Industries,,,00,000,29200,Lafayette-West Lafayette MSA,2013,000000,,0,0,97678.16242910833,8081081370.622514
0,0,Total - All Industries,,,00,000,29200,Lafayette-West Lafayette MSA,2015,000000,,0,0,101000.97508331749,8839622040.53162
0,0,Total - All Industries,,,00,000,43780,South Bend-Mishawaka MSA,2020,000000,,0,0,136970.49575733565,12870666668.06249
0,0,Total - All Industries,,,00,000,14020,Bloomington MSA,2021,000000,,0,0,75126.85199764802,8159878502.323734
0,0,Total - All Industries,,,00,000,16980,Chicago-Naperville-Elgin MSA,2012,000000,,0,0,4311103.43174094,512640771307.4169
0,0,Total - All Industries,,,00,000,18020,Columbus MSA,2016,000000,,0,0,52365.69768626536,5265192513.879417
0,0,Total - All Industries,,,00,000,21140,Elkhart-Goshen MSA,2018,000000,,0,0,141351.07371664396,13878751241.871643
0,0,Total - All Industries,,,00,000,23060,Fort Wayne MSA,2024,000000,,0,0,234694.59780000607,30725040375.23393
0,0,Total - All Industries,,,18,000,00000,Indiana,2016,000000,,0,0,3156671.448074633,298597685380.1589
0,0,Total - All Industries,,,18,000,00000,Indiana,2022,000000,,0,0,3269419.0576869696,411401459513.217
0,0,Total - All Industries,,,00,000,29020,Kokomo MSA,2013,000000,,0,0,39628.04509209955,3488561016.7327976
0,0,Total - All Industries,,,00,000,33140,Michigan City-La Porte MSA,2007,000000,,0,0,46947.61225800964,3253449260.7848296
0,0,Total - All Industries,,,00,000,33140,Michigan City-La Porte MSA,2022,000000,,0,0,41338.46814737877,4690915141.596225
0,0,Total - All Industries,,,00,000,34620,Muncie MSA,2022,000000,,0,0,47242.01331922034,4485857971.67784
0,0,Total - All Industries,,,00,000,43780,South Bend-Mishawaka MSA,2008,000000,,0,0,141701.03031367835,10407709157.18378
0,0,Total - All Industries,,,00,000,43780,South Bend-Mishawaka MSA,2013,000000,,0,0,135797.13021209397,10857269952.8364
0,0,Total - All Industries,,,0,000,00000,United States,2023,000000,,0,0,161341988.6325609,24669316244146.227
0,0,Total - All Industries,,,00,000,14020,Bloomington MSA,2010,000000,,0,0,74106.04996191725,5079631861.484892
0,0,Total - All Industries,,,00,000,14020,Bloomington MSA,2022,000000,,0,0,79237.14692740706,9473882277.715828
0,0,Total - All Industries,,,00,000,17140,Cincinnati MSA,2023,000000,,0,0,1134447.8983284563,167274507924.142
0,0,Total - All Industries,,,00,000,18020,Columbus MSA,2021,000000,,0,0,49522.112706598164,5728187909.5802965
0,0,Total - All Industries,,,00,000,21140,Elkhart-Goshen MSA,2008,000000,,0,0,118111.57926164207,7827362068.482779
0,0,Total - All Industries,,,00,000,21140,Elkhart-Goshen MSA,2013,000000,,0,0,118990.83367528894,9537441650.345839
0,0,Total - All Industries,,,00,000,21780,Evansville MSA,2007,000000,,0,0,136602.6243324064,11446604109.855194
0,0,Total - All Industries,,,00,000,21780,Evansville MSA,2014,000000,,0,0,135408.34273139163,13081272931.77737
0,0,Total - All Industries,,,18,000,00000,Indiana,2021,000000,,0,0,3161340.0499377074,370398487095.5513
0,0,Total - All Industries,,,00,000,26900,Indianapolis-Carmel-Greenwood MSA,2023,000000,,0,0,1128524.160624313,169389660527.78815
0,0,Total - All Industries,,,00,000,45460,Terre Haute MSA,2014,000000,,0,0,71470.72559042742,5827176195.873811
0,0,Total - All Industries,,,00,000,17140,Cincinnati MSA,2016,000000,,0,0,1074542.5096200511,118525107385.05627
0,0,Total - All Industries,,,00,000,21140,Elkhart-Goshen MSA,2020,000000,,0,0,128388.90977722,13003279298.36969
0,0,Total - All Industries,,,00,000,21780,Evansville MSA,2009,000000,,0,0,132521.9867647805,11472525221.16281
0,0,Total - All Industries,,,00,000,23060,Fort Wayne MSA,2021,000000,,0,0,222077.8942210199,25297882333.25717
0,0,Total - All Industries,,,18,000,00000,Indiana,2010,000000,,0,0,2869323.052098049,245682653791.9444
0,0,Total - All Industries,,,00,000,29200,Lafayette-West Lafayette MSA,2007,000000,,0,0,94672.80679110585,6741513765.855981
0,0,Total - All Industries,,,00,000,31140,Louisville/Jefferson County MSA,2018,000000,,0,0,683986.7086003207,72991230140.9161
0,0,Total - All Industries,,,00,000,34620,Muncie MSA,2008,000000,,0,0,50160.70679566056,3142310401.0441985
0,0,Total - All Industries,,,00,000,45460,Terre Haute MSA,2019,000000,,0,0,69645.7251222131,6315982044.378459
0,0,Total - All Industries,,,0,000,00000,United States,2022,000000,,0,0,158157129.60090116,23238280601681.305
0,0,Total - All Industries,,,00,000,14020,Bloomington MSA,2009,000000,,0,0,75221.03569920709,4960485511.004291
0,0,Total - All Industries,,,00,000,16980,Chicago-Naperville-Elgin MSA,2017,000000,,0,0,4616649.597733326,600194389007.6322
0,0,Total - All Industries,,,00,000,16980,Chicago-Naperville-Elgin MSA,2020,000000,,0,0,4335899.831798557,617145882252.8068
0,0,Total - All Industries,,,00,000,21140,Elkhart-Goshen MSA,2024,000000,,0,0,131176.57622545544,16855279543.078957
0,0,Total - All Industries,,,18,000,00000,Indiana,2023,000000,,0,0,3314860.112455708,431978129042.2446
0,0,Total - All Industries,,,00,000,29020,Kokomo MSA,2010,000000,,0,0,36592.95285859685,2921249733.87272
0,0,Total - All Industries,,,00,000,29020,Kokomo MSA,2016,000000,,0,0,41713.92578551951,3898290602.3961
0,0,Total - All Industries,,,00,000,29200,Lafayette-West Lafayette MSA,2008,000000,,0,0,94861.56869155748,6754149270.792568
0,0,Total - All Industries,,,00,000,31140,Louisville/Jefferson County MSA,2022,000000,,0,0,696450.7462493234,89477222968.60481
0,0,Total - All Industries,,,00,000,34620,Muncie MSA,2018,000000,,0,0,49086.56116257742,3799777692.0780473
0,0,Total - All Industries,,,00,000,34620,Muncie MSA,2020,000000,,0,0,46324.38216154402,3873228402.1401935
0,0,Total - All Industries,,,00,000,45460,Terre Haute MSA,2008,000000,,0,0,72935.33051996896,5170849246.803527
0,0,Total - All Industries,,,00,000,45460,Terre Haute MSA,2022,000000,,0,0,67363.21280072254,7483410665.43419
0,0,Total - All Industries,,,00,000,18020,Columbus MSA,2015,000000,,0,0,51788.20469269953,5226331057.094311
0,0,Total - All Industries,,,00,000,21140,Elkhart-Goshen MSA,2019,000000,,0,0,136761.21869253382,13146227069.386942
0,0,Total - All Industries,,,00,000,29020,Kokomo MSA,2023,000000,,0,0,36694.547873717216,4422377904.294839
0,0,Total - All Industries,,,00,000,31140,Louisville/Jefferson County MSA,2020,000000,,0,0,652334.6872473849,75670893824.75143
0,0,Total - All Industries,,,00,000,33140,Michigan City-La Porte MSA,2023,000000,,0,0,42472.98686284033,5101373468.135581
0,0,Total - All Industries,,,00,000,43780,South Bend-Mishawaka MSA,2009,000000,,0,0,133576.51707410035,9749195450.51695
0,0,Total - All Industries,,,00,000,45460,Terre Haute MSA,2012,000000,,0,0,71684.2784765709,5632193477.726356
0,0,Total - All Industries,,,00,000,45460,Terre Haute MSA,2017,000000,,0,0,70958.36293039154,5857038373.132362
0,0,Total - All Industries,,,00,000,21140,Elkhart-Goshen MSA,2023,000000,,0,0,135398.25816605028,16294197110.17016
0,0,Total - All Industries,,,00,000,31140,Louisville/Jefferson County MSA,2015,000000,,0,0,656261.500163155,65576127594.22983
0,0,Total - All Industries,,,00,000,33140,Michigan City-La Porte MSA,2011,000000,,0,0,42983.65739581518,3311739596.979107
0,0,Total - All Industries,,,00,000,16980,Chicago-Naperville-Elgin MSA,2015,000000,,0,0,4528174.497328113,569847430523.6587
0,0,Total - All Industries,,,00,000,29020,Kokomo MSA,2008,000000,,0,0,40059.615632607114,3268921597.108645
0,0,Total - All Industries,,,00,000,33140,Michigan City-La Porte MSA,2016,000000,,0,0,42121.73814367233,3484928808.77322
0,0,Total - All Industries,,,00,000,45460,Terre Haute MSA,2009,000000,,0,0,71067.93167829851,5075485612.6287155
0,0,Total - All Industries,,,00,000,14020,Bloomington MSA,2018,000000,,0,0,77155.80831802345,6596751806.228339
0,0,Total - All Industries,,,00,000,17140,Cincinnati MSA,2013,000000,,0,0,1019634.8821540661,102262174075.39285
0,0,Total - All Industries,,,00,000,29020,Kokomo MSA,2022,000000,,0,0,36230.009352736946,4088947017.618156
0,0,Total - All Industries,,,00,000,29200,Lafayette-West Lafayette MSA,2010,000000,,0,0,90399.2300893097,7143664673.382802
0,0,Total - All Industries,,,00,000,33140,Michigan City-La Porte MSA,2020,000000,,0,0,39676.010354336686,3727801961.681757
0,0,Total - All Industries,,,0,000,00000,United States,2011,000000,,0,0,137333740.9949931,13882948253838.7
0,0,Total - All Industries,,,00,000,17140,Cincinnati MSA,2011,000000,,0,0,995543.3512142685,95065342441.67865
0,0,Total - All Industries,,,00,000,21140,Elkhart-Goshen MSA,2016,000000,,0,0,131200.7437959869,11937155138.64606
0,0,Total - All Industries,,,00,000,21780,Evansville MSA,2022,000000,,0,0,137986.73608992758,17353309903.512527
0,0,Total - All Industries,,,18,000,00000,Indiana,2018,000000,,0,0,3219845.52743156,327981362356.60156
0,0,Total - All Industries,,,00,000,26900,Indianapolis-Carmel-Greenwood MSA,2010,000000,,0,0,906448.0282738785,88265080802.51544
0,0,Total - All Industries,,,00,000,29200,Lafayette-West Lafayette MSA,2011,000000,,0,0,93518.88715726449,7576020802.992372
0,0,Total - All Industries,,,00,000,31140,Louisville/Jefferson County MSA,2023,000000,,0,0,709046.6952807069,95621576734.03079
0,0,Total - All Industries,,,00,000,33140,Michigan City-La Porte MSA,2013,000000,,0,0,42388.49747642791,3434520934.7090945
0,0,Total - All Industries,,,00,000,43780,South Bend-Mishawaka MSA,2007,000000,,0,0,143934.47539257642,10528785084.003428
0,0,Total - All Industries,,,00,000,43780,South Bend-Mishawaka MSA,2021,000000,,0,0,137207.45805131528,14346745759.831783
0,0,Total - All Industries,,,00,000,21780,Evansville MSA,2013,000000,,0,0,133454.6583979123,12259429202.012264
0,0,Total - All Industries,,,00,000,23060,Fort Wayne MSA,2013,000000,,0,0,209256.61620270452,18304054038.1721
0,0,Total - All Industries,,,18,000,00000,Indiana,2024,000000,,0,0,3337511.0598066985,459085708914.03125
0,0,Total - All Industries,,,00,000,29020,Kokomo MSA,2019,000000,,0,0,40089.8438313253,4146978164.710204
0,0,Total - All Industries,,,00,000,31140,Louisville/Jefferson County MSA,2009,000000,,0,0,594443.7271772776,48647797886.62889
0,0,Total - All Industries,,,00,000,31140,Louisville/Jefferson County MSA,2016,000000,,0,0,670466.4559242252,68581484150.43402
0,0,Total - All Industries,,,0,000,00000,United States,2018,000000,,0,0,154490130.95398745,18426329113327.26
0,0,Total - All Industries,,,00,000,16980,Chicago-Naperville-Elgin MSA,2016,000000,,0,0,4584509.938458453,580642244387.4156
0,0,Total - All Industries,,,00,000,17140,Cincinnati MSA,2018,000000,,0,0,1104440.6337864755,127016374206.73657
0,0,Total - All Industries,,,00,000,17140,Cincinnati MSA,2020,000000,,0,0,1054325.4790889719,133209269184.48663
0,0,Total - All Industries,,,00,000,18020,Columbus MSA,2013,000000,,0,0,49230.45534462679,4896195105.218982
0,0,Total - All Industries,,,00,000,21140,Elkhart-Goshen MSA,2017,000000,,0,0,137808.62941975935,13691849046.66674
0,0,Total - All Industries,,,00,000,21140,Elkhart-Goshen MSA,2022,000000,,0,0,145321.00656047382,17868825594.175602
0,0,Total - All Industries,,,00,000,21780,Evansville MSA,2011,000000,,0,0,135141.08618412743,12061913850.586678
0,0,Total - All Industries,,,00,000,23060,Fort Wayne MSA,2011,000000,,0,0,206091.57319939678,17633226102.18594
0,0,Total - All Industries,,,18,000,00000,Indiana,2008,000000,,0,0,3030798.194678724,242041406602.83755
0,0,Total - All Industries,,,00,000,33140,Michigan City-La Porte MSA,2015,000000,,0,0,42263.04254555198,3450650294.99454
0,0,Total - All Industries,,,00,000,33140,Michigan City-La Porte MSA,2024,000000,,0,0,42206.83298367263,5303042497.752956
0,0,Total - All Industries,,,00,000,34620,Muncie MSA,2009,000000,,0,0,47934.03359512025,3054590505.755576
0,0,Total - All Industries,,,00,000,43780,South Bend-Mishawaka MSA,2016,000000,,0,0,144281.00532909794,12219792068.355707
0,0,Total - All Industries,,,00,000,45460,Terre Haute MSA,2018,000000,,0,0,70520.64617627415,6031548642.557687
0,0,Total - All Industries,,,00,000,14020,Bloomington MSA,2008,000000,,0,0,76022.35121003853,4863213852.640757
0,0,Total - All Industries,,,00,000,17140,Cincinnati MSA,2017,000000,,0,0,1088986.7561912893,121806462656.17845
0,0,Total - All Industries,,,00,000,21780,Evansville MSA,2023,000000,,0,0,139216.65412603167,18036637820.44252
0,0,Total - All Industries,,,00,000,23060,Fort Wayne MSA,2022,000000,,0,0,230399.20475729494,27705185823.224102
0,0,Total - All Industries,,,00,000,26900,Indianapolis-Carmel-Greenwood MSA,2014,000000,,0,0,981974.1876877302,102645122608.82135
0,0,Total - All Industries,,,00,000,31140,Louisville/Jefferson County MSA,2013,000000,,0,0,628776.1841355064,58307430580.99131
0,0,Total - All Industries,,,00,000,14020,Bloomington MSA,2007,000000,,0,0,75069.79115555354,4645154552.646164
0,0,Total - All Industries,,,00,000,16980,Chicago-Naperville-Elgin MSA,2010,000000,,0,0,4189038.525417538,465550579695.051
0,0,Total - All Industries,,,00,000,16980,Chicago-Naperville-Elgin MSA,2021,000000,,0,0,4399799.68308805,689799358085.1781
0,0,Total - All Industries,,,00,000,17140,Cincinnati MSA,2012,000000,,0,0,1009542.1794629493,99020749532.97987
0,0,Total - All Industries,,,00,000,21140,Elkhart-Goshen MSA,2009,000000,,0,0,97838.94206787902,6602098936.804776
0,0,Total - All Industries,,,00,000,21780,Evansville MSA,2016,000000,,0,0,137868.46052413728,13183879530.2024
0,0,Total - All Industries,,,00,000,23060,Fort Wayne MSA,2020,000000,,0,0,216372.19192926268,22650068934.712975
0,0,Total - All Industries,,,00,000,45460,Terre Haute MSA,2010,000000,,0,0,70997.82921972097,5476744772.14299
0,0,Total - All Industries,,,0,000,00000,United States,2007,000000,,0,0,143567889.79329485,13041704106374.963
0,0,Total - All Industries,,,0,000,00000,United States,2008,000000,,0,0,142943846.7555385,13172598347923.947
0,0,Total - All Industries,,,00,000,18020,Columbus MSA,2007,000000,,0,0,45538.66330455069,3649198464.8106875
0,0,Total - All Industries,,,00,000,23060,Fort Wayne MSA,2012,000000,,0,0,209445.15801775825,18126302733.630573
0,0,Total - All Industries,,,18,000,00000,Indiana,2007,000000,,0,0,3063850.1753693344,241256160087.28915
0,0,Total - All Industries,,,00,000,29200,Lafayette-West Lafayette MSA,2022,000000,,0,0,108135.16651568083,11991286317.358929
0,0,Total - All Industries,,,00,000,45460,Terre Haute MSA,2024,000000,,0,0,68207.29385324728,8254756417.471583
0,0,Total - All Industries,,,0,000,00000,United States,2020,000000,,0,0,147359212.4391545,18923708604521.664
0,0,Total - All Industries,,,00,000,14020,Bloomington MSA,2020,000000,,0,0,73180.15380136085,6900312172.310285
0,0,Total - All Industries,,,00,000,16980,Chicago-Naperville-Elgin MSA,2019,000000,,0,0,4685575.966535401,649334237508.5087
0,0,Total - All Industries,,,00,000,18020,Columbus MSA,2008,000000,,0,0,46390.12444109043,3783786130.8059707
0,0,Total - All Industries,,,00,000,21780,Evansville MSA,2018,000000,,0,0,140926.62668071882,14356886144.91788
0,0,Total - All Industries,,,00,000,23060,Fort Wayne MSA,2017,000000,,0,0,221114.2445146056,21022542459.3752
0,0,Total - All Industries,,,00,000,26900,Indianapolis-Carmel-Greenwood MSA,2013,000000,,0,0,962145.2532362655,97508171897.77034
0,0,Total - All Industries,,,00,000,26900,Indianapolis-Carmel-Greenwood MSA,2019,000000,,0,0,1072956.9441302358,127276609419.91087
0,0,Total - All Industries,,,00,000,29020,Kokomo MSA,2021,000000,,0,0,36939.3365040424,3793810167.8208723
0,0,Total - All Industries,,,00,000,29200,Lafayette-West Lafayette MSA,2021,000000,,0,0,103466.14564885761,10450797782.078074
0,0,Total - All Industries,,,00,000,43780,South Bend-Mishawaka MSA,2015,000000,,0,0,141437.9324125668,11630510664.12983
0,0,Total - All Industries,,,0,000,00000,United States,2015,000000,,0,0,147908367.47532937,16346862496989.627
0,0,Total - All Industries,,,00,000,14020,Bloomington MSA,2012,000000,,0,0,74412.49550456007,5181522391.470991
0,0,Total - All Industries,,,00,000,14020,Bloomington MSA,2019,000000,,0,0,77112.2786960324,6740034933.695814
0,0,Total - All Industries,,,00,000,17140,Cincinnati MSA,2007,000000,,0,0,1059669.551244788,90486433167.58746
0,0,Total - All Industries,,,00,000,17140,Cincinnati MSA,2014,000000,,0,0,1037514.3393251955,108050541121.3838
0,0,Total - All Industries,,,00,000,21780,Evansville MSA,2024,000000,,0,0,139731.42573401204,19065074740.716713
0,0,Total - All Industries,,,00,000,23060,Fort Wayne MSA,2016,000000,,0,0,218776.6430339522,20660452662.502415
0,0,Total - All Industries,,,18,000,00000,Indiana,2014,000000,,0,0,3054898.144308671,285463600664.8557
0,0,Total - All Industries,,,00,000,26900,Indianapolis-Carmel-Greenwood MSA,2020,000000,,0,0,1025759.2808134343,126899942885.88182
0,0,Total - All Industries,,,00,000,31140,Louisville/Jefferson County MSA,2012,000000,,0,0,617067.8624089059,56228727365.25946
0,0,Total - All Industries,,,00,000,33140,Michigan City-La Porte MSA,2010,000000,,0,0,42693.9564781183,3280061827.654161
0,0,Total - All Industries,,,00,000,45460,Terre Haute MSA,2023,000000,,0,0,67714.22347755196,7832113892.9362955
0,0,Total - All Industries,,,00,000,14020,Bloomington MSA,2017,000000,,0,0,76389.5182628604,6406668142.792337
0,0,Total - All Industries,,,00,000,17140,Cincinnati MSA,2009,000000,,0,0,1001412.9556208517,89287814436.1501
0,0,Total - All Industries,,,00,000,18020,Columbus MSA,2014,000000,,0,0,50540.38230637248,5143721839.379683
0,0,Total - All Industries,,,00,000,21140,Elkhart-Goshen MSA,2011,000000,,0,0,107443.19624402981,7851603697.012131
0,0,Total - All Industries,,,00,000,21780,Evansville MSA,2015,000000,,0,0,137075.1187642217,13240993155.710012
0,0,Total - All Industries,,,18,000,00000,Indiana,2019,000000,,0,0,3240392.4250975903,334619278088.42834
0,0,Total - All Industries,,,00,000,26900,Indianapolis-Carmel-Greenwood MSA,2009,000000,,0,0,906675.2683586115,83377511091.20906
0,0,Total - All Industries,,,00,000,26900,Indianapolis-Carmel-Greenwood MSA,2015,000000,,0,0,1005905.192492371,105275071668.4682
0,0,Total - All Industries,,,00,000,29200,Lafayette-West Lafayette MSA,2024,000000,,0,0,111477.42591740243,13995435013.857645
0,0,Total - All Industries,,,00,000,31140,Louisville/Jefferson County MSA,2017,000000,,0,0,678867.5476264715,70566125031.22252
0,0,Total - All Industries,,,00,000,33140,Michigan City-La Porte MSA,2021,000000,,0,0,40285.075688520374,4300660884.020465
0,0,Total - All Industries,,,00,000,34620,Muncie MSA,2010,000000,,0,0,47244.00545694326,2997751637.9489374
0,0,Total - All Industries,,,00,000,16980,Chicago-Naperville-Elgin MSA,2018,000000,,0,0,4650965.016636309,630188179193.5387
0,0,Total - All Industries,,,00,000,18020,Columbus MSA,2017,000000,,0,0,52577.280085545215,5130419632.743745
0,0,Total - All Industries,,,00,000,21780,Evansville MSA,2021,000000,,0,0,134984.06240966773,15777552552.188837
0,0,Total - All Industries,,,00,000,23060,Fort Wayne MSA,2007,000000,,0,0,218404.86335045454,16847020391.628582
0,0,Total - All Industries,,,00,000,23060,Fort Wayne MSA,2009,000000,,0,0,203642.92732032627,15850620790.348993
0,0,Total - All Industries,,,00,000,23060,Fort Wayne MSA,2014,000000,,0,0,212135.92712141713,19301412288.99136
0,0,Total - All Industries,,,18,000,00000,Indiana,2017,000000,,0,0,3194357.67119309,312555573431.52374
0,0,Total - All Industries,,,00,000,26900,Indianapolis-Carmel-Greenwood MSA,2007,000000,,0,0,943679.3629514761,84457453233.24402
0,0,Total - All Industries,,,00,000,29020,Kokomo MSA,2018,000000,,0,0,41028.744610307775,4128873031.01703
0,0,Total - All Industries,,,00,000,29200,Lafayette-West Lafayette MSA,2014,000000,,0,0,99411.86380075835,8597363617.612957
0,0,Total - All Industries,,,00,000,33140,Michigan City-La Porte MSA,2019,000000,,0,0,42111.24570293151,3805094365.783743
0,0,Total - All Industries,,,00,000,34620,Muncie MSA,2011,000000,,0,0,47445.83744648153,3086112336.609968
0,0,Total - All Industries,,,00,000,43780,South Bend-Mishawaka MSA,2018,000000,,0,0,145301.02991093716,12955150217.679075
0,0,Total - All Industries,,,00,000,45460,Terre Haute MSA,2021,000000,,0,0,66215.64746087651,6780205576.745802
0,0,Total - All Industries,,,00,000,18020,Columbus MSA,2012,000000,,0,0,49111.40519421818,4819796521.251289
0,0,Total - All Industries,,,00,000,18020,Columbus MSA,2019,000000,,0,0,53007.35684004093,5678428157.502543
0,0,Total - All Industries,,,18,000,00000,Indiana,2011,000000,,0,0,2909549.882117984,253120177050.55002
0,0,Total - All Industries,,,18,000,00000,Indiana,2012,000000,,0,0,2973336.149300917,263192335471.50204
0,0,Total - All Industries,,,00,000,29200,Lafayette-West Lafayette MSA,2023,000000,,0,0,111244.79739825352,13227479535.584375
0,0,Total - All Industries,,,00,000,31140,Louisville/Jefferson County MSA,2011,000000,,0,0,600017.0000749107,52424184823.88541
0,0,Total - All Industries,,,00,000,34620,Muncie MSA,2013,000000,,0,0,48104.12365044185,3339698371.99119
0,0,Total - All Industries,,,00,000,45460,Terre Haute MSA,2016,000000,,0,0,71119.85607310112,5767397211.901062
0,0,Total - All Industries,,,0,000,00000,United States,2014,000000,,0,0,144988929.1688224,15750796653701.701
0,0,Total - All Industries,,,0,000,00000,United States,2016,000000,,0,0,150220277.25002518,16798701354990.75
0,0,Total - All Industries,,,00,000,16980,Chicago-Naperville-Elgin MSA,2024,000000,,0,0,4645443.453051175,833441089053.8527
0,0,Total - All Industries,,,00,000,31140,Louisville/Jefferson County MSA,2007,000000,,0,0,626580.4659188978,50601154428.99057
0,0,Total - All Industries,,,00,000,31140,Louisville/Jefferson County MSA,2008,000000,,0,0,621555.307167809,49872168547.01599
0,0,Total - All Industries,,,00,000,34620,Muncie MSA,2023,000000,,0,0,47522.9855895561,4711181297.291887
0,0,Total - All Industries,,,00,000,43780,South Bend-Mishawaka MSA,2010,000000,,0,0,134024.81980490324,10407621613.379858
0,0,Total - All Industries,,,00,000,45460,Terre Haute MSA,2015,000000,,0,0,71346.50515688506,5715937305.922813
0,0,Total - All Industries,,,0,000,00000,United States,2019,000000,,0,0,156650158.83519894,19203787611438.098
0,0,Total - All Industries,,,00,000,14020,Bloomington MSA,2014,000000,,0,0,74825.46918956257,5477807562.220984
0,0,Total - All Industries,,,00,000,16980,Chicago-Naperville-Elgin MSA,2007,000000,,0,0,4511402.145196942,465652448867.4841
0,0,Total - All Industries,,,00,000,16980,Chicago-Naperville-Elgin MSA,2008,000000,,0,0,4474371.804632693,464086576925.81366
0,0,Total - All Industries,,,00,000,17140,Cincinnati MSA,2019,000000,,0,0,1117934.199912911,134836055471.73505
0,0,Total - All Industries,,,00,000,18020,Columbus MSA,2022,000000,,0,0,51611.75634775355,6424811295.339624
0,0,Total - All Industries,,,18,000,00000,Indiana,2015,000000,,0,0,3111733.271548376,290039653076.9031
0,0,Total - All Industries,,,00,000,26900,Indianapolis-Carmel-Greenwood MSA,2016,000000,,0,0,1028828.7164363129,110381618356.98354
0,0,Total - All Industries,,,00,000,26900,Indianapolis-Carmel-Greenwood MSA,2018,000000,,0,0,1053157.1009041574,123153523429.34053
0,0,Total - All Industries,,,00,000,29200,Lafayette-West Lafayette MSA,2020,000000,,0,0,100354.5035309644,9880039218.996769
0,0,Total - All Industries,,,00,000,34620,Muncie MSA,2016,000000,,0,0,48829.94205376892,3610168436.2444344
0,0,Total - All Industries,,,00,000,45460,Terre Haute MSA,2020,000000,,0,0,65853.58362316476,6124620905.278273
0,0,Total - All Industries,,,0,000,00000,United States,2013,000000,,0,0,142222383.7178433,15045123915071.844
0,0,Total - All Industries,,,0,000,00000,United States,2021,000000,,0,0,151702127.0873679,21179225782382.57
0,0,Total - All Industries,,,00,000,16980,Chicago-Naperville-Elgin MSA,2023,000000,,0,0,4631370.196455163,794285484688.7714
0,0,Total - All Industries,,,00,000,17140,Cincinnati MSA,2024,000000,,0,0,1138616.9851873405,177899467389.80292
0,0,Total - All Industries,,,00,000,23060,Fort Wayne MSA,2019,000000,,0,0,227371.60881279304,23167767297.262924
0,0,Total - All Industries,,,00,000,26900,Indianapolis-Carmel-Greenwood MSA,2017,000000,,0,0,1044276.7792558144,117022585682.51683
0,0,Total - All Industries,,,00,000,26900,Indianapolis-Carmel-Greenwood MSA,2024,000000,,0,0,1142751.6617667533,182286462544.4111
0,0,Total - All Industries,,,00,000,29020,Kokomo MSA,2011,000000,,0,0,37187.37000769311,3192620038.649111
0,0,Total - All Industries,,,00,000,29200,Lafayette-West Lafayette MSA,2016,000000,,0,0,102072.80016924838,9408774332.296827
0,0,Total - All Industries,,,00,000,29200,Lafayette-West Lafayette MSA,2018,000000,,0,0,104801.99370077667,10472268730.095167
0,0,Total - All Industries,,,00,000,33140,Michigan City-La Porte MSA,2018,000000,,0,0,42152.712483247225,3762204441.232086
0,0,Total - All Industries,,,00,000,34620,Muncie MSA,2017,000000,,0,0,49233.34493615148,3693199185.565621
0,0,Total - All Industries,,,0,000,00000,United States,2010,000000,,0,0,135771993.08348492,13373642287308.477
0,0,Total - All Industries,,,00,000,17140,Cincinnati MSA,2010,000000,,0,0,990368.9617677424,92570653651.94965
0,0,Total - All Industries,,,00,000,18020,Columbus MSA,2009,000000,,0,0,42758.89602676353,3475598736.645403
0,0,Total - All Industries,,,00,000,21780,Evansville MSA,2019,000000,,0,0,140890.1897312078,14723645587.079762
0,0,Total - All Industries,,,00,000,26900,Indianapolis-Carmel-Greenwood MSA,2008,000000,,0,0,947002.2680530353,85937170833.31374
0,0,Total - All Industries,,,00,000,26900,Indianapolis-Carmel-Greenwood MSA,2012,000000,,0,0,942460.6069817671,93236149447.2748
0,0,Total - All Industries,,,00,000,29020,Kokomo MSA,2007,000000,,0,0,42124.42251527744,3841802045.941446
0,0,Total - All Industries,,,00,000,29020,Kokomo MSA,2024,000000,,0,0,37432.994348945715,4779004109.694855
0,0,Total - All Industries,,,00,000,34620,Muncie MSA,2012,000000,,0,0,48110.60778891856,3222924609.2066765
0,0,Total - All Industries,,,0,000,00000,United States,2009,000000,,0,0,136617861.27690688,12839993733840.406
0,0,Total - All Industries,,,00,000,14020,Bloomington MSA,2013,000000,,0,0,74565.80861036168,5296327017.903054
0,0,Total - All Industries,,,00,000,17140,Cincinnati MSA,2008,000000,,0,0,1052332.1429905698,91103921359.31544
0,0,Total - All Industries,,,00,000,18020,Columbus MSA,2020,000000,,0,0,49211.39781937392,5307915545.651244
0,0,Total - All Industries,,,00,000,21140,Elkhart-Goshen MSA,2014,000000,,0,0,123939.54840155781,10415698407.67634
0,0,Total - All Industries,,,00,000,23060,Fort Wayne MSA,2010,000000,,0,0,202910.38416071192,17181345561.989594
0,0,Total - All Industries,,,00,000,29200,Lafayette-West Lafayette MSA,2012,000000,,0,0,97021.84535650664,7946711722.310899
0,0,Total - All Industries,,,00,000,34620,Muncie MSA,2024,000000,,0,0,47960.3901747576,4891960219.565454
0,0,Total - All Industries,,,00,000,18020,Columbus MSA,2018,000000,,0,0,53222.24075202982,5533356839.960128
0,0,Total - All Industries,,,00,000,21780,Evansville MSA,2010,000000,,0,0,133066.2353672602,12119623160.095507
0,0,Total - All Industries,,,00,000,29200,Lafayette-West Lafayette MSA,2017,000000,,0,0,103056.65474465546,9630666337.872013
0,0,Total - All Industries,,,00,000,33140,Michigan City-La Porte MSA,2008,000000,,0,0,46369.60319171792,3301519793.0563807
0,0,Total - All Industries,,,00,000,34620,Muncie MSA,2015,000000,,0,0,48792.06903739922,3542623932.104842
0,0,Total - All Industries,,,00,000,14020,Bloomington MSA,2015,000000,,0,0,75591.51640097122,5563017442.922395
0,0,Total - All Industries,,,00,000,21140,Elkhart-Goshen MSA,2007,000000,,0,0,128651.18662779541,8864039640.017513
0,0,Total - All Industries,,,00,000,21140,Elkhart-Goshen MSA,2021,000000,,0,0,140748.4688100665,16524287380.046474
0,0,Total - All Industries,,,00,000,21780,Evansville MSA,2008,000000,,0,0,136854.30137349138,11776960904.987247
0,0,Total - All Industries,,,00,000,23060,Fort Wayne MSA,2008,000000,,0,0,215756.37009009608,16580028949.190487
0,0,Total - All Industries,,,18,000,00000,Indiana,2013,000000,,0,0,3010073.8052513856,271738528146.05658
0,0,Total - All Industries,,,00,000,26900,Indianapolis-Carmel-Greenwood MSA,2011,000000,,0,0,917354.6581238986,89709283354.83713
0,0,Total - All Industries,,,00,000,29020,Kokomo MSA,2012,000000,,0,0,38285.39504208372,3323654568.291114
0,0,Total - All Industries,,,00,000,31140,Louisville/Jefferson County MSA,2014,000000,,0,0,640242.5580753597,61519931956.17074
0,0,Total - All Industries,,,00,000,43780,South Bend-Mishawaka MSA,2019,000000,,0,0,146133.7885309699,13323184736.651018
0,0,Total - All Industries,,,00,000,14020,Bloomington MSA,2024,000000,,0,0,79724.25903221052,10113738863.162767
0,0,Total - All Industries,,,00,000,16980,Chicago-Naperville-Elgin MSA,2014,000000,,0,0,4440528.17850461,546554721573.72614
0,0,Total - All Industries,,,00,000,16980,Chicago-Naperville-Elgin MSA,2022,000000,,0,0,4555148.008287686,755464146136.6638
0,0,Total - All Industries,,,00,000,21140,Elkhart-Goshen MSA,2010,000000,,0,0,104180.73028200807,7647779612.14391
0,0,Total - All Industries,,,18,000,00000,Indiana,2009,000000,,0,0,2862760.947669905,228485370671.45728
0,0,Total - All Industries,,,18,000,00000,Indiana,2020,000000,,0,0,3074722.032663235,326578795231.1202
0,0,Total - All Industries,,,00,000,29020,Kokomo MSA,2017,000000,,0,0,41727.13251651602,4164583974.3966646
0,0,Total - All Industries,,,00,000,34620,Muncie MSA,2007,000000,,0,0,52114.0525709032,3164278596.8309712
0,0,Total - All Industries,,,00,000,34620,Muncie MSA,2014,000000,,0,0,47692.16492246724,3464188292.3706055
0,0,Total - All Industries,,,00,000,34620,Muncie MSA,2021,000000,,0,0,46456.86375251723,4185743345.9924736
0,0,Total - All Industries,,,00,000,43780,South Bend-Mishawaka MSA,2022,000000,,0,0,141197.8123074638,15661865898.211996
0,0,Total - All Industries,,,00,000,45460,Terre Haute MSA,2011,000000,,0,0,70650.29432026284,5461887016.276803
