display_level,sector,sector_name,subsector,subsector_name,statefips,countyfips,metrofips,geo_area,Year,naics,naics_title,group_by_sort,sort,age_14_18,age_19_21,age_22_24,age_25_34,age_35_44,age_45_54,age_55_64,age_65plus
0,0,Total - All Industries,,,00,000,21140,Elkhart-Goshen MSA,2023,000000,,0,0,4286.73894607622,6948.291763867357,8308.255763688765,28886.386079932192,28775.576396289962,26718.586689425374,21922.12952302485,9552.2930037703
0,0,Total - All Industries,,,00,000,26900,Indianapolis-Carmel-Greenwood MSA,2023,000000,,0,0,37429.00799127859,57915.64589300829,71315.1275517301,244871.52560538158,244898.23173568497,219355.55696297728,178598.08309767416,74140.98178651465
0,0,Total - All Industries,,,00,000,31140,Louisville/Jefferson County MSA,2022,000000,,0,0,21909.148189306394,36177.494367206666,41826.9232889199,151449.6760833344,149995.98913210613,139058.9338729866,112617.13434355409,43415.446972028
0,0,Total - All Industries,,,00,000,34620,Muncie MSA,2020,000000,,0,0,1337.2019039339052,3167.2297135602576,3396.7716483388085,9721.444767191597,9168.21504871781,8921.925138798395,7782.57509606735,2829.0188449211255
0,0,Total - All Industries,,,00,000,16980,Chicago-Naperville-Elgin MSA,2022,000000,,0,0,123311.5335574775,201798.48854019877,260434.99624410935,969077.0730252332,968900.1673628613,921922.61299369,775706.215529345,333996.9210346134
0,0,Total - All Industries,,,00,000,16980,Chicago-Naperville-Elgin MSA,2024,000000,,0,0,116596.62117904663,205451.394994847,262099.3369164673,991692.1127767822,991049.3241049569,925869.5329174072,778239.4325436227,374445.697617927
0,0,Total - All Industries,,,18,000,00000,Indiana,2020,000000,,0,0,94397.02993524456,160040.2033279829,187332.56975876266,644309.9307936773,646508.6687667246,621318.7355467682,535715.3243665157,185099.57016879326
0,0,Total - All Industries,,,00,000,33140,Michigan City-La Porte MSA,2022,000000,,0,0,1440.7448574511034,2188.4464518640093,2463.4097743268776,8269.55762555736,8488.814283812997,8267.301409675472,7334.3901176118625,2885.803627073145
0,0,Total - All Industries,,,00,000,14020,Bloomington MSA,2020,000000,,0,0,1804.2962193410663,5139.76934143328,6195.340450357932,15894.588858261759,14543.592981035123,13484.632107501442,11683.730732538554,4434.203110836645
0,0,Total - All Industries,,,00,000,17140,Cincinnati MSA,2020,000000,,0,0,33033.03445821319,54934.245828780106,62893.341039311956,229145.2389678685,224375.1456388787,208437.39731798743,180332.2217747847,61174.854063020306
0,0,Total - All Industries,,,00,000,29200,Lafayette-West Lafayette MSA,2020,000000,,0,0,2870.4993272348565,6155.752712712554,7159.171107099431,21467.720471411885,20786.75215708779,19754.29964509798,16427.423029154805,5732.885081133139
0,0,Total - All Industries,,,0,000,00000,United States,2021,000000,,0,0,4088424.5459861625,7163987.474086497,8520725.176920135,32997106.88923873,32819671.608863406,30302920.829651278,25754295.754805647,10054994.807840945
0,0,Total - All Industries,,,00,000,14020,Bloomington MSA,2021,000000,,0,0,2019.3468673716584,5307.754917727449,5963.932611352516,16510.151943605015,15183.090864542848,13505.188710504197,12106.601573498161,4530.784509014704
0,0,Total - All Industries,,,18,000,00000,Indiana,2021,000000,,0,0,111178.54488729691,167017.0198836461,190722.39916693707,659916.4782743044,661707.2648203677,632136.5165836073,539514.7203386986,199147.1059823624
0,0,Total - All Industries,,,0,000,00000,United States,2022,000000,,0,0,4366507.077935857,7575182.309836733,9085879.536740147,34343224.43061222,34142798.5884216,31277990.131324235,26372187.741449762,10993359.784534527
0,0,Total - All Industries,,,00,000,18020,Columbus MSA,2020,000000,,0,0,1365.1248740055694,2072.5536903675224,2705.6798072776182,11057.067405338083,10642.5663435184,10295.814881191762,8318.523138161165,2754.0676795347326
0,0,Total - All Industries,,,00,000,29200,Lafayette-West Lafayette MSA,2023,000000,,0,0,3715.5373789588643,8407.571052404757,8152.114229433966,23623.158808796965,22250.57530963201,20575.112939485527,17478.2207769229,7042.506902598094
0,0,Total - All Industries,,,00,000,21780,Evansville MSA,2023,000000,,0,0,5289.706995445562,7792.934695604885,8798.6318227954,29155.007430827576,29468.114555089927,26360.56269087902,22552.945671677808,9798.750263709402
0,0,Total - All Industries,,,00,000,23060,Fort Wayne MSA,2023,000000,,0,0,8644.33589711947,12571.575990077525,14737.86636562825,49557.16720408166,48028.46923471559,45361.69337962258,38376.19180563235,16100.10810013397
0,0,Total - All Industries,,,00,000,26900,Indianapolis-Carmel-Greenwood MSA,2022,000000,,0,0,37299.78701611791,57179.14874718965,68027.13620864197,241796.84752623338,240304.61975964374,214225.12494001052,174396.8363603963,69969.66224982917
0,0,Total - All Industries,,,00,000,29200,Lafayette-West Lafayette MSA,2021,000000,,0,0,3376.4886515179446,6420.598019350319,6964.768098526245,22276.344274183306,21711.693634227355,19831.241903488546,16885.239026276933,5999.772041254717
0,0,Total - All Industries,,,00,000,29200,Lafayette-West Lafayette MSA,2024,000000,,0,0,3557.67744402691,8395.275052793793,8258.35062760519,23582.905558047092,22433.199120652927,20606.58932036222,17449.815397393348,7193.613396522604
0,0,Total - All Industries,,,00,000,34620,Muncie MSA,2022,000000,,0,0,1721.0828207308655,3491.7333771995955,3457.1166576585038,9451.328644644576,9347.793522605127,8814.774153315393,7760.41923890443,3197.76490416033
0,0,Total - All Industries,,,00,000,29020,Kokomo MSA,2024,000000,,0,0,1396.0057171243218,2133.949882536354,2098.22210971126,6969.713956298718,7250.784993524366,7888.448459112495,7012.142287553024,2683.7269430660385
0,0,Total - All Industries,,,00,000,45460,Terre Haute MSA,2022,000000,,0,0,2479.625031841499,4186.192477177071,4309.478053278116,13542.60009263391,13848.747779103,13187.358688918697,11175.028674980982,4634.182002789394
0,0,Total - All Industries,,,0,000,00000,United States,2020,000000,,0,0,3373453.4698147564,6670120.890605022,8241740.194330759,32654850.355302043,31917614.196631588,29731933.58073418,25254810.58327235,9514689.168439493
0,0,Total - All Industries,,,00,000,18020,Columbus MSA,2023,000000,,0,0,1657.1786660330267,2375.1084494244524,3079.0898870549054,11480.266085091112,11840.482136696173,10169.074223613907,8445.872869820607,3193.3972150157942
0,0,Total - All Industries,,,00,000,23060,Fort Wayne MSA,2021,000000,,0,0,8031.832571935377,11584.28639375397,13588.228763744271,46876.154884358126,46098.66509681694,43858.957464457206,38063.933320336604,13975.835725679752
0,0,Total - All Industries,,,00,000,33140,Michigan City-La Porte MSA,2023,000000,,0,0,1463.6456091694238,2240.5257176733226,2502.326450338792,8591.05272815181,8690.595056255832,8481.456725555512,7410.774169006948,3092.6104066876587
0,0,Total - All Industries,,,00,000,34620,Muncie MSA,2024,000000,,0,0,1617.697317921447,3652.09311452926,3641.8585374050854,9726.64664484792,9306.681776548134,8855.47804802472,7850.893984096187,3309.04075138144
0,0,Total - All Industries,,,00,000,45460,Terre Haute MSA,2024,000000,,0,0,2501.2127941563217,4342.5488116654415,4524.466061462887,13827.031234414346,13893.68368511576,13291.271777387452,11048.654951085595,4778.424537975873
0,0,Total - All Industries,,,00,000,29020,Kokomo MSA,2020,000000,,0,0,1185.5665990111977,1945.127965865098,2040.8814651511325,7232.845273808219,7320.995616277377,8412.38006326299,7394.149826586795,2201.225472931572
0,0,Total - All Industries,,,00,000,31140,Louisville/Jefferson County MSA,2024,000000,,0,0,21340.61281195431,35832.302268150575,41431.40371226846,155720.99390782393,157932.59959373015,142340.20422624538,113226.15300489505,47844.80573880654
0,0,Total - All Industries,,,00,000,16980,Chicago-Naperville-Elgin MSA,2020,000000,,0,0,94525.19637679894,175712.32040691562,236549.75823311656,946376.372263319,941812.3693819664,888567.0272051615,757994.1912491929,294362.5966821081
0,0,Total - All Industries,,,00,000,16980,Chicago-Naperville-Elgin MSA,2021,000000,,0,0,119512.38913005345,189026.78265001776,236817.57365150194,935338.2990628346,946108.3329441784,899993.5165705539,764167.4737331035,308835.3153457561
0,0,Total - All Industries,,,00,000,29020,Kokomo MSA,2021,000000,,0,0,1395.031024582094,1973.8752530836337,1972.2672286335237,7012.280111292172,7085.41180664954,8124.601093704029,7098.114487356941,2277.755498743159
0,0,Total - All Industries,,,00,000,29020,Kokomo MSA,2023,000000,,0,0,1445.9634278547078,2073.122733887145,2038.6286945439767,6849.276807759339,7011.036024329085,7786.835644088724,6926.458273598117,2563.226267657003
0,0,Total - All Industries,,,00,000,14020,Bloomington MSA,2023,000000,,0,0,2194.017132137071,6842.870284460208,6814.953496941415,17108.59979134843,15170.908193207939,13916.38203948581,12560.965272632546,5158.195893001327
0,0,Total - All Industries,,,00,000,18020,Columbus MSA,2024,000000,,0,0,1588.0707804877995,2378.6757670318607,3073.0937596290114,11361.033935390522,11912.056478372628,10159.90198802007,8392.420469753633,3205.7222897232214
0,0,Total - All Industries,,,00,000,21140,Elkhart-Goshen MSA,2021,000000,,0,0,4929.062604824781,8027.4689024472555,8934.322254395853,30947.70328859535,29725.951752932186,27329.631944992092,22194.795375113903,8659.532686819357
0,0,Total - All Industries,,,18,000,00000,Indiana,2023,000000,,0,0,118208.94394437908,182216.75437575695,206857.14055017653,693080.3727230597,696367.2671763832,646856.1167511998,544184.4577749325,227089.05915927963
0,0,Total - All Industries,,,00,000,26900,Indianapolis-Carmel-Greenwood MSA,2024,000000,,0,0,36373.56261781713,58700.178600121224,72130.48784977457,248827.29156180786,248867.54994084925,221990.9266969695,178980.08340144606,76881.58109820263
0,0,Total - All Industries,,,00,000,43780,South Bend-Mishawaka MSA,2022,000000,,0,0,5235.225664742085,7924.33589796785,8333.646694511808,27616.387833885354,28727.915715616327,27841.53315815038,24843.79869714109,10674.968645438359
0,0,Total - All Industries,,,00,000,45460,Terre Haute MSA,2020,000000,,0,0,2040.4937825564984,3829.042301907542,4245.843006458497,13261.273055059508,13433.2430959913,13400.76564137016,11569.474330392917,4073.4484094308687
0,0,Total - All Industries,,,00,000,21780,Evansville MSA,2021,000000,,0,0,4743.720468164925,7244.419320008073,8267.197360398066,28590.08431730858,28721.699745728238,25771.72432102829,23124.37611584166,8520.840761199408
0,0,Total - All Industries,,,00,000,31140,Louisville/Jefferson County MSA,2020,000000,,0,0,18206.43726665762,33314.359344783574,39376.86406228638,142098.25713600847,143447.9289023168,129796.81483020108,109444.89500795979,36649.130697173954
0,0,Total - All Industries,,,00,000,17140,Cincinnati MSA,2023,000000,,0,0,42318.56667065651,60860.638599487655,69377.77145764393,242627.01581452665,242142.2923779183,215141.97405367962,186261.47152657132,75718.16782824627
0,0,Total - All Industries,,,00,000,33140,Michigan City-La Porte MSA,2021,000000,,0,0,1427.1863041552394,2117.957957366362,2340.894196206104,8000.314779999898,8250.590419058528,8148.98712370815,7350.905064561008,2648.239843473879
0,0,Total - All Industries,,,00,000,21780,Evansville MSA,2022,000000,,0,0,5139.844363174626,7633.938478796725,8589.43770787305,28921.748875346064,29306.43816986368,26322.370468976147,22727.612954813336,9345.345071088863
0,0,Total - All Industries,,,0,000,00000,United States,2024,000000,,0,0,4362594.503577478,7847815.201360363,9347592.951902859,35130102.00239035,35516760.690476224,32105349.19974835,26828684.576614063,12115723.325118136
0,0,Total - All Industries,,,18,000,00000,Indiana,2024,000000,,0,0,114410.4166311436,183237.5663811502,207947.0067585921,699431.1152876264,703955.7553674832,651849.2112873159,542853.3280335268,233826.66006034648
0,0,Total - All Industries,,,00,000,26900,Indianapolis-Carmel-Greenwood MSA,2020,000000,,0,0,29066.251035541536,49705.216094273295,62946.79650450682,223505.56484397044,221894.339156841,208743.20625217495,171434.51987980327,58463.38704622148
0,0,Total - All Industries,,,00,000,29200,Lafayette-West Lafayette MSA,2022,000000,,0,0,3853.811207246671,7530.0126329820905,7710.761085169665,22854.719612058863,22051.800814245817,20334.42049189831,16884.659001447817,6914.981670666991
0,0,Total - All Industries,,,00,000,33140,Michigan City-La Porte MSA,2024,000000,,0,0,1432.5186707272342,2243.5240822077935,2459.620386194481,8559.175933447403,8640.871535264,8415.65332952542,7317.181473321428,3138.287572980205
0,0,Total - All Industries,,,00,000,43780,South Bend-Mishawaka MSA,2021,000000,,0,0,4749.863456886677,7548.314968656091,8084.402796247087,27068.617926534036,28274.257868853365,27186.158015454785,24651.63326546428,9644.209753160654
0,0,Total - All Industries,,,00,000,33140,Michigan City-La Porte MSA,2020,000000,,0,0,1301.2695111952016,1996.66239595374,2310.1703741798224,8003.164443280325,8029.847493094696,8183.22384538378,7329.952249180832,2521.720042072173
0,0,Total - All Industries,,,00,000,14020,Bloomington MSA,2022,000000,,0,0,2383.6285316267513,6399.193281637745,6617.341102031656,16841.614131982282,15552.77480824431,14094.824615072761,12125.827438435519,5221.943018375149
0,0,Total - All Industries,,,00,000,21140,Elkhart-Goshen MSA,2020,000000,,0,0,3897.6964477943784,6846.403221521506,7767.164481219636,28028.449508144557,27368.134298411806,25434.676337827306,21201.827276587286,7844.558205720926
0,0,Total - All Industries,,,18,000,00000,Indiana,2022,000000,,0,0,119541.25963742146,180092.8832834434,199955.90139040028,686987.9970981383,688930.2243908709,638513.8214680251,538042.1387247106,217354.83169288418
0,0,Total - All Industries,,,00,000,43780,South Bend-Mishawaka MSA,2023,000000,,0,0,5100.098753533567,8478.908498655166,8894.174253474901,28864.682360849536,29386.224146102002,28298.22288866549,24405.682801542338,11015.764186994742
0,0,Total - All Industries,,,00,000,17140,Cincinnati MSA,2021,000000,,0,0,39031.574376279896,57818.46843048477,65709.53308706245,234585.33874854073,228774.32778781673,211755.28973275464,183746.88892672138,65054.36436972812
0,0,Total - All Industries,,,00,000,17140,Cincinnati MSA,2024,000000,,0,0,41104.355347406534,60962.0907473387,69859.43554407859,243402.11851284292,244426.68301453954,215960.00672444806,185201.77697423619,77700.51832261364
0,0,Total - All Industries,,,00,000,23060,Fort Wayne MSA,2022,000000,,0,0,8663.444837983472,12356.06199585206,14326.063692504582,48581.93438609052,47575.49473280888,45090.41845660335,38481.43607902171,15324.350576473053
0,0,Total - All Industries,,,00,000,43780,South Bend-Mishawaka MSA,2020,000000,,0,0,3836.5354272401205,7412.9955054963475,7944.512115697405,27737.955485258786,28274.540151939815,27465.58777565695,24978.62771623858,9319.741579856234
0,0,Total - All Industries,,,0,000,00000,United States,2023,000000,,0,0,4453715.6828594,7772133.312459,9255198.626049427,34822500.083241306,34992933.78165981,31721704.496024854,26609934.052701082,11713868.597590499
0,0,Total - All Industries,,,00,000,17140,Cincinnati MSA,2022,000000,,0,0,41210.16661578691,59307.44361997486,67563.74171804104,240640.71062075684,238104.7007665599,214692.18731829047,185158.50884324525,70872.97435231549
0,0,Total - All Industries,,,00,000,18020,Columbus MSA,2021,000000,,0,0,1571.8489331689057,2183.70629244869,2577.018181657952,10894.599482323752,10585.045487179972,10412.635581538838,8265.68934984591,3031.569398425695
0,0,Total - All Industries,,,00,000,23060,Fort Wayne MSA,2024,000000,,0,0,8433.443719584164,12724.308361021664,14726.483698155158,50080.68674457804,48356.44870990012,45438.260420646235,38269.525667428316,16665.440478694767
0,0,Total - All Industries,,,00,000,18020,Columbus MSA,2022,000000,,0,0,1759.7427701763459,2474.812304631579,2808.0063156393735,11764.958128191214,11507.397761568925,9996.869527208673,8072.876129545239,3227.093410796945
0,0,Total - All Industries,,,00,000,21140,Elkhart-Goshen MSA,2022,000000,,0,0,5090.108451644947,8180.770193293404,9401.341622819187,31852.712204462146,30538.96685203077,28009.58617640148,22690.7115038317,9556.809555959277
0,0,Total - All Industries,,,00,000,34620,Muncie MSA,2023,000000,,0,0,1609.7090691450749,3599.0420758885366,3593.488742330529,9579.163606231197,9295.948976211195,8767.545655153324,7867.055691905763,3211.031772698038
0,0,Total - All Industries,,,00,000,14020,Bloomington MSA,2024,000000,,0,0,2161.4457350237203,6785.188315237859,6728.428102491293,17070.336107102983,15167.151400386761,13995.932625340123,12517.329851508724,5298.446895138684
0,0,Total - All Industries,,,00,000,21140,Elkhart-Goshen MSA,2024,000000,,0,0,4076.6613681024314,6563.864249231071,7774.351181920899,27724.56745638793,28128.863866535976,26117.922586584773,21242.008892560298,9548.336624174963
0,0,Total - All Industries,,,00,000,21780,Evansville MSA,2020,000000,,0,0,4033.6562504280355,6934.988656767399,8127.6810578618515,28164.16686458055,28202.60816223882,25672.103137652266,23644.231476906996,8173.278277945269
0,0,Total - All Industries,,,00,000,26900,Indianapolis-Carmel-Greenwood MSA,2021,000000,,0,0,34723.09226966861,52630.526872051276,65124.34463428547,229773.45558227535,227845.59966825607,213355.2509555286,174160.79552069906,63707.33732415036
0,0,Total - All Industries,,,00,000,43780,South Bend-Mishawaka MSA,2024,000000,,0,0,4770.255649102828,8652.196410815883,8860.37017501525,29027.601077303283,29595.156978312338,28528.5779943876,24310.250123912847,11288.567851210733
0,0,Total - All Industries,,,00,000,16980,Chicago-Naperville-Elgin MSA,2023,000000,,0,0,122716.14488194301,205001.19100011062,261331.0740576907,988273.7643689202,986019.7945907315,924341.1122186587,780497.2864922559,363189.8288443555
0,0,Total - All Industries,,,00,000,29020,Kokomo MSA,2022,000000,,0,0,1450.4957126586453,1994.507767296193,2027.0848358079,6835.619820437477,6927.494669434394,7831.869723597637,6749.401705209695,2413.53511829954
0,0,Total - All Industries,,,00,000,45460,Terre Haute MSA,2021,000000,,0,0,2357.9810895468668,3840.339541698676,4165.520019693924,13283.187185184877,13532.549450767521,13276.656804910965,11474.783280739623,4284.630088346695
0,0,Total - All Industries,,,00,000,45460,Terre Haute MSA,2023,000000,,0,0,2509.9567799274187,4361.046407699003,4453.702827835016,13709.60931484232,13778.658363757646,13159.896753708617,11077.850418845854,4663.502610926053
0,0,Total - All Industries,,,00,000,23060,Fort Wayne MSA,2020,000000,,0,0,6997.746615721606,11282.490839785703,13289.051235568637,45687.19103966534,44931.26229306908,43100.499711147604,37963.48870479081,13120.46148950957
0,0,Total - All Industries,,,00,000,31140,Louisville/Jefferson County MSA,2021,000000,,0,0,21436.378168192045,35206.678136291965,40033.623476059314,145611.84358130765,144666.01563101684,135742.1121209991,111465.44096252469,39497.1706216712
0,0,Total - All Industries,,,00,000,34620,Muncie MSA,2021,000000,,0,0,1553.1709514029624,3141.9303390302944,3309.5145825805293,9616.703613299578,9330.316135459418,8777.914615755004,7828.178956679643,2899.1345583049283
0,0,Total - All Industries,,,00,000,21780,Evansville MSA,2024,000000,,0,0,5170.757331417047,7902.442636633583,8820.429739056217,29227.529624386825,29638.773355409696,26589.479967472224,22294.649161920563,10087.363917698487
0,0,Total - All Industries,,,00,000,31140,Louisville/Jefferson County MSA,2023,000000,,0,0,22057.602956847888,35647.173283259595,41413.15687012087,154488.48507555027,155535.46807585502,140629.71985868184,112951.51019255155,46323.57896793533
