display_level,sector,sector_name,subsector,subsector_name,statefips,countyfips,metrofips,geo_area,Year,naics,naics_title,group_by_sort,sort,posting_hourly_wage
2,3,MedDev,,,00,000,23060,Fort Wayne MSA,2023,339113,Surgical Appliance and Supplies Manufacturing,2,2,39.8153846154
2,4,Research/Testing,,,00,000,16980,Chicago-Naperville-Elgin MSA,2023,541713,Research and Development in Nanotechnology,2,2,17.924307692334
2,2,Pharma,,,0,000,00000,United States,2023,325414,Biological Product (except Diagnostic) Manufacturing,2,2,56.5846153846
2,3,MedDev,,,00,000,43780,South Bend-Mishawaka MSA,2023,334510,Electromedical and Electrotherapeutic Apparatus Manufacturing,2,2,38.2769230769
2,4,Research/Testing,,,18,000,00000,Indiana,2023,541713,Research and Development in Nanotechnology,2,2,17.924307692334
2,4,Research/Testing,,,00,000,45460,Terre Haute MSA,2023,541380,Testing Laboratories and Services,2,2,2.0844307692272
2,6,Bio-Logistics,,,0,000,00000,United States,2023,423450,"Medical, Dental, and Hospital Equipment and Supplies Merchant Wholesalers",2,2,34.1493230768932
2,4,Research/Testing,,,00,000,17140,Cincinnati MSA,2023,541713,Research and Development in Nanotechnology,2,2,15.924923076945
2,6,Bio-Logistics,,,00,000,45460,Terre Haute MSA,2023,423450,"Medical, Dental, and Hospital Equipment and Supplies Merchant Wholesalers",2,2,43.4410461538835
2,1,Ag/Bio,,,00,000,17140,Cincinnati MSA,2023,325311,Nitrogenous Fertilizer Manufacturing,2,2,26.4
2,4,Research/Testing,,,00,000,14020,Bloomington MSA,2023,541714,Research and Development in Biotechnology (except Nanobiotechnology),2,2,26.0307692308
1,3,MedDev,,,00,000,45460,Terre Haute MSA,2023,000000,,1,1,53.04615384615
2,4,Research/Testing,,,00,000,17140,Cincinnati MSA,2023,541380,Testing Laboratories and Services,2,2,2.2628923076932
2,2,Pharma,,,00,000,29200,Lafayette-West Lafayette MSA,2023,325411,Medicinal and Botanical Manufacturing,2,2,
1,1,Ag/Bio,,,00,000,31140,Louisville/Jefferson County MSA,2023,000000,,1,1,21.42884615382
1,4,Research/Testing,,,00,000,43780,South Bend-Mishawaka MSA,2023,000000,,1,1,20.177415384623323
2,2,Pharma,,,00,000,34620,Muncie MSA,2023,325412,Pharmaceutical Preparation Manufacturing,2,2,50.3384615385
2,2,Pharma,,,18,000,00000,Indiana,2023,325411,Medicinal and Botanical Manufacturing,2,2,79.1384615385
2,4,Research/Testing,,,00,000,29200,Lafayette-West Lafayette MSA,2023,541715,"Research and Development in the Physical, Engineering, and Life Sciences (except Nanotechnology and Biotechnology)",2,2,29.2558153846014
2,6,Bio-Logistics,,,0,000,00000,United States,2023,424910,Farm Supplies Merchant Wholesalers,2,2,17.633107692301202
2,4,Research/Testing,,,00,000,23060,Fort Wayne MSA,2023,541714,Research and Development in Biotechnology (except Nanobiotechnology),2,2,20.7384615385
2,3,MedDev,,,00,000,21140,Elkhart-Goshen MSA,2023,339112,Surgical and Medical Instrument Manufacturing,2,2,26.0307692308
2,6,Bio-Logistics,,,18,000,00000,Indiana,2023,424910,Farm Supplies Merchant Wholesalers,2,2,15.6334769230964
1,2,Pharma,,,00,000,31140,Louisville/Jefferson County MSA,2023,000000,,1,1,29.2717948718
2,2,Pharma,,,00,000,16980,Chicago-Naperville-Elgin MSA,2023,325413,In-Vitro Diagnostic Substance Manufacturing,2,2,50.0923076923
2,3,MedDev,,,00,000,21140,Elkhart-Goshen MSA,2023,334516,Analytical Laboratory Instrument Manufacturing,2,2,37.5
2,1,Ag/Bio,,,00,000,29200,Lafayette-West Lafayette MSA,2023,325320,Pesticide and Other Agricultural Chemical Manufacturing,2,2,14.9538461538
2,3,MedDev,,,00,000,43780,South Bend-Mishawaka MSA,2023,339112,Surgical and Medical Instrument Manufacturing,2,2,27.5076923077
2,3,MedDev,,,00,000,34620,Muncie MSA,2023,339113,Surgical Appliance and Supplies Manufacturing,2,2,13.3538461538
2,3,MedDev,,,0,000,00000,United States,2023,334510,Electromedical and Electrotherapeutic Apparatus Manufacturing,2,2,49.2
2,3,MedDev,,,00,000,16980,Chicago-Naperville-Elgin MSA,2023,339113,Surgical Appliance and Supplies Manufacturing,2,2,31.2
2,2,Pharma,,,00,000,23060,Fort Wayne MSA,2023,325413,In-Vitro Diagnostic Substance Manufacturing,2,2,
2,6,Bio-Logistics,,,00,000,33140,Michigan City-La Porte MSA,2023,424910,Farm Supplies Merchant Wholesalers,2,2,16.88
2,4,Research/Testing,,,00,000,34620,Muncie MSA,2023,541380,Testing Laboratories and Services,2,2,
2,4,Research/Testing,,,00,000,23060,Fort Wayne MSA,2023,541713,Research and Development in Nanotechnology,2,2,15.959999999999999
1,2,Pharma,,,18,000,00000,Indiana,2023,000000,,1,1,57.5076923077
2,3,MedDev,,,0,000,00000,United States,2023,334517,Irradiation Apparatus Manufacturing,2,2,43.2923076923
2,2,Pharma,,,00,000,16980,Chicago-Naperville-Elgin MSA,2023,325412,Pharmaceutical Preparation Manufacturing,2,2,72.3076923077
1,2,Pharma,,,00,000,17140,Cincinnati MSA,2023,000000,,1,1,39.953846153875006
2,6,Bio-Logistics,,,00,000,18020,Columbus MSA,2023,424210,Drugs and Druggists' Sundries Merchant Wholesalers,2,2,
2,4,Research/Testing,,,00,000,29200,Lafayette-West Lafayette MSA,2023,541380,Testing Laboratories and Services,2,2,1.9720000000000002
2,4,Research/Testing,,,00,000,43780,South Bend-Mishawaka MSA,2023,541713,Research and Development in Nanotechnology,2,2,17.889230769222
2,3,MedDev,,,00,000,29020,Kokomo MSA,2023,334516,Analytical Laboratory Instrument Manufacturing,2,2,
0,0,Life Sciences Total,,,18,000,00000,Indiana,2023,000000,,0,0,33.39367179487525
2,4,Research/Testing,,,00,000,16980,Chicago-Naperville-Elgin MSA,2023,541380,Testing Laboratories and Services,2,2,2.3771076923068
2,4,Research/Testing,,,00,000,29200,Lafayette-West Lafayette MSA,2023,621511,Medical Laboratories,2,2,18.5230769231
2,2,Pharma,,,00,000,31140,Louisville/Jefferson County MSA,2023,325413,In-Vitro Diagnostic Substance Manufacturing,2,2,
2,3,MedDev,,,00,000,14020,Bloomington MSA,2023,339113,Surgical Appliance and Supplies Manufacturing,2,2,62.4615384615
1,6,Bio-Logistics,,,00,000,26900,Indianapolis-Carmel-Greenwood MSA,2023,000000,,1,1,26.482769230785134
2,2,Pharma,,,00,000,18020,Columbus MSA,2023,325412,Pharmaceutical Preparation Manufacturing,2,2,16.5538461538
2,3,MedDev,,,00,000,29200,Lafayette-West Lafayette MSA,2023,339112,Surgical and Medical Instrument Manufacturing,2,2,61.4153846154
2,6,Bio-Logistics,,,00,000,34620,Muncie MSA,2023,424910,Farm Supplies Merchant Wholesalers,2,2,34.6932692307952
2,4,Research/Testing,,,00,000,21140,Elkhart-Goshen MSA,2023,541715,"Research and Development in the Physical, Engineering, and Life Sciences (except Nanotechnology and Biotechnology)",2,2,26.5707692307972
2,1,Ag/Bio,,,00,000,23060,Fort Wayne MSA,2023,325220,Artificial and Synthetic Fibers and Filaments Manufacturing,2,2,23.3230769231
2,3,MedDev,,,00,000,17140,Cincinnati MSA,2023,334517,Irradiation Apparatus Manufacturing,2,2,120.861538462
2,6,Bio-Logistics,,,00,000,14020,Bloomington MSA,2023,424910,Farm Supplies Merchant Wholesalers,2,2,
2,2,Pharma,,,00,000,18020,Columbus MSA,2023,325411,Medicinal and Botanical Manufacturing,2,2,
2,3,MedDev,,,00,000,34620,Muncie MSA,2023,334510,Electromedical and Electrotherapeutic Apparatus Manufacturing,2,2,68.8615384615
2,3,MedDev,,,0,000,00000,United States,2023,339114,Dental Equipment and Supplies Manufacturing,2,2,37.3538461538
2,1,Ag/Bio,,,00,000,45460,Terre Haute MSA,2023,325314,Fertilizer (Mixing Only) Manufacturing,2,2,
2,1,Ag/Bio,,,00,000,43780,South Bend-Mishawaka MSA,2023,325314,Fertilizer (Mixing Only) Manufacturing,2,2,44.7384615385
1,4,Research/Testing,,,00,000,33140,Michigan City-La Porte MSA,2023,000000,,1,1,19.671780769231802
1,4,Research/Testing,,,00,000,45460,Terre Haute MSA,2023,000000,,1,1,30.468338461531275
2,2,Pharma,,,18,000,00000,Indiana,2023,325413,In-Vitro Diagnostic Substance Manufacturing,2,2,51.3230769231
2,4,Research/Testing,,,00,000,31140,Louisville/Jefferson County MSA,2023,541380,Testing Laboratories and Services,2,2,2.1486769230796
2,6,Bio-Logistics,,,00,000,17140,Cincinnati MSA,2023,423450,"Medical, Dental, and Hospital Equipment and Supplies Merchant Wholesalers",2,2,18.463938461553397
2,1,Ag/Bio,,,18,000,00000,Indiana,2023,325220,Artificial and Synthetic Fibers and Filaments Manufacturing,2,2,23.3230769231
2,3,MedDev,,,00,000,26900,Indianapolis-Carmel-Greenwood MSA,2023,339114,Dental Equipment and Supplies Manufacturing,2,2,66.3384615385
1,3,MedDev,,,00,000,18020,Columbus MSA,2023,000000,,1,1,36.96666666666667
2,1,Ag/Bio,,,0,000,00000,United States,2023,311221,Wet Corn Milling and Starch Manufacturing,2,2,33.1692307692
2,1,Ag/Bio,,,18,000,00000,Indiana,2023,325320,Pesticide and Other Agricultural Chemical Manufacturing,2,2,18.7692307692
2,3,MedDev,,,00,000,21780,Evansville MSA,2023,339114,Dental Equipment and Supplies Manufacturing,2,2,43.9384615385
2,4,Research/Testing,,,0,000,00000,United States,2023,621511,Medical Laboratories,2,2,22.4923076923
2,6,Bio-Logistics,,,00,000,23060,Fort Wayne MSA,2023,423450,"Medical, Dental, and Hospital Equipment and Supplies Merchant Wholesalers",2,2,23.722276923106797
1,1,Ag/Bio,,,00,000,17140,Cincinnati MSA,2023,000000,,1,1,29.071923076919994
2,4,Research/Testing,,,00,000,21780,Evansville MSA,2023,541713,Research and Development in Nanotechnology,2,2,
2,4,Research/Testing,,,00,000,16980,Chicago-Naperville-Elgin MSA,2023,541714,Research and Development in Biotechnology (except Nanobiotechnology),2,2,30.3384615385
2,3,MedDev,,,18,000,00000,Indiana,2023,334517,Irradiation Apparatus Manufacturing,2,2,53.9076923077
2,1,Ag/Bio,,,00,000,23060,Fort Wayne MSA,2023,325312,Phosphatic Fertilizer Manufacturing,2,2,
2,4,Research/Testing,,,00,000,33140,Michigan City-La Porte MSA,2023,541713,Research and Development in Nanotechnology,2,2,15.389999999999999
2,1,Ag/Bio,,,00,000,31140,Louisville/Jefferson County MSA,2023,325320,Pesticide and Other Agricultural Chemical Manufacturing,2,2,14.9538461538
2,1,Ag/Bio,,,00,000,43780,South Bend-Mishawaka MSA,2023,311221,Wet Corn Milling and Starch Manufacturing,2,2,
2,3,MedDev,,,0,000,00000,United States,2023,339112,Surgical and Medical Instrument Manufacturing,2,2,30.8615384615
2,6,Bio-Logistics,,,00,000,16980,Chicago-Naperville-Elgin MSA,2023,424910,Farm Supplies Merchant Wholesalers,2,2,14.802461538493999
2,6,Bio-Logistics,,,00,000,29020,Kokomo MSA,2023,424210,Drugs and Druggists' Sundries Merchant Wholesalers,2,2,
2,1,Ag/Bio,,,00,000,16980,Chicago-Naperville-Elgin MSA,2023,325193,Ethyl Alcohol Manufacturing,2,2,37.5384615385
2,4,Research/Testing,,,00,000,33140,Michigan City-La Porte MSA,2023,541714,Research and Development in Biotechnology (except Nanobiotechnology),2,2,
2,3,MedDev,,,00,000,29020,Kokomo MSA,2023,339112,Surgical and Medical Instrument Manufacturing,2,2,19.9384615385
2,4,Research/Testing,,,00,000,14020,Bloomington MSA,2023,541715,"Research and Development in the Physical, Engineering, and Life Sciences (except Nanotechnology and Biotechnology)",2,2,40.8910153846014
2,4,Research/Testing,,,00,000,29020,Kokomo MSA,2023,541714,Research and Development in Biotechnology (except Nanobiotechnology),2,2,21.6346153846
2,2,Pharma,,,00,000,14020,Bloomington MSA,2023,325411,Medicinal and Botanical Manufacturing,2,2,
1,3,MedDev,,,00,000,16980,Chicago-Naperville-Elgin MSA,2023,000000,,1,1,41.312820512816664
1,4,Research/Testing,,,00,000,34620,Muncie MSA,2023,000000,,1,1,24.360410256432633
2,3,MedDev,,,00,000,29200,Lafayette-West Lafayette MSA,2023,334516,Analytical Laboratory Instrument Manufacturing,2,2,55.2615384615
2,1,Ag/Bio,,,00,000,17140,Cincinnati MSA,2023,311221,Wet Corn Milling and Starch Manufacturing,2,2,56.615384615400004
1,4,Research/Testing,,,00,000,18020,Columbus MSA,2023,000000,,1,1,11.577729230752679
2,1,Ag/Bio,,,00,000,43780,South Bend-Mishawaka MSA,2023,325311,Nitrogenous Fertilizer Manufacturing,2,2,
2,1,Ag/Bio,,,00,000,29200,Lafayette-West Lafayette MSA,2023,311221,Wet Corn Milling and Starch Manufacturing,2,2,44.6769230769
2,3,MedDev,,,00,000,14020,Bloomington MSA,2023,339112,Surgical and Medical Instrument Manufacturing,2,2,19.0
2,1,Ag/Bio,,,00,000,16980,Chicago-Naperville-Elgin MSA,2023,325314,Fertilizer (Mixing Only) Manufacturing,2,2,37.6
2,4,Research/Testing,,,00,000,34620,Muncie MSA,2023,541713,Research and Development in Nanotechnology,2,2,
0,0,Life Sciences Total,,,00,000,21140,Elkhart-Goshen MSA,2023,000000,,0,0,26.986334841633184
1,6,Bio-Logistics,,,18,000,00000,Indiana,2023,000000,,1,1,27.5571487179331
2,1,Ag/Bio,,,18,000,00000,Indiana,2023,325314,Fertilizer (Mixing Only) Manufacturing,2,2,19.7538461538
1,6,Bio-Logistics,,,00,000,45460,Terre Haute MSA,2023,000000,,1,1,34.5768032051633
1,3,MedDev,,,00,000,29200,Lafayette-West Lafayette MSA,2023,000000,,1,1,58.46307692308001
2,6,Bio-Logistics,,,00,000,23060,Fort Wayne MSA,2023,424210,Drugs and Druggists' Sundries Merchant Wholesalers,2,2,17.9124923077068
2,3,MedDev,,,0,000,00000,United States,2023,334516,Analytical Laboratory Instrument Manufacturing,2,2,48.2153846154
2,2,Pharma,,,00,000,17140,Cincinnati MSA,2023,325412,Pharmaceutical Preparation Manufacturing,2,2,47.4461538462
2,1,Ag/Bio,,,18,000,00000,Indiana,2023,325193,Ethyl Alcohol Manufacturing,2,2,22.8923076923
2,1,Ag/Bio,,,00,000,29020,Kokomo MSA,2023,325314,Fertilizer (Mixing Only) Manufacturing,2,2,
2,6,Bio-Logistics,,,18,000,00000,Indiana,2023,423450,"Medical, Dental, and Hospital Equipment and Supplies Merchant Wholesalers",2,2,35.7925538461165
2,2,Pharma,,,00,000,26900,Indianapolis-Carmel-Greenwood MSA,2023,325411,Medicinal and Botanical Manufacturing,2,2,81.6
2,2,Pharma,,,00,000,33140,Michigan City-La Porte MSA,2023,325411,Medicinal and Botanical Manufacturing,2,2,
2,4,Research/Testing,,,00,000,21780,Evansville MSA,2023,541714,Research and Development in Biotechnology (except Nanobiotechnology),2,2,24.0615384615
1,3,MedDev,,,00,000,29020,Kokomo MSA,2023,000000,,1,1,23.1384615385
2,1,Ag/Bio,,,00,000,31140,Louisville/Jefferson County MSA,2023,325314,Fertilizer (Mixing Only) Manufacturing,2,2,24.9846153846
2,1,Ag/Bio,,,00,000,26900,Indianapolis-Carmel-Greenwood MSA,2023,325311,Nitrogenous Fertilizer Manufacturing,2,2,21.9692307692
2,6,Bio-Logistics,,,00,000,18020,Columbus MSA,2023,423450,"Medical, Dental, and Hospital Equipment and Supplies Merchant Wholesalers",2,2,52.822399999999995
2,3,MedDev,,,00,000,33140,Michigan City-La Porte MSA,2023,339113,Surgical Appliance and Supplies Manufacturing,2,2,
2,3,MedDev,,,00,000,17140,Cincinnati MSA,2023,339112,Surgical and Medical Instrument Manufacturing,2,2,25.2923076923
2,6,Bio-Logistics,,,00,000,21140,Elkhart-Goshen MSA,2023,424210,Drugs and Druggists' Sundries Merchant Wholesalers,2,2,37.506092307706794
2,4,Research/Testing,,,00,000,21140,Elkhart-Goshen MSA,2023,541380,Testing Laboratories and Services,2,2,1.9702153846136004
2,1,Ag/Bio,,,00,000,21140,Elkhart-Goshen MSA,2023,325320,Pesticide and Other Agricultural Chemical Manufacturing,2,2,17.0461538462
2,3,MedDev,,,00,000,45460,Terre Haute MSA,2023,339112,Surgical and Medical Instrument Manufacturing,2,2,
0,0,Life Sciences Total,,,00,000,26900,Indianapolis-Carmel-Greenwood MSA,2023,000000,,0,0,32.785048829435716
2,3,MedDev,,,00,000,33140,Michigan City-La Porte MSA,2023,339112,Surgical and Medical Instrument Manufacturing,2,2,13.25
2,6,Bio-Logistics,,,00,000,29020,Kokomo MSA,2023,423450,"Medical, Dental, and Hospital Equipment and Supplies Merchant Wholesalers",2,2,42.9630153846602
2,1,Ag/Bio,,,0,000,00000,United States,2023,325193,Ethyl Alcohol Manufacturing,2,2,23.0769230769
2,6,Bio-Logistics,,,00,000,26900,Indianapolis-Carmel-Greenwood MSA,2023,424910,Farm Supplies Merchant Wholesalers,2,2,15.2179692307952
2,6,Bio-Logistics,,,00,000,21780,Evansville MSA,2023,424910,Farm Supplies Merchant Wholesalers,2,2,15.2179692307952
1,6,Bio-Logistics,,,00,000,29020,Kokomo MSA,2023,000000,,1,1,42.9630153846602
1,4,Research/Testing,,,00,000,14020,Bloomington MSA,2023,000000,,1,1,21.95007692308385
2,2,Pharma,,,00,000,31140,Louisville/Jefferson County MSA,2023,325414,Biological Product (except Diagnostic) Manufacturing,2,2,28.7384615385
2,1,Ag/Bio,,,00,000,21780,Evansville MSA,2023,325314,Fertilizer (Mixing Only) Manufacturing,2,2,25.1076923077
2,6,Bio-Logistics,,,00,000,17140,Cincinnati MSA,2023,424210,Drugs and Druggists' Sundries Merchant Wholesalers,2,2,18.9559384615602
2,6,Bio-Logistics,,,00,000,26900,Indianapolis-Carmel-Greenwood MSA,2023,424210,Drugs and Druggists' Sundries Merchant Wholesalers,2,2,37.04233846156019
1,3,MedDev,,,00,000,31140,Louisville/Jefferson County MSA,2023,000000,,1,1,29.47435897435
2,4,Research/Testing,,,00,000,26900,Indianapolis-Carmel-Greenwood MSA,2023,541714,Research and Development in Biotechnology (except Nanobiotechnology),2,2,27.6307692308
2,1,Ag/Bio,,,18,000,00000,Indiana,2023,311221,Wet Corn Milling and Starch Manufacturing,2,2,41.2923076923
2,2,Pharma,,,18,000,00000,Indiana,2023,325414,Biological Product (except Diagnostic) Manufacturing,2,2,39.0769230769
2,4,Research/Testing,,,00,000,29020,Kokomo MSA,2023,541380,Testing Laboratories and Services,2,2,2.2628923076932
2,1,Ag/Bio,,,00,000,18020,Columbus MSA,2023,325320,Pesticide and Other Agricultural Chemical Manufacturing,2,2,
0,0,Life Sciences Total,,,00,000,18020,Columbus MSA,2023,000000,,0,0,23.9226825174694
0,0,Life Sciences Total,,,00,000,45460,Terre Haute MSA,2023,000000,,0,0,35.860940384624236
0,0,Life Sciences Total,,,00,000,17140,Cincinnati MSA,2023,000000,,0,0,32.94733846156324
0,0,Life Sciences Total,,,00,000,33140,Michigan City-La Porte MSA,2023,000000,,0,0,25.206846153837713
2,6,Bio-Logistics,,,00,000,34620,Muncie MSA,2023,424210,Drugs and Druggists' Sundries Merchant Wholesalers,2,2,55.7664
2,2,Pharma,,,00,000,21780,Evansville MSA,2023,325413,In-Vitro Diagnostic Substance Manufacturing,2,2,
2,4,Research/Testing,,,00,000,26900,Indianapolis-Carmel-Greenwood MSA,2023,541713,Research and Development in Nanotechnology,2,2,20.555076923054997
2,6,Bio-Logistics,,,00,000,16980,Chicago-Naperville-Elgin MSA,2023,423450,"Medical, Dental, and Hospital Equipment and Supplies Merchant Wholesalers",2,2,29.936676923106802
2,6,Bio-Logistics,,,00,000,33140,Michigan City-La Porte MSA,2023,423450,"Medical, Dental, and Hospital Equipment and Supplies Merchant Wholesalers",2,2,55.0930461538835
2,1,Ag/Bio,,,00,000,33140,Michigan City-La Porte MSA,2023,325311,Nitrogenous Fertilizer Manufacturing,2,2,
2,6,Bio-Logistics,,,00,000,45460,Terre Haute MSA,2023,424910,Farm Supplies Merchant Wholesalers,2,2,26.7251788461928
2,4,Research/Testing,,,00,000,21780,Evansville MSA,2023,541715,"Research and Development in the Physical, Engineering, and Life Sciences (except Nanotechnology and Biotechnology)",2,2,23.9976
2,1,Ag/Bio,,,0,000,00000,United States,2023,325314,Fertilizer (Mixing Only) Manufacturing,2,2,25.0461538462
2,6,Bio-Logistics,,,00,000,45460,Terre Haute MSA,2023,424210,Drugs and Druggists' Sundries Merchant Wholesalers,2,2,33.564184615413595
0,0,Life Sciences Total,,,00,000,21780,Evansville MSA,2023,000000,,0,0,34.48655546557313
1,6,Bio-Logistics,,,00,000,29200,Lafayette-West Lafayette MSA,2023,000000,,1,1,39.438791666639396
1,1,Ag/Bio,,,00,000,21140,Elkhart-Goshen MSA,2023,000000,,1,1,15.7730769231
2,2,Pharma,,,00,000,21140,Elkhart-Goshen MSA,2023,325412,Pharmaceutical Preparation Manufacturing,2,2,61.6615384615
2,4,Research/Testing,,,00,000,14020,Bloomington MSA,2023,621511,Medical Laboratories,2,2,19.0153846154
2,3,MedDev,,,00,000,23060,Fort Wayne MSA,2023,334516,Analytical Laboratory Instrument Manufacturing,2,2,51.3846153846
2,4,Research/Testing,,,00,000,23060,Fort Wayne MSA,2023,541380,Testing Laboratories and Services,2,2,2.4913230769204002
0,0,Life Sciences Total,,,0,000,00000,United States,2023,000000,,0,0,33.82234615383933
1,1,Ag/Bio,,,00,000,34620,Muncie MSA,2023,000000,,1,1,
1,6,Bio-Logistics,,,00,000,14020,Bloomington MSA,2023,000000,,1,1,29.76353846153155
1,2,Pharma,,,00,000,26900,Indianapolis-Carmel-Greenwood MSA,2023,000000,,1,1,56.39999999999999
2,3,MedDev,,,00,000,21780,Evansville MSA,2023,334517,Irradiation Apparatus Manufacturing,2,2,124.519230769
2,2,Pharma,,,00,000,21140,Elkhart-Goshen MSA,2023,325413,In-Vitro Diagnostic Substance Manufacturing,2,2,
2,4,Research/Testing,,,00,000,45460,Terre Haute MSA,2023,541715,"Research and Development in the Physical, Engineering, and Life Sciences (except Nanotechnology and Biotechnology)",2,2,40.8350769230979
2,6,Bio-Logistics,,,00,000,43780,South Bend-Mishawaka MSA,2023,423450,"Medical, Dental, and Hospital Equipment and Supplies Merchant Wholesalers",2,2,29.100123076893198
2,6,Bio-Logistics,,,00,000,29200,Lafayette-West Lafayette MSA,2023,424210,Drugs and Druggists' Sundries Merchant Wholesalers,2,2,28.134098076879596
2,4,Research/Testing,,,0,000,00000,United States,2023,541380,Testing Laboratories and Services,2,2,2.3235692307728004
2,4,Research/Testing,,,00,000,43780,South Bend-Mishawaka MSA,2023,541380,Testing Laboratories and Services,2,2,2.2628923076932
2,3,MedDev,,,00,000,23060,Fort Wayne MSA,2023,339114,Dental Equipment and Supplies Manufacturing,2,2,19.2307692308
2,4,Research/Testing,,,18,000,00000,Indiana,2023,541714,Research and Development in Biotechnology (except Nanobiotechnology),2,2,26.0307692308
2,1,Ag/Bio,,,00,000,31140,Louisville/Jefferson County MSA,2023,325311,Nitrogenous Fertilizer Manufacturing,2,2,26.4
1,2,Pharma,,,00,000,21140,Elkhart-Goshen MSA,2023,000000,,1,1,50.630769230750005
2,4,Research/Testing,,,18,000,00000,Indiana,2023,541715,"Research and Development in the Physical, Engineering, and Life Sciences (except Nanotechnology and Biotechnology)",2,2,28.3608
2,4,Research/Testing,,,00,000,33140,Michigan City-La Porte MSA,2023,621511,Medical Laboratories,2,2,20.307692307700002
2,2,Pharma,,,00,000,31140,Louisville/Jefferson County MSA,2023,325412,Pharmaceutical Preparation Manufacturing,2,2,40.8
2,3,MedDev,,,00,000,21140,Elkhart-Goshen MSA,2023,339113,Surgical Appliance and Supplies Manufacturing,2,2,17.5
1,2,Pharma,,,00,000,29200,Lafayette-West Lafayette MSA,2023,000000,,1,1,35.2
2,1,Ag/Bio,,,00,000,45460,Terre Haute MSA,2023,311221,Wet Corn Milling and Starch Manufacturing,2,2,
2,6,Bio-Logistics,,,00,000,29200,Lafayette-West Lafayette MSA,2023,424910,Farm Supplies Merchant Wholesalers,2,2,36.0452923076988
2,4,Research/Testing,,,18,000,00000,Indiana,2023,541380,Testing Laboratories and Services,2,2,2.0915692307728
2,2,Pharma,,,00,000,43780,South Bend-Mishawaka MSA,2023,325411,Medicinal and Botanical Manufacturing,2,2,55.5889423077
2,1,Ag/Bio,,,00,000,17140,Cincinnati MSA,2023,325220,Artificial and Synthetic Fibers and Filaments Manufacturing,2,2,
2,4,Research/Testing,,,00,000,17140,Cincinnati MSA,2023,541714,Research and Development in Biotechnology (except Nanobiotechnology),2,2,20.4923076923
2,6,Bio-Logistics,,,00,000,43780,South Bend-Mishawaka MSA,2023,424210,Drugs and Druggists' Sundries Merchant Wholesalers,2,2,16.405292307706798
2,1,Ag/Bio,,,00,000,45460,Terre Haute MSA,2023,325320,Pesticide and Other Agricultural Chemical Manufacturing,2,2,21.6346153846
2,4,Research/Testing,,,00,000,34620,Muncie MSA,2023,541715,"Research and Development in the Physical, Engineering, and Life Sciences (except Nanotechnology and Biotechnology)",2,2,40.8350769230979
2,1,Ag/Bio,,,00,000,17140,Cincinnati MSA,2023,325312,Phosphatic Fertilizer Manufacturing,2,2,22.8365384615
2,1,Ag/Bio,,,00,000,43780,South Bend-Mishawaka MSA,2023,325193,Ethyl Alcohol Manufacturing,2,2,
1,2,Pharma,,,00,000,18020,Columbus MSA,2023,000000,,1,1,20.7692307692
2,1,Ag/Bio,,,0,000,00000,United States,2023,325320,Pesticide and Other Agricultural Chemical Manufacturing,2,2,19.2615384615
2,1,Ag/Bio,,,00,000,16980,Chicago-Naperville-Elgin MSA,2023,325311,Nitrogenous Fertilizer Manufacturing,2,2,49.1692307692
2,1,Ag/Bio,,,00,000,17140,Cincinnati MSA,2023,325314,Fertilizer (Mixing Only) Manufacturing,2,2,23.3230769231
2,3,MedDev,,,00,000,17140,Cincinnati MSA,2023,334510,Electromedical and Electrotherapeutic Apparatus Manufacturing,2,2,48.1846153846
2,3,MedDev,,,00,000,29020,Kokomo MSA,2023,334517,Irradiation Apparatus Manufacturing,2,2,
2,6,Bio-Logistics,,,00,000,16980,Chicago-Naperville-Elgin MSA,2023,424210,Drugs and Druggists' Sundries Merchant Wholesalers,2,2,22.665969230732998
1,4,Research/Testing,,,18,000,00000,Indiana,2023,000000,,1,1,19.12764307694136
1,3,MedDev,,,00,000,21780,Evansville MSA,2023,000000,,1,1,56.537820512783334
1,2,Pharma,,,00,000,29020,Kokomo MSA,2023,000000,,1,1,15.1949519231
2,2,Pharma,,,00,000,43780,South Bend-Mishawaka MSA,2023,325412,Pharmaceutical Preparation Manufacturing,2,2,64.8615384615
2,1,Ag/Bio,,,0,000,00000,United States,2023,325220,Artificial and Synthetic Fibers and Filaments Manufacturing,2,2,18.5230769231
2,1,Ag/Bio,,,18,000,00000,Indiana,2023,325312,Phosphatic Fertilizer Manufacturing,2,2,
2,2,Pharma,,,00,000,17140,Cincinnati MSA,2023,325411,Medicinal and Botanical Manufacturing,2,2,55.5076923077
1,3,MedDev,,,00,000,26900,Indianapolis-Carmel-Greenwood MSA,2023,000000,,1,1,40.817948717966665
2,3,MedDev,,,00,000,45460,Terre Haute MSA,2023,334516,Analytical Laboratory Instrument Manufacturing,2,2,37.2923076923
2,2,Pharma,,,00,000,34620,Muncie MSA,2023,325414,Biological Product (except Diagnostic) Manufacturing,2,2,15.0
2,4,Research/Testing,,,00,000,14020,Bloomington MSA,2023,541380,Testing Laboratories and Services,2,2,1.863138461534
2,4,Research/Testing,,,00,000,21140,Elkhart-Goshen MSA,2023,541713,Research and Development in Nanotechnology,2,2,20.52
2,1,Ag/Bio,,,00,000,21140,Elkhart-Goshen MSA,2023,325220,Artificial and Synthetic Fibers and Filaments Manufacturing,2,2,14.5
1,4,Research/Testing,,,00,000,21780,Evansville MSA,2023,000000,,1,1,16.7407538461352
2,4,Research/Testing,,,00,000,16980,Chicago-Naperville-Elgin MSA,2023,541715,"Research and Development in the Physical, Engineering, and Life Sciences (except Nanotechnology and Biotechnology)",2,2,37.5347076923007
2,4,Research/Testing,,,00,000,31140,Louisville/Jefferson County MSA,2023,541714,Research and Development in Biotechnology (except Nanobiotechnology),2,2,35.6307692308
2,2,Pharma,,,00,000,33140,Michigan City-La Porte MSA,2023,325412,Pharmaceutical Preparation Manufacturing,2,2,50.0923076923
2,2,Pharma,,,00,000,17140,Cincinnati MSA,2023,325414,Biological Product (except Diagnostic) Manufacturing,2,2,38.8307692308
2,3,MedDev,,,18,000,00000,Indiana,2023,339112,Surgical and Medical Instrument Manufacturing,2,2,22.5846153846
0,0,Life Sciences Total,,,00,000,23060,Fort Wayne MSA,2023,000000,,0,0,26.29243384616661
1,4,Research/Testing,,,00,000,29020,Kokomo MSA,2023,000000,,1,1,13.6062538461483
2,3,MedDev,,,00,000,31140,Louisville/Jefferson County MSA,2023,334510,Electromedical and Electrotherapeutic Apparatus Manufacturing,2,2,43.2615384615
2,2,Pharma,,,00,000,45460,Terre Haute MSA,2023,325412,Pharmaceutical Preparation Manufacturing,2,2,45.2307692308
2,2,Pharma,,,00,000,26900,Indianapolis-Carmel-Greenwood MSA,2023,325413,In-Vitro Diagnostic Substance Manufacturing,2,2,51.3230769231
2,1,Ag/Bio,,,00,000,26900,Indianapolis-Carmel-Greenwood MSA,2023,325320,Pesticide and Other Agricultural Chemical Manufacturing,2,2,18.5230769231
1,1,Ag/Bio,,,00,000,43780,South Bend-Mishawaka MSA,2023,000000,,1,1,30.89230769235
2,2,Pharma,,,0,000,00000,United States,2023,325412,Pharmaceutical Preparation Manufacturing,2,2,66.9230769231
1,1,Ag/Bio,,,00,000,23060,Fort Wayne MSA,2023,000000,,1,1,26.928846153850003
2,3,MedDev,,,00,000,17140,Cincinnati MSA,2023,334516,Analytical Laboratory Instrument Manufacturing,2,2,39.8153846154
2,2,Pharma,,,00,000,29020,Kokomo MSA,2023,325414,Biological Product (except Diagnostic) Manufacturing,2,2,12.2
2,2,Pharma,,,00,000,14020,Bloomington MSA,2023,325414,Biological Product (except Diagnostic) Manufacturing,2,2,17.9076923077
2,2,Pharma,,,00,000,29200,Lafayette-West Lafayette MSA,2023,325414,Biological Product (except Diagnostic) Manufacturing,2,2,21.9692307692
1,3,MedDev,,,00,000,33140,Michigan City-La Porte MSA,2023,000000,,1,1,26.63205128203333
2,4,Research/Testing,,,00,000,31140,Louisville/Jefferson County MSA,2023,541715,"Research and Development in the Physical, Engineering, and Life Sciences (except Nanotechnology and Biotechnology)",2,2,29.032061538496503
2,4,Research/Testing,,,00,000,21140,Elkhart-Goshen MSA,2023,541714,Research and Development in Biotechnology (except Nanobiotechnology),2,2,17.5384615385
2,6,Bio-Logistics,,,0,000,00000,United States,2023,424210,Drugs and Druggists' Sundries Merchant Wholesalers,2,2,36.3756923077068
0,0,Life Sciences Total,,,00,000,43780,South Bend-Mishawaka MSA,2023,000000,,0,0,31.578669444445367
1,1,Ag/Bio,,,00,000,29200,Lafayette-West Lafayette MSA,2023,000000,,1,1,30.256410256400002
2,3,MedDev,,,00,000,21780,Evansville MSA,2023,334510,Electromedical and Electrotherapeutic Apparatus Manufacturing,2,2,55.0769230769
2,1,Ag/Bio,,,00,000,23060,Fort Wayne MSA,2023,311221,Wet Corn Milling and Starch Manufacturing,2,2,
2,1,Ag/Bio,,,00,000,17140,Cincinnati MSA,2023,325320,Pesticide and Other Agricultural Chemical Manufacturing,2,2,16.1846153846
2,4,Research/Testing,,,00,000,34620,Muncie MSA,2023,541714,Research and Development in Biotechnology (except Nanobiotechnology),2,2,17.0461538462
2,3,MedDev,,,00,000,17140,Cincinnati MSA,2023,339113,Surgical Appliance and Supplies Manufacturing,2,2,28.1230769231
1,2,Pharma,,,00,000,43780,South Bend-Mishawaka MSA,2023,000000,,1,1,59.00144230766667
2,2,Pharma,,,00,000,26900,Indianapolis-Carmel-Greenwood MSA,2023,325412,Pharmaceutical Preparation Manufacturing,2,2,59.0153846154
1,3,MedDev,,,00,000,34620,Muncie MSA,2023,000000,,1,1,43.158974358933335
2,3,MedDev,,,00,000,29200,Lafayette-West Lafayette MSA,2023,334510,Electromedical and Electrotherapeutic Apparatus Manufacturing,2,2,63.8769230769
2,1,Ag/Bio,,,00,000,26900,Indianapolis-Carmel-Greenwood MSA,2023,311221,Wet Corn Milling and Starch Manufacturing,2,2,26.8923076923
2,1,Ag/Bio,,,00,000,21780,Evansville MSA,2023,311221,Wet Corn Milling and Starch Manufacturing,2,2,
2,3,MedDev,,,00,000,21140,Elkhart-Goshen MSA,2023,339114,Dental Equipment and Supplies Manufacturing,2,2,15.5
2,4,Research/Testing,,,00,000,23060,Fort Wayne MSA,2023,541715,"Research and Development in the Physical, Engineering, and Life Sciences (except Nanotechnology and Biotechnology)",2,2,28.137046153804203
2,6,Bio-Logistics,,,00,000,21780,Evansville MSA,2023,423450,"Medical, Dental, and Hospital Equipment and Supplies Merchant Wholesalers",2,2,48.6993846153398
2,1,Ag/Bio,,,00,000,14020,Bloomington MSA,2023,325311,Nitrogenous Fertilizer Manufacturing,2,2,25.0
2,3,MedDev,,,00,000,34620,Muncie MSA,2023,334516,Analytical Laboratory Instrument Manufacturing,2,2,47.2615384615
2,3,MedDev,,,00,000,14020,Bloomington MSA,2023,334510,Electromedical and Electrotherapeutic Apparatus Manufacturing,2,2,19.2615384615
2,3,MedDev,,,00,000,45460,Terre Haute MSA,2023,339113,Surgical Appliance and Supplies Manufacturing,2,2,
2,2,Pharma,,,00,000,16980,Chicago-Naperville-Elgin MSA,2023,325411,Medicinal and Botanical Manufacturing,2,2,32.6769230769
2,2,Pharma,,,00,000,45460,Terre Haute MSA,2023,325411,Medicinal and Botanical Manufacturing,2,2,
2,6,Bio-Logistics,,,00,000,33140,Michigan City-La Porte MSA,2023,424210,Drugs and Druggists' Sundries Merchant Wholesalers,2,2,14.0865230768796
2,2,Pharma,,,0,000,00000,United States,2023,325411,Medicinal and Botanical Manufacturing,2,2,54.0923076923
1,1,Ag/Bio,,,00,000,18020,Columbus MSA,2023,000000,,1,1,
2,3,MedDev,,,00,000,26900,Indianapolis-Carmel-Greenwood MSA,2023,339113,Surgical Appliance and Supplies Manufacturing,2,2,35.1384615385
2,3,MedDev,,,00,000,21780,Evansville MSA,2023,339113,Surgical Appliance and Supplies Manufacturing,2,2,40.0615384615
2,6,Bio-Logistics,,,00,000,31140,Louisville/Jefferson County MSA,2023,424210,Drugs and Druggists' Sundries Merchant Wholesalers,2,2,18.9559384615602
2,2,Pharma,,,00,000,23060,Fort Wayne MSA,2023,325412,Pharmaceutical Preparation Manufacturing,2,2,49.4153846154
1,2,Pharma,,,0,000,00000,United States,2023,000000,,1,1,51.769230769225
2,3,MedDev,,,00,000,21140,Elkhart-Goshen MSA,2023,334510,Electromedical and Electrotherapeutic Apparatus Manufacturing,2,2,55.2615384615
2,3,MedDev,,,00,000,33140,Michigan City-La Porte MSA,2023,334510,Electromedical and Electrotherapeutic Apparatus Manufacturing,2,2,
1,4,Research/Testing,,,00,000,31140,Louisville/Jefferson County MSA,2023,000000,,1,1,26.288578461553023
2,6,Bio-Logistics,,,18,000,00000,Indiana,2023,424210,Drugs and Druggists' Sundries Merchant Wholesalers,2,2,31.245415384586398
2,3,MedDev,,,00,000,16980,Chicago-Naperville-Elgin MSA,2023,339114,Dental Equipment and Supplies Manufacturing,2,2,26.4
1,1,Ag/Bio,,,00,000,14020,Bloomington MSA,2023,000000,,1,1,17.833333333333332
2,3,MedDev,,,00,000,43780,South Bend-Mishawaka MSA,2023,339113,Surgical Appliance and Supplies Manufacturing,2,2,41.0461538462
2,4,Research/Testing,,,00,000,23060,Fort Wayne MSA,2023,621511,Medical Laboratories,2,2,17.5384615385
2,6,Bio-Logistics,,,00,000,14020,Bloomington MSA,2023,424210,Drugs and Druggists' Sundries Merchant Wholesalers,2,2,15.129969230732998
2,6,Bio-Logistics,,,00,000,18020,Columbus MSA,2023,424910,Farm Supplies Merchant Wholesalers,2,2,
1,4,Research/Testing,,,00,000,16980,Chicago-Naperville-Elgin MSA,2023,000000,,1,1,21.856455384628298
2,3,MedDev,,,18,000,00000,Indiana,2023,334516,Analytical Laboratory Instrument Manufacturing,2,2,49.4153846154
2,4,Research/Testing,,,00,000,43780,South Bend-Mishawaka MSA,2023,621511,Medical Laboratories,2,2,22.8307692308
2,2,Pharma,,,00,000,45460,Terre Haute MSA,2023,325413,In-Vitro Diagnostic Substance Manufacturing,2,2,
2,4,Research/Testing,,,00,000,45460,Terre Haute MSA,2023,621511,Medical Laboratories,2,2,18.7692307692
2,4,Research/Testing,,,00,000,34620,Muncie MSA,2023,621511,Medical Laboratories,2,2,15.2
2,4,Research/Testing,,,0,000,00000,United States,2023,541713,Research and Development in Nanotechnology,2,2,20.590153846167
2,3,MedDev,,,00,000,34620,Muncie MSA,2023,339112,Surgical and Medical Instrument Manufacturing,2,2,
2,3,MedDev,,,00,000,26900,Indianapolis-Carmel-Greenwood MSA,2023,334517,Irradiation Apparatus Manufacturing,2,2,36.5384615385
2,4,Research/Testing,,,00,000,26900,Indianapolis-Carmel-Greenwood MSA,2023,541715,"Research and Development in the Physical, Engineering, and Life Sciences (except Nanotechnology and Biotechnology)",2,2,31.045846153804206
2,2,Pharma,,,00,000,21140,Elkhart-Goshen MSA,2023,325411,Medicinal and Botanical Manufacturing,2,2,
1,6,Bio-Logistics,,,00,000,18020,Columbus MSA,2023,000000,,1,1,52.822399999999995
2,3,MedDev,,,00,000,29020,Kokomo MSA,2023,334510,Electromedical and Electrotherapeutic Apparatus Manufacturing,2,2,26.3384615385
0,0,Life Sciences Total,,,00,000,14020,Bloomington MSA,2023,000000,,0,0,27.496184615379903
0,0,Life Sciences Total,,,00,000,29200,Lafayette-West Lafayette MSA,2023,000000,,0,0,39.82980544871281
2,3,MedDev,,,00,000,29200,Lafayette-West Lafayette MSA,2023,334517,Irradiation Apparatus Manufacturing,2,2,54.0384615385
0,0,Life Sciences Total,,,00,000,29020,Kokomo MSA,2023,000000,,0,0,18.79745692309534
1,4,Research/Testing,,,00,000,21140,Elkhart-Goshen MSA,2023,000000,,1,1,17.86142769232216
1,3,MedDev,,,00,000,17140,Cincinnati MSA,2023,000000,,1,1,52.47179487186667
2,3,MedDev,,,00,000,33140,Michigan City-La Porte MSA,2023,334516,Analytical Laboratory Instrument Manufacturing,2,2,50.5846153846
2,4,Research/Testing,,,00,000,18020,Columbus MSA,2023,541380,Testing Laboratories and Services,2,2,1.9773538461592
2,6,Bio-Logistics,,,00,000,29020,Kokomo MSA,2023,424910,Farm Supplies Merchant Wholesalers,2,2,
2,4,Research/Testing,,,00,000,45460,Terre Haute MSA,2023,541714,Research and Development in Biotechnology (except Nanobiotechnology),2,2,60.1846153846
2,3,MedDev,,,18,000,00000,Indiana,2023,339113,Surgical Appliance and Supplies Manufacturing,2,2,41.0461538462
2,2,Pharma,,,18,000,00000,Indiana,2023,325412,Pharmaceutical Preparation Manufacturing,2,2,60.4923076923
2,4,Research/Testing,,,00,000,31140,Louisville/Jefferson County MSA,2023,541713,Research and Development in Nanotechnology,2,2,46.231384615389
2,1,Ag/Bio,,,00,000,18020,Columbus MSA,2023,325311,Nitrogenous Fertilizer Manufacturing,2,2,
2,2,Pharma,,,00,000,23060,Fort Wayne MSA,2023,325414,Biological Product (except Diagnostic) Manufacturing,2,2,17.0461538462
2,6,Bio-Logistics,,,00,000,21780,Evansville MSA,2023,424210,Drugs and Druggists' Sundries Merchant Wholesalers,2,2,33.564184615413595
2,3,MedDev,,,00,000,14020,Bloomington MSA,2023,334516,Analytical Laboratory Instrument Manufacturing,2,2,47.2615384615
2,1,Ag/Bio,,,00,000,29020,Kokomo MSA,2023,325320,Pesticide and Other Agricultural Chemical Manufacturing,2,2,13.9197115385
2,1,Ag/Bio,,,18,000,00000,Indiana,2023,325311,Nitrogenous Fertilizer Manufacturing,2,2,21.9692307692
2,3,MedDev,,,00,000,33140,Michigan City-La Porte MSA,2023,339114,Dental Equipment and Supplies Manufacturing,2,2,16.0615384615
2,4,Research/Testing,,,00,000,29200,Lafayette-West Lafayette MSA,2023,541713,Research and Development in Nanotechnology,2,2,32.884615384610996
2,4,Research/Testing,,,00,000,18020,Columbus MSA,2023,621511,Medical Laboratories,2,2,16.0615384615
2,1,Ag/Bio,,,00,000,43780,South Bend-Mishawaka MSA,2023,325320,Pesticide and Other Agricultural Chemical Manufacturing,2,2,17.0461538462
2,4,Research/Testing,,,0,000,00000,United States,2023,541715,"Research and Development in the Physical, Engineering, and Life Sciences (except Nanotechnology and Biotechnology)",2,2,40.6952307692028
2,2,Pharma,,,00,000,29020,Kokomo MSA,2023,325412,Pharmaceutical Preparation Manufacturing,2,2,18.1899038462
2,4,Research/Testing,,,00,000,29200,Lafayette-West Lafayette MSA,2023,541714,Research and Development in Biotechnology (except Nanobiotechnology),2,2,62.5
1,4,Research/Testing,,,00,000,17140,Cincinnati MSA,2023,000000,,1,1,16.6966276923082
1,6,Bio-Logistics,,,00,000,23060,Fort Wayne MSA,2023,000000,,1,1,18.812410256435864
2,1,Ag/Bio,,,00,000,34620,Muncie MSA,2023,325311,Nitrogenous Fertilizer Manufacturing,2,2,
2,2,Pharma,,,00,000,33140,Michigan City-La Porte MSA,2023,325414,Biological Product (except Diagnostic) Manufacturing,2,2,14.9538461538
2,1,Ag/Bio,,,00,000,34620,Muncie MSA,2023,325193,Ethyl Alcohol Manufacturing,2,2,
2,2,Pharma,,,00,000,29200,Lafayette-West Lafayette MSA,2023,325412,Pharmaceutical Preparation Manufacturing,2,2,48.4307692308
2,3,MedDev,,,00,000,31140,Louisville/Jefferson County MSA,2023,334516,Analytical Laboratory Instrument Manufacturing,2,2,43.5076923077
1,6,Bio-Logistics,,,00,000,43780,South Bend-Mishawaka MSA,2023,000000,,1,1,18.68513846153333
1,6,Bio-Logistics,,,00,000,33140,Michigan City-La Porte MSA,2023,000000,,1,1,28.68652307692103
2,2,Pharma,,,00,000,14020,Bloomington MSA,2023,325412,Pharmaceutical Preparation Manufacturing,2,2,45.7230769231
2,1,Ag/Bio,,,00,000,23060,Fort Wayne MSA,2023,325311,Nitrogenous Fertilizer Manufacturing,2,2,17.5
2,4,Research/Testing,,,00,000,31140,Louisville/Jefferson County MSA,2023,621511,Medical Laboratories,2,2,18.4
2,3,MedDev,,,00,000,18020,Columbus MSA,2023,334510,Electromedical and Electrotherapeutic Apparatus Manufacturing,2,2,68.75
2,2,Pharma,,,00,000,31140,Louisville/Jefferson County MSA,2023,325411,Medicinal and Botanical Manufacturing,2,2,18.2769230769
1,1,Ag/Bio,,,0,000,00000,United States,2023,000000,,1,1,24.246153846149998
1,3,MedDev,,,00,000,23060,Fort Wayne MSA,2023,000000,,1,1,35.353846153860005
2,1,Ag/Bio,,,00,000,23060,Fort Wayne MSA,2023,325320,Pesticide and Other Agricultural Chemical Manufacturing,2,2,18.5230769231
2,2,Pharma,,,00,000,34620,Muncie MSA,2023,325411,Medicinal and Botanical Manufacturing,2,2,
2,3,MedDev,,,00,000,16980,Chicago-Naperville-Elgin MSA,2023,334517,Irradiation Apparatus Manufacturing,2,2,44.2461538462
2,3,MedDev,,,00,000,43780,South Bend-Mishawaka MSA,2023,339114,Dental Equipment and Supplies Manufacturing,2,2,16.5
2,1,Ag/Bio,,,00,000,16980,Chicago-Naperville-Elgin MSA,2023,311221,Wet Corn Milling and Starch Manufacturing,2,2,36.615384615400004
2,3,MedDev,,,00,000,18020,Columbus MSA,2023,339112,Surgical and Medical Instrument Manufacturing,2,2,22.15
2,4,Research/Testing,,,00,000,21780,Evansville MSA,2023,621511,Medical Laboratories,2,2,17.1692307692
2,3,MedDev,,,00,000,16980,Chicago-Naperville-Elgin MSA,2023,334510,Electromedical and Electrotherapeutic Apparatus Manufacturing,2,2,58.2769230769
2,2,Pharma,,,00,000,21780,Evansville MSA,2023,325411,Medicinal and Botanical Manufacturing,2,2,
1,2,Pharma,,,00,000,14020,Bloomington MSA,2023,000000,,1,1,31.8153846154
1,2,Pharma,,,00,000,45460,Terre Haute MSA,2023,000000,,1,1,43.26153846155
1,1,Ag/Bio,,,18,000,00000,Indiana,2023,000000,,1,1,24.666666666650002
1,6,Bio-Logistics,,,00,000,21140,Elkhart-Goshen MSA,2023,000000,,1,1,28.28685128205113
2,1,Ag/Bio,,,00,000,18020,Columbus MSA,2023,325314,Fertilizer (Mixing Only) Manufacturing,2,2,
2,6,Bio-Logistics,,,00,000,23060,Fort Wayne MSA,2023,424910,Farm Supplies Merchant Wholesalers,2,2,14.802461538493999
2,3,MedDev,,,00,000,18020,Columbus MSA,2023,339113,Surgical Appliance and Supplies Manufacturing,2,2,20.0
2,3,MedDev,,,00,000,26900,Indianapolis-Carmel-Greenwood MSA,2023,334510,Electromedical and Electrotherapeutic Apparatus Manufacturing,2,2,37.1076923077
1,2,Pharma,,,00,000,23060,Fort Wayne MSA,2023,000000,,1,1,33.35384615386666
1,2,Pharma,,,00,000,33140,Michigan City-La Porte MSA,2023,000000,,1,1,32.52307692305
2,4,Research/Testing,,,00,000,33140,Michigan City-La Porte MSA,2023,541380,Testing Laboratories and Services,2,2,2.0844307692272
2,1,Ag/Bio,,,00,000,21780,Evansville MSA,2023,325311,Nitrogenous Fertilizer Manufacturing,2,2,25.0461538462
1,1,Ag/Bio,,,00,000,33140,Michigan City-La Porte MSA,2023,000000,,1,1,18.0
2,3,MedDev,,,00,000,31140,Louisville/Jefferson County MSA,2023,339112,Surgical and Medical Instrument Manufacturing,2,2,20.9846153846
2,6,Bio-Logistics,,,00,000,31140,Louisville/Jefferson County MSA,2023,424910,Farm Supplies Merchant Wholesalers,2,2,15.2179692307952
2,1,Ag/Bio,,,00,000,26900,Indianapolis-Carmel-Greenwood MSA,2023,325193,Ethyl Alcohol Manufacturing,2,2,18.0
2,1,Ag/Bio,,,00,000,21780,Evansville MSA,2023,325320,Pesticide and Other Agricultural Chemical Manufacturing,2,2,15.0769230769
1,2,Pharma,,,00,000,21780,Evansville MSA,2023,000000,,1,1,34.276923076900005
1,4,Research/Testing,,,00,000,23060,Fort Wayne MSA,2023,000000,,1,1,16.97305846154492
2,3,MedDev,,,00,000,29020,Kokomo MSA,2023,339113,Surgical Appliance and Supplies Manufacturing,2,2,
2,1,Ag/Bio,,,00,000,45460,Terre Haute MSA,2023,325311,Nitrogenous Fertilizer Manufacturing,2,2,26.3384615385
2,3,MedDev,,,00,000,21780,Evansville MSA,2023,334516,Analytical Laboratory Instrument Manufacturing,2,2,50.6461538462
2,3,MedDev,,,00,000,45460,Terre Haute MSA,2023,334510,Electromedical and Electrotherapeutic Apparatus Manufacturing,2,2,68.8
2,1,Ag/Bio,,,00,000,34620,Muncie MSA,2023,325320,Pesticide and Other Agricultural Chemical Manufacturing,2,2,
2,1,Ag/Bio,,,00,000,26900,Indianapolis-Carmel-Greenwood MSA,2023,325314,Fertilizer (Mixing Only) Manufacturing,2,2,14.9538461538
1,6,Bio-Logistics,,,00,000,21780,Evansville MSA,2023,000000,,1,1,32.49384615384954
1,6,Bio-Logistics,,,00,000,17140,Cincinnati MSA,2023,000000,,1,1,18.0999589743712
2,1,Ag/Bio,,,00,000,14020,Bloomington MSA,2023,325314,Fertilizer (Mixing Only) Manufacturing,2,2,18.0
2,4,Research/Testing,,,00,000,17140,Cincinnati MSA,2023,621511,Medical Laboratories,2,2,19.0153846154
2,4,Research/Testing,,,18,000,00000,Indiana,2023,621511,Medical Laboratories,2,2,21.2307692308
2,4,Research/Testing,,,00,000,29020,Kokomo MSA,2023,541715,"Research and Development in the Physical, Engineering, and Life Sciences (except Nanotechnology and Biotechnology)",2,2,11.635200000000001
2,4,Research/Testing,,,00,000,43780,South Bend-Mishawaka MSA,2023,541714,Research and Development in Biotechnology (except Nanobiotechnology),2,2,22.8307692308
2,2,Pharma,,,00,000,21140,Elkhart-Goshen MSA,2023,325414,Biological Product (except Diagnostic) Manufacturing,2,2,39.6
1,4,Research/Testing,,,0,000,00000,United States,2023,000000,,1,1,25.091021538448523
1,3,MedDev,,,00,000,43780,South Bend-Mishawaka MSA,2023,000000,,1,1,34.53692307692
1,3,MedDev,,,18,000,00000,Indiana,2023,000000,,1,1,40.8512820513
2,3,MedDev,,,00,000,21780,Evansville MSA,2023,339112,Surgical and Medical Instrument Manufacturing,2,2,24.9846153846
2,2,Pharma,,,00,000,45460,Terre Haute MSA,2023,325414,Biological Product (except Diagnostic) Manufacturing,2,2,41.2923076923
2,2,Pharma,,,00,000,17140,Cincinnati MSA,2023,325413,In-Vitro Diagnostic Substance Manufacturing,2,2,18.0307692308
1,1,Ag/Bio,,,00,000,45460,Terre Haute MSA,2023,000000,,1,1,23.986538461549998
2,1,Ag/Bio,,,00,000,21780,Evansville MSA,2023,325193,Ethyl Alcohol Manufacturing,2,2,17.7884615385
2,2,Pharma,,,00,000,23060,Fort Wayne MSA,2023,325411,Medicinal and Botanical Manufacturing,2,2,33.6
2,1,Ag/Bio,,,00,000,14020,Bloomington MSA,2023,325320,Pesticide and Other Agricultural Chemical Manufacturing,2,2,10.5
2,4,Research/Testing,,,00,000,18020,Columbus MSA,2023,541713,Research and Development in Nanotechnology,2,2,13.11
1,3,MedDev,,,00,000,21140,Elkhart-Goshen MSA,2023,000000,,1,1,30.358461538460006
2,6,Bio-Logistics,,,00,000,14020,Bloomington MSA,2023,423450,"Medical, Dental, and Hospital Equipment and Supplies Merchant Wholesalers",2,2,44.3971076923301
0,0,Life Sciences Total,,,00,000,31140,Louisville/Jefferson County MSA,2023,000000,,0,0,25.642388111886234
2,1,Ag/Bio,,,00,000,23060,Fort Wayne MSA,2023,325193,Ethyl Alcohol Manufacturing,2,2,
2,4,Research/Testing,,,00,000,26900,Indianapolis-Carmel-Greenwood MSA,2023,541380,Testing Laboratories and Services,2,2,2.1915076923068004
2,3,MedDev,,,00,000,31140,Louisville/Jefferson County MSA,2023,339114,Dental Equipment and Supplies Manufacturing,2,2,20.0
2,4,Research/Testing,,,00,000,33140,Michigan City-La Porte MSA,2023,541715,"Research and Development in the Physical, Engineering, and Life Sciences (except Nanotechnology and Biotechnology)",2,2,40.905
2,1,Ag/Bio,,,00,000,23060,Fort Wayne MSA,2023,325314,Fertilizer (Mixing Only) Manufacturing,2,2,48.3692307692
2,3,MedDev,,,18,000,00000,Indiana,2023,339114,Dental Equipment and Supplies Manufacturing,2,2,42.5230769231
2,6,Bio-Logistics,,,00,000,31140,Louisville/Jefferson County MSA,2023,423450,"Medical, Dental, and Hospital Equipment and Supplies Merchant Wholesalers",2,2,26.7099692307767
2,6,Bio-Logistics,,,00,000,34620,Muncie MSA,2023,423450,"Medical, Dental, and Hospital Equipment and Supplies Merchant Wholesalers",2,2,55.0930461538835
2,1,Ag/Bio,,,00,000,45460,Terre Haute MSA,2023,325193,Ethyl Alcohol Manufacturing,2,2,
2,3,MedDev,,,00,000,43780,South Bend-Mishawaka MSA,2023,334517,Irradiation Apparatus Manufacturing,2,2,
2,1,Ag/Bio,,,00,000,29200,Lafayette-West Lafayette MSA,2023,325314,Fertilizer (Mixing Only) Manufacturing,2,2,
2,3,MedDev,,,00,000,17140,Cincinnati MSA,2023,339114,Dental Equipment and Supplies Manufacturing,2,2,52.5538461538
2,3,MedDev,,,00,000,26900,Indianapolis-Carmel-Greenwood MSA,2023,334516,Analytical Laboratory Instrument Manufacturing,2,2,48.1846153846
2,3,MedDev,,,00,000,43780,South Bend-Mishawaka MSA,2023,334516,Analytical Laboratory Instrument Manufacturing,2,2,49.3538461538
0,0,Life Sciences Total,,,00,000,34620,Muncie MSA,2023,000000,,0,0,37.58630279720696
1,3,MedDev,,,0,000,00000,United States,2023,000000,,1,1,40.928205128200005
2,3,MedDev,,,00,000,16980,Chicago-Naperville-Elgin MSA,2023,339112,Surgical and Medical Instrument Manufacturing,2,2,37.6
2,1,Ag/Bio,,,00,000,33140,Michigan City-La Porte MSA,2023,325320,Pesticide and Other Agricultural Chemical Manufacturing,2,2,18.0
2,4,Research/Testing,,,00,000,14020,Bloomington MSA,2023,541713,Research and Development in Nanotechnology,2,2,
1,4,Research/Testing,,,00,000,29200,Lafayette-West Lafayette MSA,2023,000000,,1,1,29.027101538462478
1,1,Ag/Bio,,,00,000,16980,Chicago-Naperville-Elgin MSA,2023,000000,,1,1,37.71076923078
2,2,Pharma,,,0,000,00000,United States,2023,325413,In-Vitro Diagnostic Substance Manufacturing,2,2,29.4769230769
2,3,MedDev,,,18,000,00000,Indiana,2023,334510,Electromedical and Electrotherapeutic Apparatus Manufacturing,2,2,35.6307692308
2,6,Bio-Logistics,,,00,000,43780,South Bend-Mishawaka MSA,2023,424910,Farm Supplies Merchant Wholesalers,2,2,10.549999999999999
2,3,MedDev,,,00,000,16980,Chicago-Naperville-Elgin MSA,2023,334516,Analytical Laboratory Instrument Manufacturing,2,2,50.1538461538
2,6,Bio-Logistics,,,00,000,17140,Cincinnati MSA,2023,424910,Farm Supplies Merchant Wholesalers,2,2,16.88
2,3,MedDev,,,0,000,00000,United States,2023,339113,Surgical Appliance and Supplies Manufacturing,2,2,36.6461538462
2,1,Ag/Bio,,,00,000,29200,Lafayette-West Lafayette MSA,2023,325312,Phosphatic Fertilizer Manufacturing,2,2,
2,4,Research/Testing,,,00,000,26900,Indianapolis-Carmel-Greenwood MSA,2023,621511,Medical Laboratories,2,2,22.3384615385
2,3,MedDev,,,00,000,31140,Louisville/Jefferson County MSA,2023,339113,Surgical Appliance and Supplies Manufacturing,2,2,30.0923076923
2,1,Ag/Bio,,,00,000,31140,Louisville/Jefferson County MSA,2023,311221,Wet Corn Milling and Starch Manufacturing,2,2,
2,6,Bio-Logistics,,,00,000,21140,Elkhart-Goshen MSA,2023,424910,Farm Supplies Merchant Wholesalers,2,2,16.88
1,6,Bio-Logistics,,,00,000,34620,Muncie MSA,2023,000000,,1,1,48.517571794892895
2,4,Research/Testing,,,00,000,21140,Elkhart-Goshen MSA,2023,621511,Medical Laboratories,2,2,22.7076923077
2,4,Research/Testing,,,00,000,43780,South Bend-Mishawaka MSA,2023,541715,"Research and Development in the Physical, Engineering, and Life Sciences (except Nanotechnology and Biotechnology)",2,2,35.073415384601404
1,4,Research/Testing,,,00,000,26900,Indianapolis-Carmel-Greenwood MSA,2023,000000,,1,1,20.7523323076932
2,3,MedDev,,,00,000,18020,Columbus MSA,2023,334516,Analytical Laboratory Instrument Manufacturing,2,2,
2,3,MedDev,,,00,000,31140,Louisville/Jefferson County MSA,2023,334517,Irradiation Apparatus Manufacturing,2,2,19.0
2,1,Ag/Bio,,,00,000,31140,Louisville/Jefferson County MSA,2023,325193,Ethyl Alcohol Manufacturing,2,2,17.9692307692
2,3,MedDev,,,00,000,29200,Lafayette-West Lafayette MSA,2023,339113,Surgical Appliance and Supplies Manufacturing,2,2,57.7230769231
1,1,Ag/Bio,,,00,000,26900,Indianapolis-Carmel-Greenwood MSA,2023,000000,,1,1,20.067692307679998
2,1,Ag/Bio,,,0,000,00000,United States,2023,325311,Nitrogenous Fertilizer Manufacturing,2,2,26.4
2,4,Research/Testing,,,00,000,16980,Chicago-Naperville-Elgin MSA,2023,621511,Medical Laboratories,2,2,21.1076923077
2,3,MedDev,,,00,000,23060,Fort Wayne MSA,2023,339112,Surgical and Medical Instrument Manufacturing,2,2,25.0461538462
2,4,Research/Testing,,,00,000,29020,Kokomo MSA,2023,621511,Medical Laboratories,2,2,18.8923076923
2,2,Pharma,,,00,000,21780,Evansville MSA,2023,325412,Pharmaceutical Preparation Manufacturing,2,2,49.6615384615
2,4,Research/Testing,,,00,000,45460,Terre Haute MSA,2023,541713,Research and Development in Nanotechnology,2,2,
2,1,Ag/Bio,,,00,000,21140,Elkhart-Goshen MSA,2023,325314,Fertilizer (Mixing Only) Manufacturing,2,2,
2,2,Pharma,,,00,000,43780,South Bend-Mishawaka MSA,2023,325414,Biological Product (except Diagnostic) Manufacturing,2,2,56.5538461538
2,1,Ag/Bio,,,00,000,16980,Chicago-Naperville-Elgin MSA,2023,325320,Pesticide and Other Agricultural Chemical Manufacturing,2,2,27.6307692308
1,2,Pharma,,,00,000,16980,Chicago-Naperville-Elgin MSA,2023,000000,,1,1,48.107692307675
2,4,Research/Testing,,,00,000,18020,Columbus MSA,2023,541715,"Research and Development in the Physical, Engineering, and Life Sciences (except Nanotechnology and Biotechnology)",2,2,15.047446153804199
2,1,Ag/Bio,,,00,000,14020,Bloomington MSA,2023,325312,Phosphatic Fertilizer Manufacturing,2,2,
2,6,Bio-Logistics,,,00,000,21140,Elkhart-Goshen MSA,2023,423450,"Medical, Dental, and Hospital Equipment and Supplies Merchant Wholesalers",2,2,30.4744615384466
2,1,Ag/Bio,,,00,000,33140,Michigan City-La Porte MSA,2023,325314,Fertilizer (Mixing Only) Manufacturing,2,2,
2,6,Bio-Logistics,,,00,000,26900,Indianapolis-Carmel-Greenwood MSA,2023,423450,"Medical, Dental, and Hospital Equipment and Supplies Merchant Wholesalers",2,2,27.188
2,4,Research/Testing,,,00,000,18020,Columbus MSA,2023,541714,Research and Development in Biotechnology (except Nanobiotechnology),2,2,11.6923076923
2,2,Pharma,,,00,000,16980,Chicago-Naperville-Elgin MSA,2023,325414,Biological Product (except Diagnostic) Manufacturing,2,2,37.3538461538
2,1,Ag/Bio,,,00,000,29200,Lafayette-West Lafayette MSA,2023,325311,Nitrogenous Fertilizer Manufacturing,2,2,31.1384615385
2,1,Ag/Bio,,,00,000,31140,Louisville/Jefferson County MSA,2023,325312,Phosphatic Fertilizer Manufacturing,2,2,22.8365384615
2,3,MedDev,,,00,000,23060,Fort Wayne MSA,2023,334510,Electromedical and Electrotherapeutic Apparatus Manufacturing,2,2,41.2923076923
0,0,Life Sciences Total,,,00,000,16980,Chicago-Naperville-Elgin MSA,2023,000000,,0,0,35.02386622073806
1,2,Pharma,,,00,000,34620,Muncie MSA,2023,000000,,1,1,32.66923076925
2,3,MedDev,,,00,000,26900,Indianapolis-Carmel-Greenwood MSA,2023,339112,Surgical and Medical Instrument Manufacturing,2,2,21.6
2,2,Pharma,,,00,000,26900,Indianapolis-Carmel-Greenwood MSA,2023,325414,Biological Product (except Diagnostic) Manufacturing,2,2,33.6615384615
1,6,Bio-Logistics,,,00,000,31140,Louisville/Jefferson County MSA,2023,000000,,1,1,20.294625641044032
2,1,Ag/Bio,,,00,000,43780,South Bend-Mishawaka MSA,2023,325312,Phosphatic Fertilizer Manufacturing,2,2,
2,2,Pharma,,,00,000,18020,Columbus MSA,2023,325414,Biological Product (except Diagnostic) Manufacturing,2,2,24.9846153846
1,3,MedDev,,,00,000,14020,Bloomington MSA,2023,000000,,1,1,36.996153846125
1,1,Ag/Bio,,,00,000,21780,Evansville MSA,2023,000000,,1,1,20.754807692325
1,6,Bio-Logistics,,,00,000,16980,Chicago-Naperville-Elgin MSA,2023,000000,,1,1,22.468369230777935
2,1,Ag/Bio,,,00,000,26900,Indianapolis-Carmel-Greenwood MSA,2023,325312,Phosphatic Fertilizer Manufacturing,2,2,
2,4,Research/Testing,,,00,000,17140,Cincinnati MSA,2023,541715,"Research and Development in the Physical, Engineering, and Life Sciences (except Nanotechnology and Biotechnology)",2,2,25.787630769202803
1,1,Ag/Bio,,,00,000,29020,Kokomo MSA,2023,000000,,1,1,13.9197115385
1,6,Bio-Logistics,,,0,000,00000,United States,2023,000000,,1,1,29.386041025633734
2,4,Research/Testing,,,0,000,00000,United States,2023,541714,Research and Development in Biotechnology (except Nanobiotechnology),2,2,39.3538461538
2,3,MedDev,,,00,000,23060,Fort Wayne MSA,2023,334517,Irradiation Apparatus Manufacturing,2,2,
2,6,Bio-Logistics,,,00,000,29200,Lafayette-West Lafayette MSA,2023,423450,"Medical, Dental, and Hospital Equipment and Supplies Merchant Wholesalers",2,2,54.1369846153398
2,2,Pharma,,,00,000,21780,Evansville MSA,2023,325414,Biological Product (except Diagnostic) Manufacturing,2,2,18.8923076923
2,4,Research/Testing,,,00,000,21780,Evansville MSA,2023,541380,Testing Laboratories and Services,2,2,1.7346461538408002
