sector,sector_name,subsector,subsector_name,naics_code,naics_title,naics_version,group_by,group_by_title,level
1,Manufacturing,13.0,x-All Other Manufacturing,312230,Tobacco Manufacturing,2022,3122,Tobacco Manufacturing,2
1,Manufacturing,13.0,x-All Other Manufacturing,313110,"Fiber, Yarn, and Thread Mills",2022,3131,"Fiber, Yarn, and Thread Mills",2
1,Manufacturing,13.0,x-All Other Manufacturing,313210,Broadwoven Fabric Mills,2022,3132,Fabric Mills,2
1,Manufacturing,13.0,x-All Other Manufacturing,313220,Narrow Fabric Mills and Schiffli Machine Embroidery,2022,3132,Fabric Mills,2
1,Manufacturing,13.0,x-All Other Manufacturing,313230,Nonwoven Fabric Mills,2022,3132,Fabric Mills,2
1,Manufacturing,13.0,x-All Other Manufacturing,313240,Knit Fabric Mills,2022,3132,Fabric Mills,2
1,Manufacturing,13.0,x-All Other Manufacturing,313310,Textile and Fabric Finishing Mills,2022,3133,Textile and Fabric Finishing and Fabric Coating Mills,2
1,Manufacturing,13.0,x-All Other Manufacturing,313320,Fabric Coating Mills,2022,3133,Textile and Fabric Finishing and Fabric Coating Mills,2
1,Manufacturing,13.0,x-All Other Manufacturing,314110,Carpet and Rug Mills,2022,3141,Textile Furnishings Mills,2
1,Manufacturing,13.0,x-All Other Manufacturing,314120,Curtain and Linen Mills,2022,3141,Textile Furnishings Mills,2
1,Manufacturing,13.0,x-All Other Manufacturing,314910,Textile Bag and Canvas Mills,2022,3149,Other Textile Product Mills,2
1,Manufacturing,13.0,x-All Other Manufacturing,314994,"Rope, Cordage, Twine, Tire Cord, and Tire Fabric Mills",2022,3149,Other Textile Product Mills,2
1,Manufacturing,13.0,x-All Other Manufacturing,314999,All Other Miscellaneous Textile Product Mills,2022,3149,Other Textile Product Mills,2
1,Manufacturing,13.0,x-All Other Manufacturing,315120,Apparel Knitting Mills,2022,3151,Apparel Knitting Mills,2
1,Manufacturing,13.0,x-All Other Manufacturing,315210,Cut and Sew Apparel Contractors,2022,3152,Cut and Sew Apparel Manufacturing,2
1,Manufacturing,13.0,x-All Other Manufacturing,315250,Cut and Sew Apparel Manufacturing (except Contractors),2022,3152,Cut and Sew Apparel Manufacturing,2
1,Manufacturing,13.0,x-All Other Manufacturing,315990,Apparel Accessories and Other Apparel Manufacturing,2022,3159,Apparel Accessories and Other Apparel Manufacturing,2
1,Manufacturing,13.0,x-All Other Manufacturing,316110,Leather and Hide Tanning and Finishing,2022,3161,Leather and Hide Tanning and Finishing,2
1,Manufacturing,13.0,x-All Other Manufacturing,316210,Footwear Manufacturing,2022,3162,Footwear Manufacturing,2
1,Manufacturing,13.0,x-All Other Manufacturing,316990,Other Leather and Allied Product Manufacturing,2022,3169,Other Leather and Allied Product Manufacturing,2
1,Manufacturing,13.0,x-All Other Manufacturing,321920,Wood Container and Pallet Manufacturing,2022,3219,Other Wood Product Manufacturing,2
1,Manufacturing,13.0,x-All Other Manufacturing,322110,Pulp Mills,2022,3221,"Pulp, Paper, and Paperboard Mills",2
1,Manufacturing,13.0,x-All Other Manufacturing,322120,Paper Mills,2022,3221,"Pulp, Paper, and Paperboard Mills",2
1,Manufacturing,13.0,x-All Other Manufacturing,322130,Paperboard Mills,2022,3221,"Pulp, Paper, and Paperboard Mills",2
1,Manufacturing,13.0,x-All Other Manufacturing,322211,Corrugated and Solid Fiber Box Manufacturing,2022,3222,Converted Paper Product Manufacturing,2
1,Manufacturing,13.0,x-All Other Manufacturing,322212,Folding Paperboard Box Manufacturing,2022,3222,Converted Paper Product Manufacturing,2
1,Manufacturing,13.0,x-All Other Manufacturing,322219,Other Paperboard Container Manufacturing,2022,3222,Converted Paper Product Manufacturing,2
1,Manufacturing,13.0,x-All Other Manufacturing,322220,Paper Bag and Coated and Treated Paper Manufacturing,2022,3222,Converted Paper Product Manufacturing,2
1,Manufacturing,13.0,x-All Other Manufacturing,322230,Stationery Product Manufacturing,2022,3222,Converted Paper Product Manufacturing,2
1,Manufacturing,13.0,x-All Other Manufacturing,322291,Sanitary Paper Product Manufacturing,2022,3222,Converted Paper Product Manufacturing,2
1,Manufacturing,13.0,x-All Other Manufacturing,322299,All Other Converted Paper Product Manufacturing,2022,3222,Converted Paper Product Manufacturing,2
1,Manufacturing,13.0,x-All Other Manufacturing,323111,Commercial Printing (except Screen and Books),2022,3231,Printing and Related Support Activities,2
1,Manufacturing,13.0,x-All Other Manufacturing,323113,Commercial Screen Printing,2022,3231,Printing and Related Support Activities,2
1,Manufacturing,13.0,x-All Other Manufacturing,323117,Books Printing,2022,3231,Printing and Related Support Activities,2
1,Manufacturing,13.0,x-All Other Manufacturing,323120,Support Activities for Printing,2022,3231,Printing and Related Support Activities,2
1,Manufacturing,13.0,x-All Other Manufacturing,324121,Asphalt Paving Mixture and Block Manufacturing,2022,3241,Petroleum and Coal Products Manufacturing,2
1,Manufacturing,13.0,x-All Other Manufacturing,324122,Asphalt Shingle and Coating Materials Manufacturing,2022,3241,Petroleum and Coal Products Manufacturing,2
1,Manufacturing,13.0,x-All Other Manufacturing,324191,Petroleum Lubricating Oil and Grease Manufacturing,2022,3241,Petroleum and Coal Products Manufacturing,2
1,Manufacturing,13.0,x-All Other Manufacturing,325110,Petrochemical Manufacturing,2022,3251,Basic Chemical Manufacturing,2
1,Manufacturing,13.0,x-All Other Manufacturing,325120,Industrial Gas Manufacturing,2022,3251,Basic Chemical Manufacturing,2
1,Manufacturing,13.0,x-All Other Manufacturing,325180,Other Basic Inorganic Chemical Manufacturing,2022,3251,Basic Chemical Manufacturing,2
1,Manufacturing,13.0,x-All Other Manufacturing,325194,"Cyclic Crude, Intermediate, and Gum and Wood Chemical Manufacturing",2022,3251,Basic Chemical Manufacturing,2
1,Manufacturing,13.0,x-All Other Manufacturing,325910,Printing Ink Manufacturing,2022,3259,Other Chemical Product and Preparation Manufacturing,2
1,Manufacturing,13.0,x-All Other Manufacturing,325920,Explosives Manufacturing,2022,3259,Other Chemical Product and Preparation Manufacturing,2
1,Manufacturing,13.0,x-All Other Manufacturing,325992,"Photographic Film, Paper, Plate, and Chemical Manufacturing",2022,3259,Other Chemical Product and Preparation Manufacturing,2
1,Manufacturing,13.0,x-All Other Manufacturing,325998,All Other Miscellaneous Chemical Product and Preparation Manufacturing,2022,3259,Other Chemical Product and Preparation Manufacturing,2
1,Manufacturing,13.0,x-All Other Manufacturing,327110,"Pottery, Ceramics, and Plumbing Fixture Manufacturing",2022,3271,Clay Product and Refractory Manufacturing,2
1,Manufacturing,13.0,x-All Other Manufacturing,327120,Clay Building Material and Refractories Manufacturing,2022,3271,Clay Product and Refractory Manufacturing,2
1,Manufacturing,13.0,x-All Other Manufacturing,327211,Flat Glass Manufacturing,2022,3272,Glass and Glass Product Manufacturing,2
1,Manufacturing,13.0,x-All Other Manufacturing,327212,Other Pressed and Blown Glass and Glassware Manufacturing,2022,3272,Glass and Glass Product Manufacturing,2
1,Manufacturing,13.0,x-All Other Manufacturing,327213,Glass Container Manufacturing,2022,3272,Glass and Glass Product Manufacturing,2
1,Manufacturing,13.0,x-All Other Manufacturing,327310,Cement Manufacturing,2022,3273,Cement and Concrete Product Manufacturing,2
1,Manufacturing,13.0,x-All Other Manufacturing,327320,Ready-Mix Concrete Manufacturing,2022,3273,Cement and Concrete Product Manufacturing,2
1,Manufacturing,13.0,x-All Other Manufacturing,327331,Concrete Block and Brick Manufacturing,2022,3273,Cement and Concrete Product Manufacturing,2
1,Manufacturing,13.0,x-All Other Manufacturing,327332,Concrete Pipe Manufacturing,2022,3273,Cement and Concrete Product Manufacturing,2
1,Manufacturing,13.0,x-All Other Manufacturing,327390,Other Concrete Product Manufacturing,2022,3273,Cement and Concrete Product Manufacturing,2
1,Manufacturing,13.0,x-All Other Manufacturing,327410,Lime Manufacturing,2022,3274,Lime and Gypsum Product Manufacturing,2
1,Manufacturing,13.0,x-All Other Manufacturing,327420,Gypsum Product Manufacturing,2022,3274,Lime and Gypsum Product Manufacturing,2
1,Manufacturing,13.0,x-All Other Manufacturing,327910,Abrasive Product Manufacturing,2022,3279,Other Nonmetallic Mineral Product Manufacturing,2
1,Manufacturing,13.0,x-All Other Manufacturing,327991,Cut Stone and Stone Product Manufacturing,2022,3279,Other Nonmetallic Mineral Product Manufacturing,2
1,Manufacturing,13.0,x-All Other Manufacturing,327992,Ground or Treated Mineral and Earth Manufacturing,2022,3279,Other Nonmetallic Mineral Product Manufacturing,2
1,Manufacturing,13.0,x-All Other Manufacturing,327993,Mineral Wool Manufacturing,2022,3279,Other Nonmetallic Mineral Product Manufacturing,2
1,Manufacturing,13.0,x-All Other Manufacturing,327999,All Other Miscellaneous Nonmetallic Mineral Product Manufacturing,2022,3279,Other Nonmetallic Mineral Product Manufacturing,2
1,Manufacturing,13.0,x-All Other Manufacturing,332913,Plumbing Fixture Fitting and Trim Manufacturing,2022,3329,Other Fabricated Metal Product Manufacturing,2
1,Manufacturing,13.0,x-All Other Manufacturing,332992,Small Arms Ammunition Manufacturing,2022,3329,Other Fabricated Metal Product Manufacturing,2
1,Manufacturing,13.0,x-All Other Manufacturing,332993,Ammunition (except Small Arms) Manufacturing,2022,3329,Other Fabricated Metal Product Manufacturing,2
1,Manufacturing,13.0,x-All Other Manufacturing,332994,"Small Arms, Ordnance, and Ordnance Accessories Manufacturing",2022,3329,Other Fabricated Metal Product Manufacturing,2
1,Manufacturing,13.0,x-All Other Manufacturing,333922,Conveyor and Conveying Equipment Manufacturing,2022,3339,Other General Purpose Machinery Manufacturing,2
1,Manufacturing,13.0,x-All Other Manufacturing,333923,"Overhead Traveling Crane, Hoist, and Monorail System Manufacturing",2022,3339,Other General Purpose Machinery Manufacturing,2
1,Manufacturing,13.0,x-All Other Manufacturing,333924,"Industrial Truck, Tractor, Trailer, and Stacker Machinery Manufacturing",2022,3339,Other General Purpose Machinery Manufacturing,2
1,Manufacturing,13.0,x-All Other Manufacturing,335312,Motor and Generator Manufacturing,2022,3353,Electrical Equipment Manufacturing,2
1,Manufacturing,13.0,x-All Other Manufacturing,335313,Switchgear and Switchboard Apparatus Manufacturing,2022,3353,Electrical Equipment Manufacturing,2
1,Manufacturing,13.0,x-All Other Manufacturing,335921,Fiber Optic Cable Manufacturing,2022,3359,Other Electrical Equipment and Component Manufacturing,2
1,Manufacturing,13.0,x-All Other Manufacturing,335929,Other Communication and Energy Wire Manufacturing,2022,3359,Other Electrical Equipment and Component Manufacturing,2
1,Manufacturing,13.0,x-All Other Manufacturing,335991,Carbon and Graphite Product Manufacturing,2022,3359,Other Electrical Equipment and Component Manufacturing,2
1,Manufacturing,13.0,x-All Other Manufacturing,336510,Railroad Rolling Stock Manufacturing,2022,3365,Railroad Rolling Stock Manufacturing,2
1,Manufacturing,13.0,x-All Other Manufacturing,336611,Ship Building and Repairing,2022,3366,Ship and Boat Building,2
1,Manufacturing,13.0,x-All Other Manufacturing,336612,Boat Building,2022,3366,Ship and Boat Building,2
1,Manufacturing,13.0,x-All Other Manufacturing,336991,"Motorcycle, Bicycle, and Parts Manufacturing",2022,3369,Other Transportation Equipment Manufacturing,2
1,Manufacturing,13.0,x-All Other Manufacturing,336992,"Military Armored Vehicle, Tank, and Tank Component Manufacturing",2022,3369,Other Transportation Equipment Manufacturing,2
1,Manufacturing,13.0,x-All Other Manufacturing,336999,All Other Transportation Equipment Manufacturing,2022,3369,Other Transportation Equipment Manufacturing,2
1,Manufacturing,13.0,x-All Other Manufacturing,339940,Office Supplies (except Paper) Manufacturing,2022,3399,Other Miscellaneous Manufacturing,2
1,Manufacturing,13.0,x-All Other Manufacturing,339950,Sign Manufacturing,2022,3399,Other Miscellaneous Manufacturing,2
1,Manufacturing,13.0,x-All Other Manufacturing,339991,"Gasket, Packing, and Sealing Device Manufacturing",2022,3399,Other Miscellaneous Manufacturing,2
1,Manufacturing,1.0,Agbiosciences Manufacturing,311111,Dog and Cat Food Manufacturing,2022,3111,Animal Food Manufacturing,2
1,Manufacturing,1.0,Agbiosciences Manufacturing,311119,Other Animal Food Manufacturing,2022,3111,Animal Food Manufacturing,2
1,Manufacturing,1.0,Agbiosciences Manufacturing,311211,Flour Milling,2022,3112,Grain and Oilseed Milling,2
1,Manufacturing,1.0,Agbiosciences Manufacturing,311212,Rice Milling,2022,3112,Grain and Oilseed Milling,2
1,Manufacturing,1.0,Agbiosciences Manufacturing,311213,Malt Manufacturing,2022,3112,Grain and Oilseed Milling,2
1,Manufacturing,1.0,Agbiosciences Manufacturing,311221,Wet Corn Milling,2022,3112,Grain and Oilseed Milling,2
1,Manufacturing,1.0,Agbiosciences Manufacturing,311224,Soybean and Other Oilseed Processing,2022,3112,Grain and Oilseed Milling,2
1,Manufacturing,1.0,Agbiosciences Manufacturing,311225,Fats and Oils Refining and Blending,2022,3112,Grain and Oilseed Milling,2
1,Manufacturing,1.0,Agbiosciences Manufacturing,311230,Breakfast Cereal Manufacturing,2022,3112,Grain and Oilseed Milling,2
1,Manufacturing,1.0,Agbiosciences Manufacturing,311313,Beet Sugar Manufacturing,2022,3113,Sugar and Confectionery Product Manufacturing,2
1,Manufacturing,1.0,Agbiosciences Manufacturing,311314,Cane Sugar Manufacturing,2022,3113,Sugar and Confectionery Product Manufacturing,2
1,Manufacturing,1.0,Agbiosciences Manufacturing,311340,Nonchocolate Confectionery Manufacturing,2022,3113,Sugar and Confectionery Product Manufacturing,2
1,Manufacturing,1.0,Agbiosciences Manufacturing,311351,Chocolate and Confectionery Manufacturing from Cacao Beans,2022,3113,Sugar and Confectionery Product Manufacturing,2
1,Manufacturing,1.0,Agbiosciences Manufacturing,311352,Confectionery Manufacturing from Purchased Chocolate,2022,3113,Sugar and Confectionery Product Manufacturing,2
1,Manufacturing,1.0,Agbiosciences Manufacturing,311411,"Frozen Fruit, Juice, and Vegetable Manufacturing",2022,3114,Fruit and Vegetable Preserving and Specialty Food Manufacturing,2
1,Manufacturing,1.0,Agbiosciences Manufacturing,311412,Frozen Specialty Food Manufacturing,2022,3114,Fruit and Vegetable Preserving and Specialty Food Manufacturing,2
1,Manufacturing,1.0,Agbiosciences Manufacturing,311421,Fruit and Vegetable Canning,2022,3114,Fruit and Vegetable Preserving and Specialty Food Manufacturing,2
1,Manufacturing,1.0,Agbiosciences Manufacturing,311422,Specialty Canning,2022,3114,Fruit and Vegetable Preserving and Specialty Food Manufacturing,2
1,Manufacturing,1.0,Agbiosciences Manufacturing,311423,Dried and Dehydrated Food Manufacturing,2022,3114,Fruit and Vegetable Preserving and Specialty Food Manufacturing,2
1,Manufacturing,1.0,Agbiosciences Manufacturing,311511,Fluid Milk Manufacturing,2022,3115,Dairy Product Manufacturing,2
1,Manufacturing,1.0,Agbiosciences Manufacturing,311512,Creamery Butter Manufacturing,2022,3115,Dairy Product Manufacturing,2
1,Manufacturing,1.0,Agbiosciences Manufacturing,311513,Cheese Manufacturing,2022,3115,Dairy Product Manufacturing,2
1,Manufacturing,1.0,Agbiosciences Manufacturing,311514,"Dry, Condensed, and Evaporated Dairy Product Manufacturing",2022,3115,Dairy Product Manufacturing,2
1,Manufacturing,1.0,Agbiosciences Manufacturing,311520,Ice Cream and Frozen Dessert Manufacturing,2022,3115,Dairy Product Manufacturing,2
1,Manufacturing,1.0,Agbiosciences Manufacturing,311611,Animal (except Poultry) Slaughtering,2022,3116,Animal Slaughtering and Processing,2
1,Manufacturing,1.0,Agbiosciences Manufacturing,311612,Meat Processed from Carcasses,2022,3116,Animal Slaughtering and Processing,2
1,Manufacturing,1.0,Agbiosciences Manufacturing,311613,Rendering and Meat Byproduct Processing,2022,3116,Animal Slaughtering and Processing,2
1,Manufacturing,1.0,Agbiosciences Manufacturing,311615,Poultry Processing,2022,3116,Animal Slaughtering and Processing,2
1,Manufacturing,1.0,Agbiosciences Manufacturing,311710,Seafood Product Preparation and Packaging,2022,3117,Seafood Product Preparation and Packaging,2
1,Manufacturing,1.0,Agbiosciences Manufacturing,311811,Retail Bakeries,2022,3118,Bakeries and Tortilla Manufacturing,2
1,Manufacturing,1.0,Agbiosciences Manufacturing,311812,Commercial Bakeries,2022,3118,Bakeries and Tortilla Manufacturing,2
1,Manufacturing,1.0,Agbiosciences Manufacturing,311813,"Frozen Cakes, Pies, and Other Pastries Manufacturing",2022,3118,Bakeries and Tortilla Manufacturing,2
1,Manufacturing,1.0,Agbiosciences Manufacturing,311821,Cookie and Cracker Manufacturing,2022,3118,Bakeries and Tortilla Manufacturing,2
1,Manufacturing,1.0,Agbiosciences Manufacturing,311824,"Dry Pasta, Dough, and Flour Mixes Manufacturing from Purchased Flour",2022,3118,Bakeries and Tortilla Manufacturing,2
1,Manufacturing,1.0,Agbiosciences Manufacturing,311830,Tortilla Manufacturing,2022,3118,Bakeries and Tortilla Manufacturing,2
1,Manufacturing,1.0,Agbiosciences Manufacturing,311911,Roasted Nuts and Peanut Butter Manufacturing,2022,3119,Other Food Manufacturing,2
1,Manufacturing,1.0,Agbiosciences Manufacturing,311919,Other Snack Food Manufacturing,2022,3119,Other Food Manufacturing,2
1,Manufacturing,1.0,Agbiosciences Manufacturing,311920,Coffee and Tea Manufacturing,2022,3119,Other Food Manufacturing,2
1,Manufacturing,1.0,Agbiosciences Manufacturing,311930,Flavoring Syrup and Concentrate Manufacturing,2022,3119,Other Food Manufacturing,2
1,Manufacturing,1.0,Agbiosciences Manufacturing,311941,"Mayonnaise, Dressing, and Other Prepared Sauce Manufacturing",2022,3119,Other Food Manufacturing,2
1,Manufacturing,1.0,Agbiosciences Manufacturing,311942,Spice and Extract Manufacturing,2022,3119,Other Food Manufacturing,2
1,Manufacturing,1.0,Agbiosciences Manufacturing,311991,Perishable Prepared Food Manufacturing,2022,3119,Other Food Manufacturing,2
1,Manufacturing,1.0,Agbiosciences Manufacturing,311999,All Other Miscellaneous Food Manufacturing,2022,3119,Other Food Manufacturing,2
1,Manufacturing,1.0,Agbiosciences Manufacturing,312111,Soft Drink Manufacturing,2022,3121,Beverage Manufacturing,2
1,Manufacturing,1.0,Agbiosciences Manufacturing,312112,Bottled Water Manufacturing,2022,3121,Beverage Manufacturing,2
1,Manufacturing,1.0,Agbiosciences Manufacturing,312113,Ice Manufacturing,2022,3121,Beverage Manufacturing,2
1,Manufacturing,1.0,Agbiosciences Manufacturing,312120,Breweries,2022,3121,Beverage Manufacturing,2
1,Manufacturing,1.0,Agbiosciences Manufacturing,312130,Wineries,2022,3121,Beverage Manufacturing,2
1,Manufacturing,1.0,Agbiosciences Manufacturing,312140,Distilleries,2022,3121,Beverage Manufacturing,2
1,Manufacturing,1.0,Agbiosciences Manufacturing,325199,All Other Basic Organic Chemical Manufacturing,2022,3251,Basic Chemical Manufacturing,2
1,Manufacturing,1.0,Agbiosciences Manufacturing,325311,Nitrogenous Fertilizer Manufacturing,2022,3253,"Pesticide, Fertilizer, and Other Agricultural Chemical Manufacturing",2
1,Manufacturing,1.0,Agbiosciences Manufacturing,325312,Phosphatic Fertilizer Manufacturing,2022,3253,"Pesticide, Fertilizer, and Other Agricultural Chemical Manufacturing",2
1,Manufacturing,1.0,Agbiosciences Manufacturing,325314,Fertilizer (Mixing Only) Manufacturing,2022,3253,"Pesticide, Fertilizer, and Other Agricultural Chemical Manufacturing",2
1,Manufacturing,1.0,Agbiosciences Manufacturing,325315,Compost Manufacturing,2022,3253,"Pesticide, Fertilizer, and Other Agricultural Chemical Manufacturing",2
1,Manufacturing,1.0,Agbiosciences Manufacturing,325320,Pesticide and Other Agricultural Chemical Manufacturing,2022,3253,"Pesticide, Fertilizer, and Other Agricultural Chemical Manufacturing",2
1,Manufacturing,1.0,Agbiosciences Manufacturing,333111,Farm Machinery and Equipment Manufacturing,2022,3331,"Agriculture, Construction, and Mining Machinery Manufacturing",2
1,Manufacturing,1.0,Agbiosciences Manufacturing,333241,Food Product Machinery Manufacturing,2022,3332,Industrial Machinery Manufacturing,2
1,Manufacturing,2.0,Aircraft/Aerospace Manufacturing,334511,"Search, Detection, Navigation, Guidance, Aeronautical, and Nautical System and Instrument Manufacturing",2022,3345,"Navigational, Measuring, Electromedical, and Control Instruments Manufacturing",2
1,Manufacturing,2.0,Aircraft/Aerospace Manufacturing,336411,Aircraft Manufacturing,2022,3364,Aerospace Product and Parts Manufacturing,2
1,Manufacturing,2.0,Aircraft/Aerospace Manufacturing,336412,Aircraft Engine and Engine Parts Manufacturing,2022,3364,Aerospace Product and Parts Manufacturing,2
1,Manufacturing,2.0,Aircraft/Aerospace Manufacturing,336413,Other Aircraft Parts and Auxiliary Equipment Manufacturing,2022,3364,Aerospace Product and Parts Manufacturing,2
1,Manufacturing,2.0,Aircraft/Aerospace Manufacturing,336414,Guided Missile and Space Vehicle Manufacturing,2022,3364,Aerospace Product and Parts Manufacturing,2
1,Manufacturing,2.0,Aircraft/Aerospace Manufacturing,336415,Guided Missile and Space Vehicle Propulsion Unit and Propulsion Unit Parts Manufacturing,2022,3364,Aerospace Product and Parts Manufacturing,2
1,Manufacturing,2.0,Aircraft/Aerospace Manufacturing,336419,Other Guided Missile and Space Vehicle Parts and Auxiliary Equipment Manufacturing,2022,3364,Aerospace Product and Parts Manufacturing,2
1,Manufacturing,3.0,Automotive/Motor Vehicle Manufacturing,327215,Glass Product Manufacturing Made of Purchased Glass,2022,3272,Glass and Glass Product Manufacturing,2
1,Manufacturing,3.0,Automotive/Motor Vehicle Manufacturing,333618,Other Engine Equipment Manufacturing,2022,3336,"Engine, Turbine, and Power Transmission Equipment Manufacturing",2
1,Manufacturing,3.0,Automotive/Motor Vehicle Manufacturing,336110,Automobile and Light Duty Motor Vehicle Manufacturing,2022,3361,Motor Vehicle Manufacturing,2
1,Manufacturing,3.0,Automotive/Motor Vehicle Manufacturing,336120,Heavy Duty Truck Manufacturing,2022,3361,Motor Vehicle Manufacturing,2
1,Manufacturing,3.0,Automotive/Motor Vehicle Manufacturing,336211,Motor Vehicle Body Manufacturing,2022,3362,Motor Vehicle Body and Trailer Manufacturing,2
1,Manufacturing,3.0,Automotive/Motor Vehicle Manufacturing,336212,Truck Trailer Manufacturing,2022,3362,Motor Vehicle Body and Trailer Manufacturing,2
1,Manufacturing,3.0,Automotive/Motor Vehicle Manufacturing,336213,Motor Home Manufacturing,2022,3362,Motor Vehicle Body and Trailer Manufacturing,2
1,Manufacturing,3.0,Automotive/Motor Vehicle Manufacturing,336214,Travel Trailer and Camper Manufacturing,2022,3362,Motor Vehicle Body and Trailer Manufacturing,2
1,Manufacturing,3.0,Automotive/Motor Vehicle Manufacturing,336310,Motor Vehicle Gasoline Engine and Engine Parts Manufacturing,2022,3363,Motor Vehicle Parts Manufacturing,2
1,Manufacturing,3.0,Automotive/Motor Vehicle Manufacturing,336320,Motor Vehicle Electrical and Electronic Equipment Manufacturing,2022,3363,Motor Vehicle Parts Manufacturing,2
1,Manufacturing,3.0,Automotive/Motor Vehicle Manufacturing,336330,Motor Vehicle Steering and Suspension Components (except Spring) Manufacturing,2022,3363,Motor Vehicle Parts Manufacturing,2
1,Manufacturing,3.0,Automotive/Motor Vehicle Manufacturing,336340,Motor Vehicle Brake System Manufacturing,2022,3363,Motor Vehicle Parts Manufacturing,2
1,Manufacturing,3.0,Automotive/Motor Vehicle Manufacturing,336350,Motor Vehicle Transmission and Power Train Parts Manufacturing,2022,3363,Motor Vehicle Parts Manufacturing,2
1,Manufacturing,3.0,Automotive/Motor Vehicle Manufacturing,336360,Motor Vehicle Seating and Interior Trim Manufacturing,2022,3363,Motor Vehicle Parts Manufacturing,2
1,Manufacturing,3.0,Automotive/Motor Vehicle Manufacturing,336370,Motor Vehicle Metal Stamping,2022,3363,Motor Vehicle Parts Manufacturing,2
1,Manufacturing,3.0,Automotive/Motor Vehicle Manufacturing,336390,Other Motor Vehicle Parts Manufacturing,2022,3363,Motor Vehicle Parts Manufacturing,2
1,Manufacturing,4.0,Consumer Products Manufacturing,325611,Soap and Other Detergent Manufacturing,2022,3256,"Soap, Cleaning Compound, and Toilet Preparation Manufacturing",2
1,Manufacturing,4.0,Consumer Products Manufacturing,325612,Polish and Other Sanitation Good Manufacturing,2022,3256,"Soap, Cleaning Compound, and Toilet Preparation Manufacturing",2
1,Manufacturing,4.0,Consumer Products Manufacturing,325613,Surface Active Agent Manufacturing,2022,3256,"Soap, Cleaning Compound, and Toilet Preparation Manufacturing",2
1,Manufacturing,4.0,Consumer Products Manufacturing,325620,Toilet Preparation Manufacturing,2022,3256,"Soap, Cleaning Compound, and Toilet Preparation Manufacturing",2
1,Manufacturing,4.0,Consumer Products Manufacturing,333991,Power-Driven Handtool Manufacturing,2022,3339,Other General Purpose Machinery Manufacturing,2
1,Manufacturing,4.0,Consumer Products Manufacturing,335131,Residential Electric Lighting Fixture Manufacturing,2022,3351,Electric Lighting Equipment Manufacturing,2
1,Manufacturing,4.0,Consumer Products Manufacturing,335132,"Commercial, Industrial, and Institutional Electric Lighting Fixture Manufacturing",2022,3351,Electric Lighting Equipment Manufacturing,2
1,Manufacturing,4.0,Consumer Products Manufacturing,335139,Electric Lamp Bulb and Other Lighting Equipment Manufacturing,2022,3351,Electric Lighting Equipment Manufacturing,2
1,Manufacturing,4.0,Consumer Products Manufacturing,335210,Small Electrical Appliance Manufacturing,2022,3352,Household Appliance Manufacturing,2
1,Manufacturing,4.0,Consumer Products Manufacturing,335220,Major Household Appliance Manufacturing,2022,3352,Household Appliance Manufacturing,2
1,Manufacturing,4.0,Consumer Products Manufacturing,337910,Mattress Manufacturing,2022,3379,Other Furniture Related Product Manufacturing,2
1,Manufacturing,4.0,Consumer Products Manufacturing,337920,Blind and Shade Manufacturing,2022,3379,Other Furniture Related Product Manufacturing,2
1,Manufacturing,4.0,Consumer Products Manufacturing,339116,Dental Laboratories,2022,3391,Medical Equipment and Supplies Manufacturing,2
1,Manufacturing,4.0,Consumer Products Manufacturing,339910,Jewelry and Silverware Manufacturing,2022,3399,Other Miscellaneous Manufacturing,2
1,Manufacturing,4.0,Consumer Products Manufacturing,339920,Sporting and Athletic Goods Manufacturing,2022,3399,Other Miscellaneous Manufacturing,2
1,Manufacturing,4.0,Consumer Products Manufacturing,339930,"Doll, Toy, and Game Manufacturing",2022,3399,Other Miscellaneous Manufacturing,2
1,Manufacturing,4.0,Consumer Products Manufacturing,339992,Musical Instrument Manufacturing,2022,3399,Other Miscellaneous Manufacturing,2
1,Manufacturing,4.0,Consumer Products Manufacturing,339993,"Fastener, Button, Needle, and Pin Manufacturing",2022,3399,Other Miscellaneous Manufacturing,2
1,Manufacturing,4.0,Consumer Products Manufacturing,339994,"Broom, Brush, and Mop Manufacturing",2022,3399,Other Miscellaneous Manufacturing,2
1,Manufacturing,4.0,Consumer Products Manufacturing,339995,Burial Casket Manufacturing,2022,3399,Other Miscellaneous Manufacturing,2
1,Manufacturing,4.0,Consumer Products Manufacturing,339999,All Other Miscellaneous Manufacturing,2022,3399,Other Miscellaneous Manufacturing,2
1,Manufacturing,5.0,Electronic Components and Products Manufacturing,333242,Semiconductor Machinery Manufacturing,2022,3332,Industrial Machinery Manufacturing,2
1,Manufacturing,5.0,Electronic Components and Products Manufacturing,334111,Electronic Computer Manufacturing,2022,3341,Computer and Peripheral Equipment Manufacturing,2
1,Manufacturing,5.0,Electronic Components and Products Manufacturing,334112,Computer Storage Device Manufacturing,2022,3341,Computer and Peripheral Equipment Manufacturing,2
1,Manufacturing,5.0,Electronic Components and Products Manufacturing,334118,Computer Terminal and Other Computer Peripheral Equipment Manufacturing,2022,3341,Computer and Peripheral Equipment Manufacturing,2
1,Manufacturing,5.0,Electronic Components and Products Manufacturing,334210,Telephone Apparatus Manufacturing,2022,3342,Communications Equipment Manufacturing,2
1,Manufacturing,5.0,Electronic Components and Products Manufacturing,334220,Radio and Television Broadcasting and Wireless Communications Equipment Manufacturing,2022,3342,Communications Equipment Manufacturing,2
1,Manufacturing,5.0,Electronic Components and Products Manufacturing,334290,Other Communications Equipment Manufacturing,2022,3342,Communications Equipment Manufacturing,2
1,Manufacturing,5.0,Electronic Components and Products Manufacturing,334310,Audio and Video Equipment Manufacturing,2022,3343,Audio and Video Equipment Manufacturing,2
1,Manufacturing,5.0,Electronic Components and Products Manufacturing,334412,Bare Printed Circuit Board Manufacturing,2022,3344,Semiconductor and Other Electronic Component Manufacturing,2
1,Manufacturing,5.0,Electronic Components and Products Manufacturing,334413,Semiconductor and Related Device Manufacturing,2022,3344,Semiconductor and Other Electronic Component Manufacturing,2
1,Manufacturing,5.0,Electronic Components and Products Manufacturing,334416,"Capacitor, Resistor, Coil, Transformer, and Other Inductor Manufacturing",2022,3344,Semiconductor and Other Electronic Component Manufacturing,2
1,Manufacturing,5.0,Electronic Components and Products Manufacturing,334417,Electronic Connector Manufacturing,2022,3344,Semiconductor and Other Electronic Component Manufacturing,2
1,Manufacturing,5.0,Electronic Components and Products Manufacturing,334418,Printed Circuit Assembly (Electronic Assembly) Manufacturing,2022,3344,Semiconductor and Other Electronic Component Manufacturing,2
1,Manufacturing,5.0,Electronic Components and Products Manufacturing,334419,Other Electronic Component Manufacturing,2022,3344,Semiconductor and Other Electronic Component Manufacturing,2
1,Manufacturing,5.0,Electronic Components and Products Manufacturing,334512,"Automatic Environmental Control Manufacturing for Residential, Commercial, and Appliance Use",2022,3345,"Navigational, Measuring, Electromedical, and Control Instruments Manufacturing",2
1,Manufacturing,5.0,Electronic Components and Products Manufacturing,334513,"Instruments and Related Products Manufacturing for Measuring, Displaying, and Controlling Industrial Process Variables",2022,3345,"Navigational, Measuring, Electromedical, and Control Instruments Manufacturing",2
1,Manufacturing,5.0,Electronic Components and Products Manufacturing,334514,Totalizing Fluid Meter and Counting Device Manufacturing,2022,3345,"Navigational, Measuring, Electromedical, and Control Instruments Manufacturing",2
1,Manufacturing,5.0,Electronic Components and Products Manufacturing,334515,Instrument Manufacturing for Measuring and Testing Electricity and Electrical Signals,2022,3345,"Navigational, Measuring, Electromedical, and Control Instruments Manufacturing",2
1,Manufacturing,5.0,Electronic Components and Products Manufacturing,334519,Other Measuring and Controlling Device Manufacturing,2022,3345,"Navigational, Measuring, Electromedical, and Control Instruments Manufacturing",2
1,Manufacturing,5.0,Electronic Components and Products Manufacturing,334610,Manufacturing and Reproducing Magnetic and Optical Media,2022,3346,Manufacturing and Reproducing Magnetic and Optical Media,2
1,Manufacturing,5.0,Electronic Components and Products Manufacturing,335314,Relay and Industrial Control Manufacturing,2022,3353,Electrical Equipment Manufacturing,2
1,Manufacturing,6.0,Energy Manufacturing,324110,Petroleum Refineries,2022,3241,Petroleum and Coal Products Manufacturing,2
1,Manufacturing,6.0,Energy Manufacturing,324199,All Other Petroleum and Coal Products Manufacturing,2022,3241,Petroleum and Coal Products Manufacturing,2
1,Manufacturing,6.0,Energy Manufacturing,325193,Ethyl Alcohol Manufacturing,2022,3251,Basic Chemical Manufacturing,2
1,Manufacturing,6.0,Energy Manufacturing,333132,Oil and Gas Field Machinery and Equipment Manufacturing,2022,3331,"Agriculture, Construction, and Mining Machinery Manufacturing",2
1,Manufacturing,6.0,Energy Manufacturing,335311,"Power, Distribution, and Specialty Transformer Manufacturing",2022,3353,Electrical Equipment Manufacturing,2
1,Manufacturing,6.0,Energy Manufacturing,335910,Battery Manufacturing,2022,3359,Other Electrical Equipment and Component Manufacturing,2
1,Manufacturing,6.0,Energy Manufacturing,335931,Current-Carrying Wiring Device Manufacturing,2022,3359,Other Electrical Equipment and Component Manufacturing,2
1,Manufacturing,6.0,Energy Manufacturing,335932,Noncurrent-Carrying Wiring Device Manufacturing,2022,3359,Other Electrical Equipment and Component Manufacturing,2
1,Manufacturing,6.0,Energy Manufacturing,335999,All Other Miscellaneous Electrical Equipment and Component Manufacturing,2022,3359,Other Electrical Equipment and Component Manufacturing,2
1,Manufacturing,8.0,Furniture and Wood Products Manufacturing,321113,Sawmills,2022,3211,Sawmills and Wood Preservation,2
1,Manufacturing,8.0,Furniture and Wood Products Manufacturing,321114,Wood Preservation,2022,3211,Sawmills and Wood Preservation,2
1,Manufacturing,8.0,Furniture and Wood Products Manufacturing,321211,Hardwood Veneer and Plywood Manufacturing,2022,3212,"Veneer, Plywood, and Engineered Wood Product Manufacturing",2
1,Manufacturing,8.0,Furniture and Wood Products Manufacturing,321212,Softwood Veneer and Plywood Manufacturing,2022,3212,"Veneer, Plywood, and Engineered Wood Product Manufacturing",2
1,Manufacturing,8.0,Furniture and Wood Products Manufacturing,321215,Engineered Wood Member Manufacturing,2022,3212,"Veneer, Plywood, and Engineered Wood Product Manufacturing",2
1,Manufacturing,8.0,Furniture and Wood Products Manufacturing,321219,Reconstituted Wood Product Manufacturing,2022,3212,"Veneer, Plywood, and Engineered Wood Product Manufacturing",2
1,Manufacturing,8.0,Furniture and Wood Products Manufacturing,321911,Wood Window and Door Manufacturing,2022,3219,Other Wood Product Manufacturing,2
1,Manufacturing,8.0,Furniture and Wood Products Manufacturing,321912,"Cut Stock, Resawing Lumber, and Planing",2022,3219,Other Wood Product Manufacturing,2
1,Manufacturing,8.0,Furniture and Wood Products Manufacturing,321918,Other Millwork (including Flooring),2022,3219,Other Wood Product Manufacturing,2
1,Manufacturing,8.0,Furniture and Wood Products Manufacturing,321991,Manufactured Home (Mobile Home) Manufacturing,2022,3219,Other Wood Product Manufacturing,2
1,Manufacturing,8.0,Furniture and Wood Products Manufacturing,321992,Prefabricated Wood Building Manufacturing,2022,3219,Other Wood Product Manufacturing,2
1,Manufacturing,8.0,Furniture and Wood Products Manufacturing,321999,All Other Miscellaneous Wood Product Manufacturing,2022,3219,Other Wood Product Manufacturing,2
1,Manufacturing,8.0,Furniture and Wood Products Manufacturing,337110,Wood Kitchen Cabinet and Countertop Manufacturing,2022,3371,Household and Institutional Furniture and Kitchen Cabinet Manufacturing,2
1,Manufacturing,8.0,Furniture and Wood Products Manufacturing,337121,Upholstered Household Furniture Manufacturing,2022,3371,Household and Institutional Furniture and Kitchen Cabinet Manufacturing,2
1,Manufacturing,8.0,Furniture and Wood Products Manufacturing,337122,Nonupholstered Wood Household Furniture Manufacturing,2022,3371,Household and Institutional Furniture and Kitchen Cabinet Manufacturing,2
1,Manufacturing,8.0,Furniture and Wood Products Manufacturing,337126,Household Furniture (except Wood and Upholstered) Manufacturing,2022,3371,Household and Institutional Furniture and Kitchen Cabinet Manufacturing,2
1,Manufacturing,8.0,Furniture and Wood Products Manufacturing,337127,Institutional Furniture Manufacturing,2022,3371,Household and Institutional Furniture and Kitchen Cabinet Manufacturing,2
1,Manufacturing,8.0,Furniture and Wood Products Manufacturing,337211,Wood Office Furniture Manufacturing,2022,3372,Office Furniture (including Fixtures) Manufacturing,2
1,Manufacturing,8.0,Furniture and Wood Products Manufacturing,337212,Custom Architectural Woodwork and Millwork Manufacturing,2022,3372,Office Furniture (including Fixtures) Manufacturing,2
1,Manufacturing,8.0,Furniture and Wood Products Manufacturing,337214,Office Furniture (except Wood) Manufacturing,2022,3372,Office Furniture (including Fixtures) Manufacturing,2
1,Manufacturing,8.0,Furniture and Wood Products Manufacturing,337215,"Showcase, Partition, Shelving, and Locker Manufacturing",2022,3372,Office Furniture (including Fixtures) Manufacturing,2
1,Manufacturing,9.0,Industrial Machinery Manufacturing,333112,Lawn and Garden Tractor and Home Lawn and Garden Equipment Manufacturing,2022,3331,"Agriculture, Construction, and Mining Machinery Manufacturing",2
1,Manufacturing,9.0,Industrial Machinery Manufacturing,333120,Construction Machinery Manufacturing,2022,3331,"Agriculture, Construction, and Mining Machinery Manufacturing",2
1,Manufacturing,9.0,Industrial Machinery Manufacturing,333131,Mining Machinery and Equipment Manufacturing,2022,3331,"Agriculture, Construction, and Mining Machinery Manufacturing",2
1,Manufacturing,9.0,Industrial Machinery Manufacturing,333243,"Sawmill, Woodworking, and Paper Machinery Manufacturing",2022,3332,Industrial Machinery Manufacturing,2
1,Manufacturing,9.0,Industrial Machinery Manufacturing,333248,All Other Industrial Machinery Manufacturing,2022,3332,Industrial Machinery Manufacturing,2
1,Manufacturing,9.0,Industrial Machinery Manufacturing,333310,Commercial and Service Industry Machinery Manufacturing,2022,3333,Commercial and Service Industry Machinery Manufacturing,2
1,Manufacturing,9.0,Industrial Machinery Manufacturing,333413,Industrial and Commercial Fan and Blower and Air Purification Equipment Manufacturing,2022,3334,"Ventilation, Heating, Air-Conditioning, and Commercial Refrigeration Equipment Manufacturing",2
1,Manufacturing,9.0,Industrial Machinery Manufacturing,333414,Heating Equipment (except Warm Air Furnaces) Manufacturing,2022,3334,"Ventilation, Heating, Air-Conditioning, and Commercial Refrigeration Equipment Manufacturing",2
1,Manufacturing,9.0,Industrial Machinery Manufacturing,333415,Air-Conditioning and Warm Air Heating Equipment and Commercial and Industrial Refrigeration Equipment Manufacturing,2022,3334,"Ventilation, Heating, Air-Conditioning, and Commercial Refrigeration Equipment Manufacturing",2
1,Manufacturing,9.0,Industrial Machinery Manufacturing,333611,Turbine and Turbine Generator Set Units Manufacturing,2022,3336,"Engine, Turbine, and Power Transmission Equipment Manufacturing",2
1,Manufacturing,9.0,Industrial Machinery Manufacturing,333613,Mechanical Power Transmission Equipment Manufacturing,2022,3336,"Engine, Turbine, and Power Transmission Equipment Manufacturing",2
1,Manufacturing,9.0,Industrial Machinery Manufacturing,333912,Air and Gas Compressor Manufacturing,2022,3339,Other General Purpose Machinery Manufacturing,2
1,Manufacturing,9.0,Industrial Machinery Manufacturing,333914,"Measuring, Dispensing, and Other Pumping Equipment Manufacturing",2022,3339,Other General Purpose Machinery Manufacturing,2
1,Manufacturing,9.0,Industrial Machinery Manufacturing,333921,Elevator and Moving Stairway Manufacturing,2022,3339,Other General Purpose Machinery Manufacturing,2
1,Manufacturing,9.0,Industrial Machinery Manufacturing,333993,Packaging Machinery Manufacturing,2022,3339,Other General Purpose Machinery Manufacturing,2
1,Manufacturing,9.0,Industrial Machinery Manufacturing,333994,Industrial Process Furnace and Oven Manufacturing,2022,3339,Other General Purpose Machinery Manufacturing,2
1,Manufacturing,9.0,Industrial Machinery Manufacturing,333995,Fluid Power Cylinder and Actuator Manufacturing,2022,3339,Other General Purpose Machinery Manufacturing,2
1,Manufacturing,9.0,Industrial Machinery Manufacturing,333996,Fluid Power Pump and Motor Manufacturing,2022,3339,Other General Purpose Machinery Manufacturing,2
1,Manufacturing,9.0,Industrial Machinery Manufacturing,333998,All Other Miscellaneous General Purpose Machinery Manufacturing,2022,3339,Other General Purpose Machinery Manufacturing,2
1,Manufacturing,10.0,Life Sciences Manufacturing,325411,Medicinal and Botanical Manufacturing,2022,3254,Pharmaceutical and Medicine Manufacturing,2
1,Manufacturing,10.0,Life Sciences Manufacturing,325412,Pharmaceutical Preparation Manufacturing,2022,3254,Pharmaceutical and Medicine Manufacturing,2
1,Manufacturing,10.0,Life Sciences Manufacturing,325413,In-Vitro Diagnostic Substance Manufacturing,2022,3254,Pharmaceutical and Medicine Manufacturing,2
1,Manufacturing,10.0,Life Sciences Manufacturing,325414,Biological Product (except Diagnostic) Manufacturing,2022,3254,Pharmaceutical and Medicine Manufacturing,2
1,Manufacturing,10.0,Life Sciences Manufacturing,334510,Electromedical and Electrotherapeutic Apparatus Manufacturing,2022,3345,"Navigational, Measuring, Electromedical, and Control Instruments Manufacturing",2
1,Manufacturing,10.0,Life Sciences Manufacturing,334516,Analytical Laboratory Instrument Manufacturing,2022,3345,"Navigational, Measuring, Electromedical, and Control Instruments Manufacturing",2
1,Manufacturing,10.0,Life Sciences Manufacturing,334517,Irradiation Apparatus Manufacturing,2022,3345,"Navigational, Measuring, Electromedical, and Control Instruments Manufacturing",2
1,Manufacturing,10.0,Life Sciences Manufacturing,339112,Surgical and Medical Instrument Manufacturing,2022,3391,Medical Equipment and Supplies Manufacturing,2
1,Manufacturing,10.0,Life Sciences Manufacturing,339113,Surgical Appliance and Supplies Manufacturing,2022,3391,Medical Equipment and Supplies Manufacturing,2
1,Manufacturing,10.0,Life Sciences Manufacturing,339114,Dental Equipment and Supplies Manufacturing,2022,3391,Medical Equipment and Supplies Manufacturing,2
1,Manufacturing,10.0,Life Sciences Manufacturing,339115,Ophthalmic Goods Manufacturing,2022,3391,Medical Equipment and Supplies Manufacturing,2
1,Manufacturing,11.0,Metals Manufacturing,331110,Iron and Steel Mills and Ferroalloy Manufacturing,2022,3311,Iron and Steel Mills and Ferroalloy Manufacturing,2
1,Manufacturing,11.0,Metals Manufacturing,331210,Iron and Steel Pipe and Tube Manufacturing from Purchased Steel,2022,3312,Steel Product Manufacturing from Purchased Steel,2
1,Manufacturing,11.0,Metals Manufacturing,331221,Rolled Steel Shape Manufacturing,2022,3312,Steel Product Manufacturing from Purchased Steel,2
1,Manufacturing,11.0,Metals Manufacturing,331222,Steel Wire Drawing,2022,3312,Steel Product Manufacturing from Purchased Steel,2
1,Manufacturing,11.0,Metals Manufacturing,331313,Alumina Refining and Primary Aluminum Production,2022,3313,Alumina and Aluminum Production and Processing,2
1,Manufacturing,11.0,Metals Manufacturing,331314,Secondary Smelting and Alloying of Aluminum,2022,3313,Alumina and Aluminum Production and Processing,2
1,Manufacturing,11.0,Metals Manufacturing,331315,"Aluminum Sheet, Plate, and Foil Manufacturing",2022,3313,Alumina and Aluminum Production and Processing,2
1,Manufacturing,11.0,Metals Manufacturing,331318,"Other Aluminum Rolling, Drawing, and Extruding",2022,3313,Alumina and Aluminum Production and Processing,2
1,Manufacturing,11.0,Metals Manufacturing,331410,Nonferrous Metal (except Aluminum) Smelting and Refining,2022,3314,Nonferrous Metal (except Aluminum) Production and Processing,2
1,Manufacturing,11.0,Metals Manufacturing,331420,"Copper Rolling, Drawing, Extruding, and Alloying",2022,3314,Nonferrous Metal (except Aluminum) Production and Processing,2
1,Manufacturing,11.0,Metals Manufacturing,331491,"Nonferrous Metal (except Copper and Aluminum) Rolling, Drawing, and Extruding",2022,3314,Nonferrous Metal (except Aluminum) Production and Processing,2
1,Manufacturing,11.0,Metals Manufacturing,331492,"Secondary Smelting, Refining, and Alloying of Nonferrous Metal (except Copper and Aluminum)",2022,3314,Nonferrous Metal (except Aluminum) Production and Processing,2
1,Manufacturing,11.0,Metals Manufacturing,331511,Iron Foundries,2022,3315,Foundries,2
1,Manufacturing,11.0,Metals Manufacturing,331512,Steel Investment Foundries,2022,3315,Foundries,2
1,Manufacturing,11.0,Metals Manufacturing,331513,Steel Foundries (except Investment),2022,3315,Foundries,2
1,Manufacturing,11.0,Metals Manufacturing,331523,Nonferrous Metal Die-Casting Foundries,2022,3315,Foundries,2
1,Manufacturing,11.0,Metals Manufacturing,331524,Aluminum Foundries (except Die-Casting),2022,3315,Foundries,2
1,Manufacturing,11.0,Metals Manufacturing,331529,Other Nonferrous Metal Foundries (except Die-Casting),2022,3315,Foundries,2
1,Manufacturing,11.0,Metals Manufacturing,332111,Iron and Steel Forging,2022,3321,Forging and Stamping,2
1,Manufacturing,11.0,Metals Manufacturing,332112,Nonferrous Forging,2022,3321,Forging and Stamping,2
1,Manufacturing,11.0,Metals Manufacturing,332114,Custom Roll Forming,2022,3321,Forging and Stamping,2
1,Manufacturing,11.0,Metals Manufacturing,332117,Powder Metallurgy Part Manufacturing,2022,3321,Forging and Stamping,2
1,Manufacturing,11.0,Metals Manufacturing,332119,"Metal Crown, Closure, and Other Metal Stamping (except Automotive)",2022,3321,Forging and Stamping,2
1,Manufacturing,11.0,Metals Manufacturing,332215,"Metal Kitchen Cookware, Utensil, Cutlery, and Flatware (except Precious) Manufacturing",2022,3322,Cutlery and Handtool Manufacturing,2
1,Manufacturing,11.0,Metals Manufacturing,332216,Saw Blade and Handtool Manufacturing,2022,3322,Cutlery and Handtool Manufacturing,2
1,Manufacturing,11.0,Metals Manufacturing,332311,Prefabricated Metal Building and Component Manufacturing,2022,3323,Architectural and Structural Metals Manufacturing,2
1,Manufacturing,11.0,Metals Manufacturing,332312,Fabricated Structural Metal Manufacturing,2022,3323,Architectural and Structural Metals Manufacturing,2
1,Manufacturing,11.0,Metals Manufacturing,332313,Plate Work Manufacturing,2022,3323,Architectural and Structural Metals Manufacturing,2
1,Manufacturing,11.0,Metals Manufacturing,332321,Metal Window and Door Manufacturing,2022,3323,Architectural and Structural Metals Manufacturing,2
1,Manufacturing,11.0,Metals Manufacturing,332322,Sheet Metal Work Manufacturing,2022,3323,Architectural and Structural Metals Manufacturing,2
1,Manufacturing,11.0,Metals Manufacturing,332323,Ornamental and Architectural Metal Work Manufacturing,2022,3323,Architectural and Structural Metals Manufacturing,2
1,Manufacturing,11.0,Metals Manufacturing,332410,Power Boiler and Heat Exchanger Manufacturing,2022,3324,"Boiler, Tank, and Shipping Container Manufacturing",2
1,Manufacturing,11.0,Metals Manufacturing,332420,Metal Tank (Heavy Gauge) Manufacturing,2022,3324,"Boiler, Tank, and Shipping Container Manufacturing",2
1,Manufacturing,11.0,Metals Manufacturing,332431,Metal Can Manufacturing,2022,3324,"Boiler, Tank, and Shipping Container Manufacturing",2
1,Manufacturing,11.0,Metals Manufacturing,332439,Other Metal Container Manufacturing,2022,3324,"Boiler, Tank, and Shipping Container Manufacturing",2
1,Manufacturing,11.0,Metals Manufacturing,332510,Hardware Manufacturing,2022,3325,Hardware Manufacturing,2
1,Manufacturing,11.0,Metals Manufacturing,332613,Spring Manufacturing,2022,3326,Spring and Wire Product Manufacturing,2
1,Manufacturing,11.0,Metals Manufacturing,332618,Other Fabricated Wire Product Manufacturing,2022,3326,Spring and Wire Product Manufacturing,2
1,Manufacturing,11.0,Metals Manufacturing,332710,Machine Shops,2022,3327,"Machine Shops; Turned Product; and Screw, Nut, and Bolt Manufacturing",2
1,Manufacturing,11.0,Metals Manufacturing,332721,Precision Turned Product Manufacturing,2022,3327,"Machine Shops; Turned Product; and Screw, Nut, and Bolt Manufacturing",2
1,Manufacturing,11.0,Metals Manufacturing,332722,"Bolt, Nut, Screw, Rivet, and Washer Manufacturing",2022,3327,"Machine Shops; Turned Product; and Screw, Nut, and Bolt Manufacturing",2
1,Manufacturing,11.0,Metals Manufacturing,332811,Metal Heat Treating,2022,3328,"Coating, Engraving, Heat Treating, and Allied Activities",2
1,Manufacturing,11.0,Metals Manufacturing,332812,"Metal Coating, Engraving (except Jewelry and Silverware), and Allied Services to Manufacturers",2022,3328,"Coating, Engraving, Heat Treating, and Allied Activities",2
1,Manufacturing,11.0,Metals Manufacturing,332813,"Electroplating, Plating, Polishing, Anodizing, and Coloring",2022,3328,"Coating, Engraving, Heat Treating, and Allied Activities",2
1,Manufacturing,11.0,Metals Manufacturing,332911,Industrial Valve Manufacturing,2022,3329,Other Fabricated Metal Product Manufacturing,2
1,Manufacturing,11.0,Metals Manufacturing,332912,Fluid Power Valve and Hose Fitting Manufacturing,2022,3329,Other Fabricated Metal Product Manufacturing,2
1,Manufacturing,11.0,Metals Manufacturing,332919,Other Metal Valve and Pipe Fitting Manufacturing,2022,3329,Other Fabricated Metal Product Manufacturing,2
1,Manufacturing,11.0,Metals Manufacturing,332991,Ball and Roller Bearing Manufacturing,2022,3329,Other Fabricated Metal Product Manufacturing,2
1,Manufacturing,11.0,Metals Manufacturing,332996,Fabricated Pipe and Pipe Fitting Manufacturing,2022,3329,Other Fabricated Metal Product Manufacturing,2
1,Manufacturing,11.0,Metals Manufacturing,332999,All Other Miscellaneous Fabricated Metal Product Manufacturing,2022,3329,Other Fabricated Metal Product Manufacturing,2
1,Manufacturing,11.0,Metals Manufacturing,333511,Industrial Mold Manufacturing,2022,3335,Metalworking Machinery Manufacturing,2
1,Manufacturing,11.0,Metals Manufacturing,333514,"Special Die and Tool, Die Set, Jig, and Fixture Manufacturing",2022,3335,Metalworking Machinery Manufacturing,2
1,Manufacturing,11.0,Metals Manufacturing,333515,Cutting Tool and Machine Tool Accessory Manufacturing,2022,3335,Metalworking Machinery Manufacturing,2
1,Manufacturing,11.0,Metals Manufacturing,333517,Machine Tool Manufacturing,2022,3335,Metalworking Machinery Manufacturing,2
1,Manufacturing,11.0,Metals Manufacturing,333519,Rolling Mill and Other Metalworking Machinery Manufacturing,2022,3335,Metalworking Machinery Manufacturing,2
1,Manufacturing,11.0,Metals Manufacturing,333612,"Speed Changer, Industrial High-Speed Drive, and Gear Manufacturing",2022,3336,"Engine, Turbine, and Power Transmission Equipment Manufacturing",2
1,Manufacturing,11.0,Metals Manufacturing,333992,Welding and Soldering Equipment Manufacturing,2022,3339,Other General Purpose Machinery Manufacturing,2
1,Manufacturing,12.0,Polymers/Plastics Manufacturing,325130,Synthetic Dye and Pigment Manufacturing,2022,3251,Basic Chemical Manufacturing,2
1,Manufacturing,12.0,Polymers/Plastics Manufacturing,325211,Plastics Material and Resin Manufacturing,2022,3252,"Resin, Synthetic Rubber, and Artificial and Synthetic Fibers and Filaments Manufacturing",2
1,Manufacturing,12.0,Polymers/Plastics Manufacturing,325212,Synthetic Rubber Manufacturing,2022,3252,"Resin, Synthetic Rubber, and Artificial and Synthetic Fibers and Filaments Manufacturing",2
1,Manufacturing,12.0,Polymers/Plastics Manufacturing,325220,Artificial and Synthetic Fibers and Filaments Manufacturing,2022,3252,"Resin, Synthetic Rubber, and Artificial and Synthetic Fibers and Filaments Manufacturing",2
1,Manufacturing,12.0,Polymers/Plastics Manufacturing,325510,Paint and Coating Manufacturing,2022,3255,"Paint, Coating, and Adhesive Manufacturing",2
1,Manufacturing,12.0,Polymers/Plastics Manufacturing,325520,Adhesive Manufacturing,2022,3255,"Paint, Coating, and Adhesive Manufacturing",2
1,Manufacturing,12.0,Polymers/Plastics Manufacturing,325991,Custom Compounding of Purchased Resins,2022,3259,Other Chemical Product and Preparation Manufacturing,2
1,Manufacturing,12.0,Polymers/Plastics Manufacturing,326111,Plastics Bag and Pouch Manufacturing,2022,3261,Plastics Product Manufacturing,2
1,Manufacturing,12.0,Polymers/Plastics Manufacturing,326112,Plastics Packaging Film and Sheet (including Laminated) Manufacturing,2022,3261,Plastics Product Manufacturing,2
1,Manufacturing,12.0,Polymers/Plastics Manufacturing,326113,Unlaminated Plastics Film and Sheet (except Packaging) Manufacturing,2022,3261,Plastics Product Manufacturing,2
1,Manufacturing,12.0,Polymers/Plastics Manufacturing,326121,Unlaminated Plastics Profile Shape Manufacturing,2022,3261,Plastics Product Manufacturing,2
1,Manufacturing,12.0,Polymers/Plastics Manufacturing,326122,Plastics Pipe and Pipe Fitting Manufacturing,2022,3261,Plastics Product Manufacturing,2
1,Manufacturing,12.0,Polymers/Plastics Manufacturing,326130,"Laminated Plastics Plate, Sheet (except Packaging), and Shape Manufacturing",2022,3261,Plastics Product Manufacturing,2
1,Manufacturing,12.0,Polymers/Plastics Manufacturing,326140,Polystyrene Foam Product Manufacturing,2022,3261,Plastics Product Manufacturing,2
1,Manufacturing,12.0,Polymers/Plastics Manufacturing,326150,Urethane and Other Foam Product (except Polystyrene) Manufacturing,2022,3261,Plastics Product Manufacturing,2
1,Manufacturing,12.0,Polymers/Plastics Manufacturing,326160,Plastics Bottle Manufacturing,2022,3261,Plastics Product Manufacturing,2
1,Manufacturing,12.0,Polymers/Plastics Manufacturing,326191,Plastics Plumbing Fixture Manufacturing,2022,3261,Plastics Product Manufacturing,2
1,Manufacturing,12.0,Polymers/Plastics Manufacturing,326199,All Other Plastics Product Manufacturing,2022,3261,Plastics Product Manufacturing,2
1,Manufacturing,12.0,Polymers/Plastics Manufacturing,326211,Tire Manufacturing (except Retreading),2022,3262,Rubber Product Manufacturing,2
1,Manufacturing,12.0,Polymers/Plastics Manufacturing,326212,Tire Retreading,2022,3262,Rubber Product Manufacturing,2
1,Manufacturing,12.0,Polymers/Plastics Manufacturing,326220,Rubber and Plastics Hoses and Belting Manufacturing,2022,3262,Rubber Product Manufacturing,2
1,Manufacturing,12.0,Polymers/Plastics Manufacturing,326291,Rubber Product Manufacturing for Mechanical Use,2022,3262,Rubber Product Manufacturing,2
1,Manufacturing,12.0,Polymers/Plastics Manufacturing,326299,All Other Rubber Product Manufacturing,2022,3262,Rubber Product Manufacturing,2
2,Logistics,7.0,Freight Transportation and Logistics,481112,Scheduled Freight Air Transportation,2022,4811,Scheduled Air Transportation,2
2,Logistics,7.0,Freight Transportation and Logistics,481212,Nonscheduled Chartered Freight Air Transportation,2022,4812,Nonscheduled Air Transportation,2
2,Logistics,7.0,Freight Transportation and Logistics,482110,Rail transportation,2022,4821,Rail Transportation,2
2,Logistics,7.0,Freight Transportation and Logistics,483111,Deep Sea Freight Transportation,2022,4831,"Deep Sea, Coastal, and Great Lakes Water Transportation",2
2,Logistics,7.0,Freight Transportation and Logistics,483113,Coastal and Great Lakes Freight Transportation,2022,4831,"Deep Sea, Coastal, and Great Lakes Water Transportation",2
2,Logistics,7.0,Freight Transportation and Logistics,483211,Inland Water Freight Transportation,2022,4832,Inland Water Transportation,2
2,Logistics,7.0,Freight Transportation and Logistics,484110,"General Freight Trucking, Local",2022,4841,General Freight Trucking,2
2,Logistics,7.0,Freight Transportation and Logistics,484121,"General Freight Trucking, Long-Distance, Truckload",2022,4841,General Freight Trucking,2
2,Logistics,7.0,Freight Transportation and Logistics,484122,"General Freight Trucking, Long-Distance, Less Than Truckload",2022,4841,General Freight Trucking,2
2,Logistics,7.0,Freight Transportation and Logistics,484210,Used Household and Office Goods Moving,2022,4842,Specialized Freight Trucking,2
2,Logistics,7.0,Freight Transportation and Logistics,484220,"Specialized Freight (except Used Goods) Trucking, Local",2022,4842,Specialized Freight Trucking,2
2,Logistics,7.0,Freight Transportation and Logistics,484230,"Specialized Freight (except Used Goods) Trucking, Long-Distance",2022,4842,Specialized Freight Trucking,2
2,Logistics,7.0,Freight Transportation and Logistics,488210,Support Activities for Rail Transportation,2022,4882,Support Activities for Rail Transportation,2
2,Logistics,7.0,Freight Transportation and Logistics,488310,Port and Harbor Operations,2022,4883,Support Activities for Water Transportation,2
2,Logistics,7.0,Freight Transportation and Logistics,488320,Marine Cargo Handling,2022,4883,Support Activities for Water Transportation,2
2,Logistics,7.0,Freight Transportation and Logistics,488330,Navigational Services to Shipping,2022,4883,Support Activities for Water Transportation,2
2,Logistics,7.0,Freight Transportation and Logistics,488390,Other Support Activities for Water Transportation,2022,4883,Support Activities for Water Transportation,2
2,Logistics,7.0,Freight Transportation and Logistics,488490,Other Support Activities for Road Transportation,2022,4884,Support Activities for Road Transportation,2
2,Logistics,7.0,Freight Transportation and Logistics,488510,Freight Transportation Arrangement,2022,4885,Freight Transportation Arrangement,2
2,Logistics,7.0,Freight Transportation and Logistics,488991,Packing and Crating,2022,4889,Other Support Activities for Transportation,2
2,Logistics,7.0,Freight Transportation and Logistics,488999,All Other Support Activities for Transportation,2022,4889,Other Support Activities for Transportation,2
2,Logistics,7.0,Freight Transportation and Logistics,492110,Couriers and Express Delivery Services,2022,4921,Couriers and Express Delivery Services,2
2,Logistics,7.0,Freight Transportation and Logistics,492210,Local Messengers and Local Delivery,2022,4922,Local Messengers and Local Delivery,2
2,Logistics,7.0,Freight Transportation and Logistics,493110,General Warehousing and Storage,2022,4931,Warehousing and Storage,2
2,Logistics,7.0,Freight Transportation and Logistics,493120,Refrigerated Warehousing and Storage,2022,4931,Warehousing and Storage,2
2,Logistics,7.0,Freight Transportation and Logistics,493130,Farm Product Warehousing and Storage,2022,4931,Warehousing and Storage,2
2,Logistics,7.0,Freight Transportation and Logistics,493190,Other Warehousing and Storage,2022,4931,Warehousing and Storage,2
2,Logistics,7.0,Freight Transportation and Logistics,541614,"Process, Physical Distribution, and Logistics Consulting Services",2022,5416,"Management, Scientific, and Technical Consulting Services",2
2,Logistics,7.0,Freight Transportation and Logistics,561910,Packaging and Labeling Services,2022,5619,Other Support Services,2
2,Logistics,14.0,Wholesale Distribution,423110,Automobile and Other Motor Vehicle Merchant Wholesalers,2022,4231,Motor Vehicle and Motor Vehicle Parts and Supplies Merchant Wholesalers,2
2,Logistics,14.0,Wholesale Distribution,423120,Motor Vehicle Supplies and New Parts Merchant Wholesalers,2022,4231,Motor Vehicle and Motor Vehicle Parts and Supplies Merchant Wholesalers,2
2,Logistics,14.0,Wholesale Distribution,423130,Tire and Tube Merchant Wholesalers,2022,4231,Motor Vehicle and Motor Vehicle Parts and Supplies Merchant Wholesalers,2
2,Logistics,14.0,Wholesale Distribution,423140,Motor Vehicle Parts (Used) Merchant Wholesalers,2022,4231,Motor Vehicle and Motor Vehicle Parts and Supplies Merchant Wholesalers,2
2,Logistics,14.0,Wholesale Distribution,423210,Furniture Merchant Wholesalers,2022,4232,Furniture and Home Furnishing Merchant Wholesalers,2
2,Logistics,14.0,Wholesale Distribution,423220,Home Furnishing Merchant Wholesalers,2022,4232,Furniture and Home Furnishing Merchant Wholesalers,2
2,Logistics,14.0,Wholesale Distribution,423310,"Lumber, Plywood, Millwork, and Wood Panel Merchant Wholesalers",2022,4233,Lumber and Other Construction Materials Merchant Wholesalers,2
2,Logistics,14.0,Wholesale Distribution,423320,"Brick, Stone, and Related Construction Material Merchant Wholesalers",2022,4233,Lumber and Other Construction Materials Merchant Wholesalers,2
2,Logistics,14.0,Wholesale Distribution,423330,"Roofing, Siding, and Insulation Material Merchant Wholesalers",2022,4233,Lumber and Other Construction Materials Merchant Wholesalers,2
2,Logistics,14.0,Wholesale Distribution,423390,Other Construction Material Merchant Wholesalers,2022,4233,Lumber and Other Construction Materials Merchant Wholesalers,2
2,Logistics,14.0,Wholesale Distribution,423410,Photographic Equipment and Supplies Merchant Wholesalers,2022,4234,Professional and Commercial Equipment and Supplies Merchant Wholesalers,2
2,Logistics,14.0,Wholesale Distribution,423420,Office Equipment Merchant Wholesalers,2022,4234,Professional and Commercial Equipment and Supplies Merchant Wholesalers,2
2,Logistics,14.0,Wholesale Distribution,423430,Computer and Computer Peripheral Equipment and Software Merchant Wholesalers,2022,4234,Professional and Commercial Equipment and Supplies Merchant Wholesalers,2
2,Logistics,14.0,Wholesale Distribution,423440,Other Commercial Equipment Merchant Wholesalers,2022,4234,Professional and Commercial Equipment and Supplies Merchant Wholesalers,2
2,Logistics,14.0,Wholesale Distribution,423450,"Medical, Dental, and Hospital Equipment and Supplies Merchant Wholesalers",2022,4234,Professional and Commercial Equipment and Supplies Merchant Wholesalers,2
2,Logistics,14.0,Wholesale Distribution,423460,Ophthalmic Goods Merchant Wholesalers,2022,4234,Professional and Commercial Equipment and Supplies Merchant Wholesalers,2
2,Logistics,14.0,Wholesale Distribution,423490,Other Professional Equipment and Supplies Merchant Wholesalers,2022,4234,Professional and Commercial Equipment and Supplies Merchant Wholesalers,2
2,Logistics,14.0,Wholesale Distribution,423510,Metal Service Centers and Other Metal Merchant Wholesalers,2022,4235,Metal and Mineral (except Petroleum) Merchant Wholesalers,2
2,Logistics,14.0,Wholesale Distribution,423520,Coal and Other Mineral and Ore Merchant Wholesalers,2022,4235,Metal and Mineral (except Petroleum) Merchant Wholesalers,2
2,Logistics,14.0,Wholesale Distribution,423610,"Electrical Apparatus and Equipment, Wiring Supplies, and Related Equipment Merchant Wholesalers",2022,4236,Household Appliances and Electrical and Electronic Goods Merchant Wholesalers,2
2,Logistics,14.0,Wholesale Distribution,423620,"Household Appliances, Electric Housewares, and Consumer Electronics Merchant Wholesalers",2022,4236,Household Appliances and Electrical and Electronic Goods Merchant Wholesalers,2
2,Logistics,14.0,Wholesale Distribution,423690,Other Electronic Parts and Equipment Merchant Wholesalers,2022,4236,Household Appliances and Electrical and Electronic Goods Merchant Wholesalers,2
2,Logistics,14.0,Wholesale Distribution,423710,Hardware Merchant Wholesalers,2022,4237,"Hardware, and Plumbing and Heating Equipment and Supplies Merchant Wholesalers",2
2,Logistics,14.0,Wholesale Distribution,423720,Plumbing and Heating Equipment and Supplies (Hydronics) Merchant Wholesalers,2022,4237,"Hardware, and Plumbing and Heating Equipment and Supplies Merchant Wholesalers",2
2,Logistics,14.0,Wholesale Distribution,423730,Warm Air Heating and Air-Conditioning Equipment and Supplies Merchant Wholesalers,2022,4237,"Hardware, and Plumbing and Heating Equipment and Supplies Merchant Wholesalers",2
2,Logistics,14.0,Wholesale Distribution,423740,Refrigeration Equipment and Supplies Merchant Wholesalers,2022,4237,"Hardware, and Plumbing and Heating Equipment and Supplies Merchant Wholesalers",2
2,Logistics,14.0,Wholesale Distribution,423810,Construction and Mining (except Oil Well) Machinery and Equipment Merchant Wholesalers,2022,4238,"Machinery, Equipment, and Supplies Merchant Wholesalers",2
2,Logistics,14.0,Wholesale Distribution,423820,Farm and Garden Machinery and Equipment Merchant Wholesalers,2022,4238,"Machinery, Equipment, and Supplies Merchant Wholesalers",2
2,Logistics,14.0,Wholesale Distribution,423830,Industrial Machinery and Equipment Merchant Wholesalers,2022,4238,"Machinery, Equipment, and Supplies Merchant Wholesalers",2
2,Logistics,14.0,Wholesale Distribution,423840,Industrial Supplies Merchant Wholesalers,2022,4238,"Machinery, Equipment, and Supplies Merchant Wholesalers",2
2,Logistics,14.0,Wholesale Distribution,423850,Service Establishment Equipment and Supplies Merchant Wholesalers,2022,4238,"Machinery, Equipment, and Supplies Merchant Wholesalers",2
2,Logistics,14.0,Wholesale Distribution,423860,Transportation Equipment and Supplies (except Motor Vehicle) Merchant Wholesalers,2022,4238,"Machinery, Equipment, and Supplies Merchant Wholesalers",2
2,Logistics,14.0,Wholesale Distribution,423910,Sporting and Recreational Goods and Supplies Merchant Wholesalers,2022,4239,Miscellaneous Durable Goods Merchant Wholesalers,2
2,Logistics,14.0,Wholesale Distribution,423920,Toy and Hobby Goods and Supplies Merchant Wholesalers,2022,4239,Miscellaneous Durable Goods Merchant Wholesalers,2
2,Logistics,14.0,Wholesale Distribution,423930,Recyclable Material Merchant Wholesalers,2022,4239,Miscellaneous Durable Goods Merchant Wholesalers,2
2,Logistics,14.0,Wholesale Distribution,423940,"Jewelry, Watch, Precious Stone, and Precious Metal Merchant Wholesalers",2022,4239,Miscellaneous Durable Goods Merchant Wholesalers,2
2,Logistics,14.0,Wholesale Distribution,423990,Other Miscellaneous Durable Goods Merchant Wholesalers,2022,4239,Miscellaneous Durable Goods Merchant Wholesalers,2
2,Logistics,14.0,Wholesale Distribution,424110,Printing and Writing Paper Merchant Wholesalers,2022,4241,Paper and Paper Product Merchant Wholesalers,2
2,Logistics,14.0,Wholesale Distribution,424120,Stationery and Office Supplies Merchant Wholesalers,2022,4241,Paper and Paper Product Merchant Wholesalers,2
2,Logistics,14.0,Wholesale Distribution,424130,Industrial and Personal Service Paper Merchant Wholesalers,2022,4241,Paper and Paper Product Merchant Wholesalers,2
2,Logistics,14.0,Wholesale Distribution,424210,Drugs and Druggists' Sundries Merchant Wholesalers,2022,4242,Drugs and Druggists' Sundries Merchant Wholesalers,2
2,Logistics,14.0,Wholesale Distribution,424310,"Piece Goods, Notions, and Other Dry Goods Merchant Wholesalers",2022,4243,"Apparel, Piece Goods, and Notions Merchant Wholesalers",2
2,Logistics,14.0,Wholesale Distribution,424340,Footwear Merchant Wholesalers,2022,4243,"Apparel, Piece Goods, and Notions Merchant Wholesalers",2
2,Logistics,14.0,Wholesale Distribution,424350,Clothing and Clothing Accessories Merchant Wholesalers,2022,4243,"Apparel, Piece Goods, and Notions Merchant Wholesalers",2
2,Logistics,14.0,Wholesale Distribution,424410,General Line Grocery Merchant Wholesalers,2022,4244,Grocery and Related Product Merchant Wholesalers,2
2,Logistics,14.0,Wholesale Distribution,424420,Packaged Frozen Food Merchant Wholesalers,2022,4244,Grocery and Related Product Merchant Wholesalers,2
2,Logistics,14.0,Wholesale Distribution,424430,Dairy Product (except Dried or Canned) Merchant Wholesalers,2022,4244,Grocery and Related Product Merchant Wholesalers,2
2,Logistics,14.0,Wholesale Distribution,424440,Poultry and Poultry Product Merchant Wholesalers,2022,4244,Grocery and Related Product Merchant Wholesalers,2
2,Logistics,14.0,Wholesale Distribution,424450,Confectionery Merchant Wholesalers,2022,4244,Grocery and Related Product Merchant Wholesalers,2
2,Logistics,14.0,Wholesale Distribution,424460,Fish and Seafood Merchant Wholesalers,2022,4244,Grocery and Related Product Merchant Wholesalers,2
2,Logistics,14.0,Wholesale Distribution,424470,Meat and Meat Product Merchant Wholesalers,2022,4244,Grocery and Related Product Merchant Wholesalers,2
2,Logistics,14.0,Wholesale Distribution,424480,Fresh Fruit and Vegetable Merchant Wholesalers,2022,4244,Grocery and Related Product Merchant Wholesalers,2
2,Logistics,14.0,Wholesale Distribution,424490,Other Grocery and Related Products Merchant Wholesalers,2022,4244,Grocery and Related Product Merchant Wholesalers,2
2,Logistics,14.0,Wholesale Distribution,424510,Grain and Field Bean Merchant Wholesalers,2022,4245,Farm Product Raw Material Merchant Wholesalers,2
2,Logistics,14.0,Wholesale Distribution,424520,Livestock Merchant Wholesalers,2022,4245,Farm Product Raw Material Merchant Wholesalers,2
2,Logistics,14.0,Wholesale Distribution,424590,Other Farm Product Raw Material Merchant Wholesalers,2022,4245,Farm Product Raw Material Merchant Wholesalers,2
2,Logistics,14.0,Wholesale Distribution,424610,Plastics Materials and Basic Forms and Shapes Merchant Wholesalers,2022,4246,Chemical and Allied Products Merchant Wholesalers,2
2,Logistics,14.0,Wholesale Distribution,424690,Other Chemical and Allied Products Merchant Wholesalers,2022,4246,Chemical and Allied Products Merchant Wholesalers,2
2,Logistics,14.0,Wholesale Distribution,424710,Petroleum Bulk Stations and Terminals,2022,4247,Petroleum and Petroleum Products Merchant Wholesalers,2
2,Logistics,14.0,Wholesale Distribution,424720,Petroleum and Petroleum Products Merchant Wholesalers (except Bulk St,2022,4247,Petroleum and Petroleum Products Merchant Wholesalers,2
2,Logistics,14.0,Wholesale Distribution,424810,Beer and Ale Merchant Wholesalers,2022,4248,"Beer, Wine, and Distilled Alcoholic Beverage Merchant Wholesalers",2
2,Logistics,14.0,Wholesale Distribution,424820,Wine and Distilled Alcoholic Beverage Merchant Wholesalers,2022,4248,"Beer, Wine, and Distilled Alcoholic Beverage Merchant Wholesalers",2
2,Logistics,14.0,Wholesale Distribution,424910,Farm Supplies Merchant Wholesalers,2022,4249,Miscellaneous Nondurable Goods Merchant Wholesalers,2
2,Logistics,14.0,Wholesale Distribution,424930,"Flower, Nursery Stock, and Florists' Supplies Merchant Wholesalers",2022,4249,Miscellaneous Nondurable Goods Merchant Wholesalers,2
2,Logistics,14.0,Wholesale Distribution,424940,Tobacco and Tobacco Product Merchant Wholesalers,2022,4249,Miscellaneous Nondurable Goods Merchant Wholesalers,2
2,Logistics,14.0,Wholesale Distribution,424950,"Paint, Varnish, and Supplies Merchant Wholesalers",2022,4249,Miscellaneous Nondurable Goods Merchant Wholesalers,2
2,Logistics,14.0,Wholesale Distribution,424990,Other Miscellaneous Nondurable Goods Merchant Wholesalers,2022,4249,Miscellaneous Nondurable Goods Merchant Wholesalers,2
2,Logistics,14.0,Wholesale Distribution,425120,Wholesale Trade Agents and Brokers,2022,4251,Wholesale Trade Agents and Brokers,2
1,Manufacturing,,,31-33,Manufacturing,2022,,,1
2,Logistics,,,4231,Motor Vehicle and Motor Vehicle Parts and Supplies Merchant Wholesalers,2022,,,1
2,Logistics,,,4232,Furniture and Home Furnishing Merchant Wholesalers,2022,,,1
2,Logistics,,,4233,Lumber and Other Construction Materials Merchant Wholesalers,2022,,,1
2,Logistics,,,4234,Professional and Commercial Equipment and Supplies Merchant Wholesalers,2022,,,1
2,Logistics,,,4235,Metal and Mineral (except Petroleum) Merchant Wholesalers,2022,,,1
2,Logistics,,,4236,Household Appliances and Electrical and Electronic Goods Merchant Wholesalers,2022,,,1
2,Logistics,,,4237,"Hardware, and Plumbing and Heating Equipment and Supplies Merchant Wholesalers",2022,,,1
2,Logistics,,,4238,"Machinery, Equipment, and Supplies Merchant Wholesalers",2022,,,1
2,Logistics,,,4239,Miscellaneous Durable Goods Merchant Wholesalers,2022,,,1
2,Logistics,,,4241,Paper and Paper Product Merchant Wholesalers,2022,,,1
2,Logistics,,,4242,Drugs and Druggists' Sundries Merchant Wholesalers,2022,,,1
2,Logistics,,,4243,"Apparel, Piece Goods, and Notions Merchant Wholesalers",2022,,,1
2,Logistics,,,4244,Grocery and Related Product Merchant Wholesalers,2022,,,1
2,Logistics,,,4245,Farm Product Raw Material Merchant Wholesalers,2022,,,1
2,Logistics,,,4246,Chemical and Allied Products Merchant Wholesalers,2022,,,1
2,Logistics,,,4247,Petroleum and Petroleum Products Merchant Wholesalers,2022,,,1
2,Logistics,,,4248,"Beer, Wine, and Distilled Alcoholic Beverage Merchant Wholesalers",2022,,,1
2,Logistics,,,4249,Miscellaneous Nondurable Goods Merchant Wholesalers,2022,,,1
2,Logistics,,,4251,Wholesale Trade Agents and Brokers,2022,,,1
2,Logistics,,,4811,Scheduled Air Transportation,2022,,,1
2,Logistics,,,4812,Nonscheduled Air Transportation,2022,,,1
2,Logistics,,,4821,Rail Transportation,2022,,,1
2,Logistics,,,4831,"Deep Sea, Coastal, and Great Lakes Water Transportation",2022,,,1
2,Logistics,,,4832,Inland Water Transportation,2022,,,1
2,Logistics,,,4841,General Freight Trucking,2022,,,1
2,Logistics,,,4842,Specialized Freight Trucking,2022,,,1
2,Logistics,,,4882,Support Activities for Rail Transportation,2022,,,1
2,Logistics,,,4883,Support Activities for Water Transportation,2022,,,1
2,Logistics,,,4884,Support Activities for Road Transportation,2022,,,1
2,Logistics,,,4885,Freight Transportation Arrangement,2022,,,1
2,Logistics,,,4889,Other Support Activities for Transportation,2022,,,1
2,Logistics,,,4921,Couriers and Express Delivery Services,2022,,,1
2,Logistics,,,4922,Local Messengers and Local Delivery,2022,,,1
2,Logistics,,,4931,Warehousing and Storage,2022,,,1
2,Logistics,,,5416,"Management, Scientific, and Technical Consulting Services",2022,,,1
2,Logistics,,,5619,Other Support Services,2022,,,1
