year,statefips,metrofips,geo_area,cicp_initiative,jobs
2019,0,00000,United States,Advanced and Traded Industries,12778509.555441082
2019,0,00000,United States,AgriNovus,288920.89694987104
2019,0,00000,United States,BioCrossroads,1414899.0331870208
2019,0,00000,United States,Conexus,5995044.244344559
2019,0,00000,United States,Finance,1051995.098894774
2019,0,00000,United States,Healthcare,385780.54170444515
2019,0,00000,United States,TechPoint,5305119.752428709
2019,00,14020,Bloomington MSA,Advanced and Traded Industries,6083.576784788088
2019,00,14020,Bloomington MSA,AgriNovus,157.54533453218133
2019,00,14020,Bloomington MSA,BioCrossroads,3591.0496353944645
2019,00,14020,Bloomington MSA,Conexus,5705.586149621211
2019,00,14020,Bloomington MSA,Finance,227.4816812482354
2019,00,14020,Bloomington MSA,Healthcare,270.22794997865844
2019,00,14020,Bloomington MSA,TechPoint,1068.6752195120298
2019,00,16980,Chicago-Naperville-Elgin MSA,Advanced and Traded Industries,360469.70679910044
2019,00,16980,Chicago-Naperville-Elgin MSA,AgriNovus,6776.4691657769445
2019,00,16980,Chicago-Naperville-Elgin MSA,BioCrossroads,35840.74494946598
2019,00,16980,Chicago-Naperville-Elgin MSA,Conexus,166096.08546383595
2019,00,16980,Chicago-Naperville-Elgin MSA,Finance,39205.83158758157
2019,00,16980,Chicago-Naperville-Elgin MSA,Healthcare,11420.701034935402
2019,00,16980,Chicago-Naperville-Elgin MSA,TechPoint,131435.87384968562
2019,00,17140,Cincinnati MSA,Advanced and Traded Industries,100609.70290724556
2019,00,17140,Cincinnati MSA,AgriNovus,1858.6917651334002
2019,00,17140,Cincinnati MSA,BioCrossroads,7476.847899193407
2019,00,17140,Cincinnati MSA,Conexus,55665.82978419902
2019,00,17140,Cincinnati MSA,Finance,10622.76487756154
2019,00,17140,Cincinnati MSA,Healthcare,3678.710626367699
2019,00,17140,Cincinnati MSA,TechPoint,25482.729420466516
2019,00,18020,Columbus MSA,Advanced and Traded Industries,10321.618697172054
2019,00,18020,Columbus MSA,AgriNovus,35.35317525655989
2019,00,18020,Columbus MSA,BioCrossroads,398.6170709686628
2019,00,18020,Columbus MSA,Conexus,11935.53869199395
2019,00,18020,Columbus MSA,Finance,139.1670135904524
2019,00,18020,Columbus MSA,Healthcare,17.020233388009203
2019,00,18020,Columbus MSA,TechPoint,989.3299022739519
2019,00,21140,Elkhart-Goshen MSA,Advanced and Traded Industries,7045.701815364586
2019,00,21140,Elkhart-Goshen MSA,AgriNovus,62.51068864368311
2019,00,21140,Elkhart-Goshen MSA,BioCrossroads,204.62812623634446
2019,00,21140,Elkhart-Goshen MSA,Conexus,7887.978499177993
2019,00,21140,Elkhart-Goshen MSA,Finance,211.48575012749933
2019,00,21140,Elkhart-Goshen MSA,Healthcare,198.0889172042546
2019,00,21140,Elkhart-Goshen MSA,TechPoint,689.8332418403826
2019,00,21780,Evansville MSA,Advanced and Traded Industries,7540.504180831532
2019,00,21780,Evansville MSA,AgriNovus,276.0188251469357
2019,00,21780,Evansville MSA,BioCrossroads,649.4504062433797
2019,00,21780,Evansville MSA,Conexus,4971.22563932972
2019,00,21780,Evansville MSA,Finance,298.69090757898164
2019,00,21780,Evansville MSA,Healthcare,373.84383077702057
2019,00,21780,Evansville MSA,TechPoint,1433.3854916449864
2019,00,23060,Fort Wayne MSA,Advanced and Traded Industries,15134.344984213718
2019,00,23060,Fort Wayne MSA,AgriNovus,357.48526761942026
2019,00,23060,Fort Wayne MSA,BioCrossroads,653.933527119501
2019,00,23060,Fort Wayne MSA,Conexus,13568.0710025956
2019,00,23060,Fort Wayne MSA,Finance,1520.806595112497
2019,00,23060,Fort Wayne MSA,Healthcare,748.943347119485
2019,00,23060,Fort Wayne MSA,TechPoint,4586.180880877994
2019,00,26900,Indianapolis-Carmel-Greenwood MSA,Advanced and Traded Industries,87463.57833741809
2019,00,26900,Indianapolis-Carmel-Greenwood MSA,AgriNovus,1786.5684543441098
2019,00,26900,Indianapolis-Carmel-Greenwood MSA,BioCrossroads,13433.566295760858
2019,00,26900,Indianapolis-Carmel-Greenwood MSA,Conexus,48515.930245984455
2019,00,26900,Indianapolis-Carmel-Greenwood MSA,Finance,8885.097651599515
2019,00,26900,Indianapolis-Carmel-Greenwood MSA,Healthcare,3476.6536789641436
2019,00,26900,Indianapolis-Carmel-Greenwood MSA,TechPoint,30669.352553555836
2019,00,29020,Kokomo MSA,Advanced and Traded Industries,2390.156830094923
2019,00,29020,Kokomo MSA,AgriNovus,1.8575203133082903
2019,00,29020,Kokomo MSA,BioCrossroads,42.366609996097
2019,00,29020,Kokomo MSA,Conexus,2926.018387554703
2019,00,29020,Kokomo MSA,Finance,92.74324010117738
2019,00,29020,Kokomo MSA,Healthcare,162.73272803047283
2019,00,29020,Kokomo MSA,TechPoint,162.26018687960314
2019,00,29200,Lafayette-West Lafayette MSA,Advanced and Traded Industries,6441.658077432565
2019,00,29200,Lafayette-West Lafayette MSA,AgriNovus,639.3198959777899
2019,00,29200,Lafayette-West Lafayette MSA,BioCrossroads,1345.9958867044788
2019,00,29200,Lafayette-West Lafayette MSA,Conexus,5907.459716970934
2019,00,29200,Lafayette-West Lafayette MSA,Finance,260.37483241384933
2019,00,29200,Lafayette-West Lafayette MSA,Healthcare,295.7506338886927
2019,00,29200,Lafayette-West Lafayette MSA,TechPoint,951.2130076552551
2019,00,31140,Louisville/Jefferson County MSA,Advanced and Traded Industries,45576.346564197906
2019,00,31140,Louisville/Jefferson County MSA,AgriNovus,1103.9537708647524
2019,00,31140,Louisville/Jefferson County MSA,BioCrossroads,2061.211743062171
2019,00,31140,Louisville/Jefferson County MSA,Conexus,25602.809642730856
2019,00,31140,Louisville/Jefferson County MSA,Finance,7025.321158681508
2019,00,31140,Louisville/Jefferson County MSA,Healthcare,1173.3666956324932
2019,00,31140,Louisville/Jefferson County MSA,TechPoint,14159.317631413653
2019,00,33140,Michigan City-La Porte MSA,Advanced and Traded Industries,1697.799216334274
2019,00,33140,Michigan City-La Porte MSA,AgriNovus,7.6392155923791885
2019,00,33140,Michigan City-La Porte MSA,BioCrossroads,49.19359533962339
2019,00,33140,Michigan City-La Porte MSA,Conexus,2096.4633201300812
2019,00,33140,Michigan City-La Porte MSA,Finance,74.6950261664073
2019,00,33140,Michigan City-La Porte MSA,Healthcare,67.32968544694069
2019,00,33140,Michigan City-La Porte MSA,TechPoint,364.8094980942365
2019,00,34620,Muncie MSA,Advanced and Traded Industries,2604.9447548230632
2019,00,34620,Muncie MSA,AgriNovus,31.132222371084218
2019,00,34620,Muncie MSA,BioCrossroads,22.22347472527956
2019,00,34620,Muncie MSA,Conexus,1216.9893671396444
2019,00,34620,Muncie MSA,Finance,263.33541683117835
2019,00,34620,Muncie MSA,Healthcare,92.92112083584756
2019,00,34620,Muncie MSA,TechPoint,1272.519682431147
2019,00,43780,South Bend-Mishawaka MSA,Advanced and Traded Industries,7099.2896864932045
2019,00,43780,South Bend-Mishawaka MSA,AgriNovus,66.8273939615057
2019,00,43780,South Bend-Mishawaka MSA,BioCrossroads,476.18867945428485
2019,00,43780,South Bend-Mishawaka MSA,Conexus,4758.9215065711205
2019,00,43780,South Bend-Mishawaka MSA,Finance,443.1390971988159
2019,00,43780,South Bend-Mishawaka MSA,Healthcare,272.0312810473216
2019,00,43780,South Bend-Mishawaka MSA,TechPoint,1525.7081082473896
2019,00,45460,Terre Haute MSA,Advanced and Traded Industries,2366.1109385974223
2019,00,45460,Terre Haute MSA,AgriNovus,91.27325331888868
2019,00,45460,Terre Haute MSA,BioCrossroads,191.45343549706325
2019,00,45460,Terre Haute MSA,Conexus,2308.5349603613713
2019,00,45460,Terre Haute MSA,Finance,198.22952384634175
2019,00,45460,Terre Haute MSA,Healthcare,192.5710996119143
2019,00,45460,Terre Haute MSA,TechPoint,382.9063190117793
2019,18,00000,Indiana,Advanced and Traded Industries,215659.2594256712
2019,18,00000,Indiana,AgriNovus,5647.909553940284
2019,18,00000,Indiana,BioCrossroads,26560.452680794628
2019,18,00000,Indiana,Conexus,163399.35788090754
2019,18,00000,Indiana,Finance,15027.892060087543
2019,18,00000,Indiana,Healthcare,7720.689949604077
2019,18,00000,Indiana,TechPoint,57208.60850629872
2020,0,00000,United States,Advanced and Traded Industries,12595704.876674702
2020,0,00000,United States,AgriNovus,289910.19623606664
2020,0,00000,United States,BioCrossroads,1433764.9485102396
2020,0,00000,United States,Conexus,5758021.38565987
2020,0,00000,United States,Finance,1078100.5840599919
2020,0,00000,United States,Healthcare,360794.42215733364
2020,0,00000,United States,TechPoint,5283431.2455536565
2020,00,14020,Bloomington MSA,Advanced and Traded Industries,6102.20030267469
2020,00,14020,Bloomington MSA,AgriNovus,135.74031725207746
2020,00,14020,Bloomington MSA,BioCrossroads,3606.77749932324
2020,00,14020,Bloomington MSA,Conexus,5652.047169434979
2020,00,14020,Bloomington MSA,Finance,266.2585971237746
2020,00,14020,Bloomington MSA,Healthcare,319.4563808597295
2020,00,14020,Bloomington MSA,TechPoint,1072.4743598138766
2020,00,16980,Chicago-Naperville-Elgin MSA,Advanced and Traded Industries,347978.35908897215
2020,00,16980,Chicago-Naperville-Elgin MSA,AgriNovus,6745.242354030052
2020,00,16980,Chicago-Naperville-Elgin MSA,BioCrossroads,35015.336182176165
2020,00,16980,Chicago-Naperville-Elgin MSA,Conexus,157403.21179200016
2020,00,16980,Chicago-Naperville-Elgin MSA,Finance,39442.98242789512
2020,00,16980,Chicago-Naperville-Elgin MSA,Healthcare,10161.040866760335
2020,00,16980,Chicago-Naperville-Elgin MSA,TechPoint,126578.53646856725
2020,00,17140,Cincinnati MSA,Advanced and Traded Industries,98646.18714132969
2020,00,17140,Cincinnati MSA,AgriNovus,1813.8175879325397
2020,00,17140,Cincinnati MSA,BioCrossroads,7546.168053062875
2020,00,17140,Cincinnati MSA,Conexus,52644.45261027841
2020,00,17140,Cincinnati MSA,Finance,10819.56698529997
2020,00,17140,Cincinnati MSA,Healthcare,3586.6367075456315
2020,00,17140,Cincinnati MSA,TechPoint,25438.057477522347
2020,00,18020,Columbus MSA,Advanced and Traded Industries,9859.675132954118
2020,00,18020,Columbus MSA,AgriNovus,23.828554849190343
2020,00,18020,Columbus MSA,BioCrossroads,360.1907576785873
2020,00,18020,Columbus MSA,Conexus,11397.585167359457
2020,00,18020,Columbus MSA,Finance,138.63306150286135
2020,00,18020,Columbus MSA,Healthcare,7.451421468312751
2020,00,18020,Columbus MSA,TechPoint,983.9800328641978
2020,00,21140,Elkhart-Goshen MSA,Advanced and Traded Industries,6863.580275601378
2020,00,21140,Elkhart-Goshen MSA,AgriNovus,70.10175731547903
2020,00,21140,Elkhart-Goshen MSA,BioCrossroads,236.3386761669119
2020,00,21140,Elkhart-Goshen MSA,Conexus,7553.766874506295
2020,00,21140,Elkhart-Goshen MSA,Finance,241.01590414812534
2020,00,21140,Elkhart-Goshen MSA,Healthcare,207.16417080453687
2020,00,21140,Elkhart-Goshen MSA,TechPoint,642.354785097954
2020,00,21780,Evansville MSA,Advanced and Traded Industries,7433.622821885475
2020,00,21780,Evansville MSA,AgriNovus,323.4118336318866
2020,00,21780,Evansville MSA,BioCrossroads,675.2838641418306
2020,00,21780,Evansville MSA,Conexus,4847.101991576622
2020,00,21780,Evansville MSA,Finance,283.4484234027272
2020,00,21780,Evansville MSA,Healthcare,353.4069654893991
2020,00,21780,Evansville MSA,TechPoint,1591.2142571147358
2020,00,23060,Fort Wayne MSA,Advanced and Traded Industries,14333.784502216899
2020,00,23060,Fort Wayne MSA,AgriNovus,338.4996567332954
2020,00,23060,Fort Wayne MSA,BioCrossroads,650.1517846484007
2020,00,23060,Fort Wayne MSA,Conexus,12031.534945792828
2020,00,23060,Fort Wayne MSA,Finance,1614.5576341009767
2020,00,23060,Fort Wayne MSA,Healthcare,844.9813277725098
2020,00,23060,Fort Wayne MSA,TechPoint,4447.832707617766
2020,00,26900,Indianapolis-Carmel-Greenwood MSA,Advanced and Traded Industries,85400.5475525029
2020,00,26900,Indianapolis-Carmel-Greenwood MSA,AgriNovus,1733.5812212880248
2020,00,26900,Indianapolis-Carmel-Greenwood MSA,BioCrossroads,12376.817843071345
2020,00,26900,Indianapolis-Carmel-Greenwood MSA,Conexus,45126.664425171104
2020,00,26900,Indianapolis-Carmel-Greenwood MSA,Finance,8882.840891223308
2020,00,26900,Indianapolis-Carmel-Greenwood MSA,Healthcare,3226.0814989123246
2020,00,26900,Indianapolis-Carmel-Greenwood MSA,TechPoint,30225.06900259379
2020,00,29020,Kokomo MSA,Advanced and Traded Industries,1994.5993345692825
2020,00,29020,Kokomo MSA,AgriNovus,2.1385447639840502
2020,00,29020,Kokomo MSA,BioCrossroads,36.1729479043948
2020,00,29020,Kokomo MSA,Conexus,2491.047871561606
2020,00,29020,Kokomo MSA,Finance,82.8006732642564
2020,00,29020,Kokomo MSA,Healthcare,131.5075239318171
2020,00,29020,Kokomo MSA,TechPoint,148.30563144531925
2020,00,29200,Lafayette-West Lafayette MSA,Advanced and Traded Industries,6248.071106836836
2020,00,29200,Lafayette-West Lafayette MSA,AgriNovus,713.0991316735245
2020,00,29200,Lafayette-West Lafayette MSA,BioCrossroads,1267.6639537474603
2020,00,29200,Lafayette-West Lafayette MSA,Conexus,5454.080647156023
2020,00,29200,Lafayette-West Lafayette MSA,Finance,273.22677082569754
2020,00,29200,Lafayette-West Lafayette MSA,Healthcare,329.9918335353132
2020,00,29200,Lafayette-West Lafayette MSA,TechPoint,1056.6348864517045
2020,00,31140,Louisville/Jefferson County MSA,Advanced and Traded Industries,44281.05624506863
2020,00,31140,Louisville/Jefferson County MSA,AgriNovus,1118.1691406971372
2020,00,31140,Louisville/Jefferson County MSA,BioCrossroads,2179.502311146181
2020,00,31140,Louisville/Jefferson County MSA,Conexus,24431.13051008752
2020,00,31140,Louisville/Jefferson County MSA,Finance,6860.19911717103
2020,00,31140,Louisville/Jefferson County MSA,Healthcare,1200.4715001782497
2020,00,31140,Louisville/Jefferson County MSA,TechPoint,13712.64822838023
2020,00,33140,Michigan City-La Porte MSA,Advanced and Traded Industries,1609.6080801190042
2020,00,33140,Michigan City-La Porte MSA,AgriNovus,20.418936637648528
2020,00,33140,Michigan City-La Porte MSA,BioCrossroads,45.8654814749527
2020,00,33140,Michigan City-La Porte MSA,Conexus,1973.391152852184
2020,00,33140,Michigan City-La Porte MSA,Finance,64.54529265941508
2020,00,33140,Michigan City-La Porte MSA,Healthcare,71.66525609958114
2020,00,33140,Michigan City-La Porte MSA,TechPoint,354.3297649701808
2020,00,34620,Muncie MSA,Advanced and Traded Industries,2402.8348352415715
2020,00,34620,Muncie MSA,AgriNovus,39.39980819120104
2020,00,34620,Muncie MSA,BioCrossroads,31.31058574978774
2020,00,34620,Muncie MSA,Conexus,995.2534463876652
2020,00,34620,Muncie MSA,Finance,216.76195158797134
2020,00,34620,Muncie MSA,Healthcare,117.7441442680773
2020,00,34620,Muncie MSA,TechPoint,1247.6725365501334
2020,00,43780,South Bend-Mishawaka MSA,Advanced and Traded Industries,7239.696805291274
2020,00,43780,South Bend-Mishawaka MSA,AgriNovus,69.62382104549813
2020,00,43780,South Bend-Mishawaka MSA,BioCrossroads,520.0645497038453
2020,00,43780,South Bend-Mishawaka MSA,Conexus,4693.914581094667
2020,00,43780,South Bend-Mishawaka MSA,Finance,446.44690853175956
2020,00,43780,South Bend-Mishawaka MSA,Healthcare,318.31149117667655
2020,00,43780,South Bend-Mishawaka MSA,TechPoint,1599.118727307484
2020,00,45460,Terre Haute MSA,Advanced and Traded Industries,2234.7226367577214
2020,00,45460,Terre Haute MSA,AgriNovus,60.28016623905984
2020,00,45460,Terre Haute MSA,BioCrossroads,164.48396955874193
2020,00,45460,Terre Haute MSA,Conexus,2177.2253816678995
2020,00,45460,Terre Haute MSA,Finance,173.50027210035856
2020,00,45460,Terre Haute MSA,Healthcare,192.70851920892707
2020,00,45460,Terre Haute MSA,TechPoint,386.9745084803193
2020,18,00000,Indiana,Advanced and Traded Industries,209401.4687408112
2020,18,00000,Indiana,AgriNovus,5809.907730713858
2020,18,00000,Indiana,BioCrossroads,25664.83114548062
2020,18,00000,Indiana,Conexus,152852.86822029168
2020,18,00000,Indiana,Finance,15138.501117042058
2020,18,00000,Indiana,Healthcare,7569.034293071778
2020,18,00000,Indiana,TechPoint,56981.02117834831
2021,0,00000,United States,Advanced and Traded Industries,12581675.824919328
2021,0,00000,United States,AgriNovus,294513.43065859005
2021,0,00000,United States,BioCrossroads,1492772.8040158453
2021,0,00000,United States,Conexus,5488057.737112135
2021,0,00000,United States,Finance,1117197.3829083191
2021,0,00000,United States,Healthcare,342666.9130239563
2021,0,00000,United States,TechPoint,5404976.0698078275
2021,00,14020,Bloomington MSA,Advanced and Traded Industries,6323.2635580494
2021,00,14020,Bloomington MSA,AgriNovus,139.33678940092705
2021,00,14020,Bloomington MSA,BioCrossroads,3862.7336856430757
2021,00,14020,Bloomington MSA,Conexus,6035.575057022584
2021,00,14020,Bloomington MSA,Finance,245.92864542048176
2021,00,14020,Bloomington MSA,Healthcare,209.29510241277217
2021,00,14020,Bloomington MSA,TechPoint,1064.9811410866776
2021,00,16980,Chicago-Naperville-Elgin MSA,Advanced and Traded Industries,335396.20043720485
2021,00,16980,Chicago-Naperville-Elgin MSA,AgriNovus,6585.333514172873
2021,00,16980,Chicago-Naperville-Elgin MSA,BioCrossroads,33970.930949838425
2021,00,16980,Chicago-Naperville-Elgin MSA,Conexus,146980.35321820318
2021,00,16980,Chicago-Naperville-Elgin MSA,Finance,38776.39534289212
2021,00,16980,Chicago-Naperville-Elgin MSA,Healthcare,9561.565162163615
2021,00,16980,Chicago-Naperville-Elgin MSA,TechPoint,122307.23502654087
2021,00,17140,Cincinnati MSA,Advanced and Traded Industries,96482.51680788236
2021,00,17140,Cincinnati MSA,AgriNovus,1741.7839258082774
2021,00,17140,Cincinnati MSA,BioCrossroads,7739.047049529474
2021,00,17140,Cincinnati MSA,Conexus,49620.49409512215
2021,00,17140,Cincinnati MSA,Finance,10942.103423504486
2021,00,17140,Cincinnati MSA,Healthcare,3222.8578007975107
2021,00,17140,Cincinnati MSA,TechPoint,25482.89449480914
2021,00,18020,Columbus MSA,Advanced and Traded Industries,9154.055588960082
2021,00,18020,Columbus MSA,AgriNovus,16.929166401307224
2021,00,18020,Columbus MSA,BioCrossroads,323.45175617570146
2021,00,18020,Columbus MSA,Conexus,10529.69851888556
2021,00,18020,Columbus MSA,Finance,143.63731239635467
2021,00,18020,Columbus MSA,Healthcare,7.235946597456835
2021,00,18020,Columbus MSA,TechPoint,843.8222017686692
2021,00,21140,Elkhart-Goshen MSA,Advanced and Traded Industries,7620.610366939951
2021,00,21140,Elkhart-Goshen MSA,AgriNovus,76.85237936602636
2021,00,21140,Elkhart-Goshen MSA,BioCrossroads,243.66024942319373
2021,00,21140,Elkhart-Goshen MSA,Conexus,8731.583242258668
2021,00,21140,Elkhart-Goshen MSA,Finance,201.16427094460133
2021,00,21140,Elkhart-Goshen MSA,Healthcare,152.1004504463568
2021,00,21140,Elkhart-Goshen MSA,TechPoint,658.6792665102554
2021,00,21780,Evansville MSA,Advanced and Traded Industries,7255.662296287663
2021,00,21780,Evansville MSA,AgriNovus,281.2976704770397
2021,00,21780,Evansville MSA,BioCrossroads,585.1916864910623
2021,00,21780,Evansville MSA,Conexus,4488.02569084198
2021,00,21780,Evansville MSA,Finance,315.4367950706456
2021,00,21780,Evansville MSA,Healthcare,321.33846302166074
2021,00,21780,Evansville MSA,TechPoint,1481.4323830418875
2021,00,23060,Fort Wayne MSA,Advanced and Traded Industries,13931.880964908692
2021,00,23060,Fort Wayne MSA,AgriNovus,325.4107068424417
2021,00,23060,Fort Wayne MSA,BioCrossroads,553.2900893148156
2021,00,23060,Fort Wayne MSA,Conexus,11281.821834490991
2021,00,23060,Fort Wayne MSA,Finance,1652.240266559644
2021,00,23060,Fort Wayne MSA,Healthcare,752.6338449979783
2021,00,23060,Fort Wayne MSA,TechPoint,4254.2902122754285
2021,00,26900,Indianapolis-Carmel-Greenwood MSA,Advanced and Traded Industries,82653.29245757546
2021,00,26900,Indianapolis-Carmel-Greenwood MSA,AgriNovus,1714.0672207796383
2021,00,26900,Indianapolis-Carmel-Greenwood MSA,BioCrossroads,10774.214361077406
2021,00,26900,Indianapolis-Carmel-Greenwood MSA,Conexus,41164.231893860044
2021,00,26900,Indianapolis-Carmel-Greenwood MSA,Finance,8769.598816312662
2021,00,26900,Indianapolis-Carmel-Greenwood MSA,Healthcare,3185.3392338100734
2021,00,26900,Indianapolis-Carmel-Greenwood MSA,TechPoint,30389.24504243329
2021,00,29020,Kokomo MSA,Advanced and Traded Industries,1500.3240125161672
2021,00,29020,Kokomo MSA,AgriNovus,0.8745716969523001
2021,00,29020,Kokomo MSA,BioCrossroads,26.080236103997226
2021,00,29020,Kokomo MSA,Conexus,1726.9013968786521
2021,00,29020,Kokomo MSA,Finance,94.16088210127852
2021,00,29020,Kokomo MSA,Healthcare,53.514934119015095
2021,00,29020,Kokomo MSA,TechPoint,161.59771447598015
2021,00,29200,Lafayette-West Lafayette MSA,Advanced and Traded Industries,6377.160749642981
2021,00,29200,Lafayette-West Lafayette MSA,AgriNovus,625.2731586597802
2021,00,29200,Lafayette-West Lafayette MSA,BioCrossroads,1321.0983946841325
2021,00,29200,Lafayette-West Lafayette MSA,Conexus,5338.0573151435865
2021,00,29200,Lafayette-West Lafayette MSA,Finance,274.61031783342855
2021,00,29200,Lafayette-West Lafayette MSA,Healthcare,267.7118381894342
2021,00,29200,Lafayette-West Lafayette MSA,TechPoint,1280.4355628146102
2021,00,31140,Louisville/Jefferson County MSA,Advanced and Traded Industries,43313.44042786678
2021,00,31140,Louisville/Jefferson County MSA,AgriNovus,1058.112752527323
2021,00,31140,Louisville/Jefferson County MSA,BioCrossroads,2138.555350196688
2021,00,31140,Louisville/Jefferson County MSA,Conexus,23849.180655601464
2021,00,31140,Louisville/Jefferson County MSA,Finance,6940.979369642995
2021,00,31140,Louisville/Jefferson County MSA,Healthcare,1145.7673012126365
2021,00,31140,Louisville/Jefferson County MSA,TechPoint,13379.453049184245
2021,00,33140,Michigan City-La Porte MSA,Advanced and Traded Industries,1598.7807951214443
2021,00,33140,Michigan City-La Porte MSA,AgriNovus,37.34515739964027
2021,00,33140,Michigan City-La Porte MSA,BioCrossroads,42.72052332765339
2021,00,33140,Michigan City-La Porte MSA,Conexus,1891.7535763946325
2021,00,33140,Michigan City-La Porte MSA,Finance,86.59159560771015
2021,00,33140,Michigan City-La Porte MSA,Healthcare,61.91403268110212
2021,00,33140,Michigan City-La Porte MSA,TechPoint,354.6302665846978
2021,00,34620,Muncie MSA,Advanced and Traded Industries,2233.86242542024
2021,00,34620,Muncie MSA,AgriNovus,41.116719291880706
2021,00,34620,Muncie MSA,BioCrossroads,51.72671609268344
2021,00,34620,Muncie MSA,Conexus,895.5749663539983
2021,00,34620,Muncie MSA,Finance,192.3640117120098
2021,00,34620,Muncie MSA,Healthcare,98.75915087903371
2021,00,34620,Muncie MSA,TechPoint,1162.4069267657421
2021,00,43780,South Bend-Mishawaka MSA,Advanced and Traded Industries,7313.414172636621
2021,00,43780,South Bend-Mishawaka MSA,AgriNovus,74.05249853498306
2021,00,43780,South Bend-Mishawaka MSA,BioCrossroads,475.8587125115704
2021,00,43780,South Bend-Mishawaka MSA,Conexus,4694.790612832219
2021,00,43780,South Bend-Mishawaka MSA,Finance,468.9841886975441
2021,00,43780,South Bend-Mishawaka MSA,Healthcare,282.9849082362682
2021,00,43780,South Bend-Mishawaka MSA,TechPoint,1712.3703283566888
2021,00,45460,Terre Haute MSA,Advanced and Traded Industries,2121.457786356564
2021,00,45460,Terre Haute MSA,AgriNovus,72.38497313572753
2021,00,45460,Terre Haute MSA,BioCrossroads,163.32156557017035
2021,00,45460,Terre Haute MSA,Conexus,2002.467832777233
2021,00,45460,Terre Haute MSA,Finance,172.88245506877283
2021,00,45460,Terre Haute MSA,Healthcare,166.4297096220647
2021,00,45460,Terre Haute MSA,TechPoint,358.8875109256026
2021,18,00000,Indiana,Advanced and Traded Industries,205822.5086092295
2021,18,00000,Indiana,AgriNovus,5533.099786938185
2021,18,00000,Indiana,BioCrossroads,23905.893840362838
2021,18,00000,Indiana,Conexus,145566.57619881624
2021,18,00000,Indiana,Finance,15361.975636111867
2021,18,00000,Indiana,Healthcare,6877.754117817508
2021,18,00000,Indiana,TechPoint,57985.60170336998
2022,0,00000,United States,Advanced and Traded Industries,13323693.326177133
2022,0,00000,United States,AgriNovus,321717.14485213987
2022,0,00000,United States,BioCrossroads,1607232.6460237645
2022,0,00000,United States,Conexus,5789060.306448533
2022,0,00000,United States,Finance,1146990.6071993455
2022,0,00000,United States,Healthcare,359743.419073749
2022,0,00000,United States,TechPoint,5777492.634914171
2022,00,14020,Bloomington MSA,Advanced and Traded Industries,6851.6274336813785
2022,00,14020,Bloomington MSA,AgriNovus,150.8122403837704
2022,00,14020,Bloomington MSA,BioCrossroads,4568.777140575453
2022,00,14020,Bloomington MSA,Conexus,7045.0701744090065
2022,00,14020,Bloomington MSA,Finance,227.76674400805638
2022,00,14020,Bloomington MSA,Healthcare,174.56079901950636
2022,00,14020,Bloomington MSA,TechPoint,972.9922039141736
2022,00,16980,Chicago-Naperville-Elgin MSA,Advanced and Traded Industries,343713.9136832866
2022,00,16980,Chicago-Naperville-Elgin MSA,AgriNovus,6948.064136261761
2022,00,16980,Chicago-Naperville-Elgin MSA,BioCrossroads,35138.90155840359
2022,00,16980,Chicago-Naperville-Elgin MSA,Conexus,151263.9542742868
2022,00,16980,Chicago-Naperville-Elgin MSA,Finance,38878.762986136695
2022,00,16980,Chicago-Naperville-Elgin MSA,Healthcare,10070.421536283817
2022,00,16980,Chicago-Naperville-Elgin MSA,TechPoint,124786.10558594046
2022,00,17140,Cincinnati MSA,Advanced and Traded Industries,100018.47512472213
2022,00,17140,Cincinnati MSA,AgriNovus,1935.5678982050597
2022,00,17140,Cincinnati MSA,BioCrossroads,8403.552420185439
2022,00,17140,Cincinnati MSA,Conexus,53740.7970347813
2022,00,17140,Cincinnati MSA,Finance,10149.009591841008
2022,00,17140,Cincinnati MSA,Healthcare,3244.202677361792
2022,00,17140,Cincinnati MSA,TechPoint,25862.799203849932
2022,00,18020,Columbus MSA,Advanced and Traded Industries,9021.524906276603
2022,00,18020,Columbus MSA,AgriNovus,26.175338746865734
2022,00,18020,Columbus MSA,BioCrossroads,339.07430449355985
2022,00,18020,Columbus MSA,Conexus,10514.826561111733
2022,00,18020,Columbus MSA,Finance,114.68607089477688
2022,00,18020,Columbus MSA,Healthcare,2.6695106015160315
2022,00,18020,Columbus MSA,TechPoint,766.6135038955192
2022,00,21140,Elkhart-Goshen MSA,Advanced and Traded Industries,7955.9635713490925
2022,00,21140,Elkhart-Goshen MSA,AgriNovus,92.78430965074945
2022,00,21140,Elkhart-Goshen MSA,BioCrossroads,191.95439196036241
2022,00,21140,Elkhart-Goshen MSA,Conexus,9091.349710632261
2022,00,21140,Elkhart-Goshen MSA,Finance,203.91135440331695
2022,00,21140,Elkhart-Goshen MSA,Healthcare,149.77190103375872
2022,00,21140,Elkhart-Goshen MSA,TechPoint,725.422034849979
2022,00,21780,Evansville MSA,Advanced and Traded Industries,7563.140527141133
2022,00,21780,Evansville MSA,AgriNovus,243.05040934740066
2022,00,21780,Evansville MSA,BioCrossroads,659.6462873575748
2022,00,21780,Evansville MSA,Conexus,4751.767953315566
2022,00,21780,Evansville MSA,Finance,386.22883513220484
2022,00,21780,Evansville MSA,Healthcare,315.3671178682334
2022,00,21780,Evansville MSA,TechPoint,1430.5835580891924
2022,00,23060,Fort Wayne MSA,Advanced and Traded Industries,14475.04729743887
2022,00,23060,Fort Wayne MSA,AgriNovus,320.43373219746525
2022,00,23060,Fort Wayne MSA,BioCrossroads,621.6866123589606
2022,00,23060,Fort Wayne MSA,Conexus,12015.645942702644
2022,00,23060,Fort Wayne MSA,Finance,1653.2531792825082
2022,00,23060,Fort Wayne MSA,Healthcare,769.3862048887086
2022,00,23060,Fort Wayne MSA,TechPoint,4391.5694540844715
2022,00,26900,Indianapolis-Carmel-Greenwood MSA,Advanced and Traded Industries,87236.63904894581
2022,00,26900,Indianapolis-Carmel-Greenwood MSA,AgriNovus,1861.010741579628
2022,00,26900,Indianapolis-Carmel-Greenwood MSA,BioCrossroads,12184.622657335809
2022,00,26900,Indianapolis-Carmel-Greenwood MSA,Conexus,43452.02200348805
2022,00,26900,Indianapolis-Carmel-Greenwood MSA,Finance,8943.594473724848
2022,00,26900,Indianapolis-Carmel-Greenwood MSA,Healthcare,3269.5457754548866
2022,00,26900,Indianapolis-Carmel-Greenwood MSA,TechPoint,31393.53792828228
2022,00,29020,Kokomo MSA,Advanced and Traded Industries,1543.0219626080407
2022,00,29020,Kokomo MSA,AgriNovus,4.96259132744178
2022,00,29020,Kokomo MSA,BioCrossroads,29.816342454169895
2022,00,29020,Kokomo MSA,Conexus,1744.299892173588
2022,00,29020,Kokomo MSA,Finance,95.22376069439557
2022,00,29020,Kokomo MSA,Healthcare,42.28963022944
2022,00,29020,Kokomo MSA,TechPoint,157.01998306863854
2022,00,29200,Lafayette-West Lafayette MSA,Advanced and Traded Industries,6717.827733428682
2022,00,29200,Lafayette-West Lafayette MSA,AgriNovus,624.1414505792984
2022,00,29200,Lafayette-West Lafayette MSA,BioCrossroads,1303.1503011838456
2022,00,29200,Lafayette-West Lafayette MSA,Conexus,5693.805007222955
2022,00,29200,Lafayette-West Lafayette MSA,Finance,249.6365833961765
2022,00,29200,Lafayette-West Lafayette MSA,Healthcare,236.49856940956002
2022,00,29200,Lafayette-West Lafayette MSA,TechPoint,1434.4640391418977
2022,00,31140,Louisville/Jefferson County MSA,Advanced and Traded Industries,44513.89890704917
2022,00,31140,Louisville/Jefferson County MSA,AgriNovus,1102.7837637289986
2022,00,31140,Louisville/Jefferson County MSA,BioCrossroads,2451.7505689445484
2022,00,31140,Louisville/Jefferson County MSA,Conexus,25203.726573585693
2022,00,31140,Louisville/Jefferson County MSA,Finance,6433.158943400199
2022,00,31140,Louisville/Jefferson County MSA,Healthcare,1212.1408478591238
2022,00,31140,Louisville/Jefferson County MSA,TechPoint,14104.745102839815
2022,00,33140,Michigan City-La Porte MSA,Advanced and Traded Industries,1749.2172598555337
2022,00,33140,Michigan City-La Porte MSA,AgriNovus,48.26059729833428
2022,00,33140,Michigan City-La Porte MSA,BioCrossroads,46.9902339514042
2022,00,33140,Michigan City-La Porte MSA,Conexus,2071.98211817318
2022,00,33140,Michigan City-La Porte MSA,Finance,82.93397429206027
2022,00,33140,Michigan City-La Porte MSA,Healthcare,76.84077227895794
2022,00,33140,Michigan City-La Porte MSA,TechPoint,391.1765216693238
2022,00,34620,Muncie MSA,Advanced and Traded Industries,2180.652799460317
2022,00,34620,Muncie MSA,AgriNovus,46.18654009284612
2022,00,34620,Muncie MSA,BioCrossroads,50.261374415760095
2022,00,34620,Muncie MSA,Conexus,913.8631682302631
2022,00,34620,Muncie MSA,Finance,166.79409963245905
2022,00,34620,Muncie MSA,Healthcare,104.50229255003117
2022,00,34620,Muncie MSA,TechPoint,1118.244246670291
2022,00,43780,South Bend-Mishawaka MSA,Advanced and Traded Industries,7674.913284656614
2022,00,43780,South Bend-Mishawaka MSA,AgriNovus,79.7118811891719
2022,00,43780,South Bend-Mishawaka MSA,BioCrossroads,554.2897624310061
2022,00,43780,South Bend-Mishawaka MSA,Conexus,4973.803918307917
2022,00,43780,South Bend-Mishawaka MSA,Finance,479.88323720058577
2022,00,43780,South Bend-Mishawaka MSA,Healthcare,291.4573363907412
2022,00,43780,South Bend-Mishawaka MSA,TechPoint,1984.1805339393125
2022,00,45460,Terre Haute MSA,Advanced and Traded Industries,2098.0523988752143
2022,00,45460,Terre Haute MSA,AgriNovus,76.77148546869402
2022,00,45460,Terre Haute MSA,BioCrossroads,199.05977292155754
2022,00,45460,Terre Haute MSA,Conexus,2111.7540283068015
2022,00,45460,Terre Haute MSA,Finance,150.18706397827808
2022,00,45460,Terre Haute MSA,Healthcare,131.24712080275438
2022,00,45460,Terre Haute MSA,TechPoint,313.7536820388388
2022,18,00000,Indiana,Advanced and Traded Industries,217805.74322727785
2022,18,00000,Indiana,AgriNovus,5968.9691583780295
2022,18,00000,Indiana,BioCrossroads,26629.531129285686
2022,18,00000,Indiana,Conexus,153157.00107290028
2022,18,00000,Indiana,Finance,15877.734836194704
2022,18,00000,Indiana,Healthcare,6976.601386308813
2022,18,00000,Indiana,TechPoint,61897.864355648744
2023,0,00000,United States,Advanced and Traded Industries,13594523.628485024
2023,0,00000,United States,AgriNovus,328964.30386537313
2023,0,00000,United States,BioCrossroads,1659464.6047205157
2023,0,00000,United States,Conexus,6060517.017286861
2023,0,00000,United States,Finance,1195587.7669157411
2023,0,00000,United States,Healthcare,399149.5695457415
2023,0,00000,United States,TechPoint,5754073.398818865
2023,00,14020,Bloomington MSA,Advanced and Traded Industries,6495.892768694109
2023,00,14020,Bloomington MSA,AgriNovus,143.8975673520456
2023,00,14020,Bloomington MSA,BioCrossroads,4114.222359770837
2023,00,14020,Bloomington MSA,Conexus,6452.833517217932
2023,00,14020,Bloomington MSA,Finance,242.0721506858458
2023,00,14020,Bloomington MSA,Healthcare,184.8484029110992
2023,00,14020,Bloomington MSA,TechPoint,985.8911670055297
2023,00,16980,Chicago-Naperville-Elgin MSA,Advanced and Traded Industries,347219.0289754209
2023,00,16980,Chicago-Naperville-Elgin MSA,AgriNovus,7693.449413321968
2023,00,16980,Chicago-Naperville-Elgin MSA,BioCrossroads,36670.901631696055
2023,00,16980,Chicago-Naperville-Elgin MSA,Conexus,159543.33215315474
2023,00,16980,Chicago-Naperville-Elgin MSA,Finance,40186.782291315176
2023,00,16980,Chicago-Naperville-Elgin MSA,Healthcare,11177.877675206415
2023,00,16980,Chicago-Naperville-Elgin MSA,TechPoint,119379.82928903736
2023,00,17140,Cincinnati MSA,Advanced and Traded Industries,101915.05166211382
2023,00,17140,Cincinnati MSA,AgriNovus,2282.0666521244802
2023,00,17140,Cincinnati MSA,BioCrossroads,9048.510164299616
2023,00,17140,Cincinnati MSA,Conexus,57889.43508719586
2023,00,17140,Cincinnati MSA,Finance,10140.3685573254
2023,00,17140,Cincinnati MSA,Healthcare,3460.208342901622
2023,00,17140,Cincinnati MSA,TechPoint,24633.884332471018
2023,00,18020,Columbus MSA,Advanced and Traded Industries,9654.613294677347
2023,00,18020,Columbus MSA,AgriNovus,21.706447465173
2023,00,18020,Columbus MSA,BioCrossroads,330.2246608888032
2023,00,18020,Columbus MSA,Conexus,11528.595507667922
2023,00,18020,Columbus MSA,Finance,117.56038491449121
2023,00,18020,Columbus MSA,Healthcare,2.409539027912698
2023,00,18020,Columbus MSA,TechPoint,790.5636393287647
2023,00,21140,Elkhart-Goshen MSA,Advanced and Traded Industries,7944.607361813398
2023,00,21140,Elkhart-Goshen MSA,AgriNovus,91.90592503806648
2023,00,21140,Elkhart-Goshen MSA,BioCrossroads,252.86281520937246
2023,00,21140,Elkhart-Goshen MSA,Conexus,8926.381425195708
2023,00,21140,Elkhart-Goshen MSA,Finance,231.2013052490871
2023,00,21140,Elkhart-Goshen MSA,Healthcare,161.12428570421747
2023,00,21140,Elkhart-Goshen MSA,TechPoint,739.6174176519953
2023,00,21780,Evansville MSA,Advanced and Traded Industries,7657.968436785848
2023,00,21780,Evansville MSA,AgriNovus,274.3503195200053
2023,00,21780,Evansville MSA,BioCrossroads,741.8762916138793
2023,00,21780,Evansville MSA,Conexus,4792.669053863983
2023,00,21780,Evansville MSA,Finance,429.14988889354044
2023,00,21780,Evansville MSA,Healthcare,304.45421179594996
2023,00,21780,Evansville MSA,TechPoint,1360.2017730415405
2023,00,23060,Fort Wayne MSA,Advanced and Traded Industries,14856.084562892065
2023,00,23060,Fort Wayne MSA,AgriNovus,315.1544062231421
2023,00,23060,Fort Wayne MSA,BioCrossroads,662.0738692109046
2023,00,23060,Fort Wayne MSA,Conexus,12140.60395412074
2023,00,23060,Fort Wayne MSA,Finance,1747.773529235579
2023,00,23060,Fort Wayne MSA,Healthcare,841.8301674798886
2023,00,23060,Fort Wayne MSA,TechPoint,4244.861594667842
2023,00,26900,Indianapolis-Carmel-Greenwood MSA,Advanced and Traded Industries,90672.95017282471
2023,00,26900,Indianapolis-Carmel-Greenwood MSA,AgriNovus,2124.4720374358853
2023,00,26900,Indianapolis-Carmel-Greenwood MSA,BioCrossroads,13618.274318308813
2023,00,26900,Indianapolis-Carmel-Greenwood MSA,Conexus,47385.945767506
2023,00,26900,Indianapolis-Carmel-Greenwood MSA,Finance,9287.525815469411
2023,00,26900,Indianapolis-Carmel-Greenwood MSA,Healthcare,3567.250720422568
2023,00,26900,Indianapolis-Carmel-Greenwood MSA,TechPoint,30971.707817807383
2023,00,29020,Kokomo MSA,Advanced and Traded Industries,1629.8155483157518
2023,00,29020,Kokomo MSA,AgriNovus,6.122874100656508
2023,00,29020,Kokomo MSA,BioCrossroads,23.91583003069067
2023,00,29020,Kokomo MSA,Conexus,1899.5562619444809
2023,00,29020,Kokomo MSA,Finance,99.41267930432512
2023,00,29020,Kokomo MSA,Healthcare,40.64204179792115
2023,00,29020,Kokomo MSA,TechPoint,204.77572982094267
2023,00,29200,Lafayette-West Lafayette MSA,Advanced and Traded Industries,7042.657938269776
2023,00,29200,Lafayette-West Lafayette MSA,AgriNovus,596.1251734053269
2023,00,29200,Lafayette-West Lafayette MSA,BioCrossroads,1357.9700265393253
2023,00,29200,Lafayette-West Lafayette MSA,Conexus,6099.094571415105
2023,00,29200,Lafayette-West Lafayette MSA,Finance,276.8224976711453
2023,00,29200,Lafayette-West Lafayette MSA,Healthcare,207.7420302541072
2023,00,29200,Lafayette-West Lafayette MSA,TechPoint,1384.8193465223917
2023,00,31140,Louisville/Jefferson County MSA,Advanced and Traded Industries,43867.117228583986
2023,00,31140,Louisville/Jefferson County MSA,AgriNovus,1088.1631863356358
2023,00,31140,Louisville/Jefferson County MSA,BioCrossroads,2515.7261002254522
2023,00,31140,Louisville/Jefferson County MSA,Conexus,25254.190379857333
2023,00,31140,Louisville/Jefferson County MSA,Finance,6215.292639302685
2023,00,31140,Louisville/Jefferson County MSA,Healthcare,1452.422515383357
2023,00,31140,Louisville/Jefferson County MSA,TechPoint,13458.578754068965
2023,00,33140,Michigan City-La Porte MSA,Advanced and Traded Industries,1841.6814042120777
2023,00,33140,Michigan City-La Porte MSA,AgriNovus,47.745958244480605
2023,00,33140,Michigan City-La Porte MSA,BioCrossroads,63.45747105842289
2023,00,33140,Michigan City-La Porte MSA,Conexus,2083.461942864138
2023,00,33140,Michigan City-La Porte MSA,Finance,106.34413733681656
2023,00,33140,Michigan City-La Porte MSA,Healthcare,60.059126175880586
2023,00,33140,Michigan City-La Porte MSA,TechPoint,310.4899893577865
2023,00,34620,Muncie MSA,Advanced and Traded Industries,2123.5622880302653
2023,00,34620,Muncie MSA,AgriNovus,16.6981008014949
2023,00,34620,Muncie MSA,BioCrossroads,52.71621173245567
2023,00,34620,Muncie MSA,Conexus,993.4093093943221
2023,00,34620,Muncie MSA,Finance,184.67081464868684
2023,00,34620,Muncie MSA,Healthcare,88.01721155644893
2023,00,34620,Muncie MSA,TechPoint,1000.8955346957301
2023,00,43780,South Bend-Mishawaka MSA,Advanced and Traded Industries,7562.818539647841
2023,00,43780,South Bend-Mishawaka MSA,AgriNovus,80.44643269773745
2023,00,43780,South Bend-Mishawaka MSA,BioCrossroads,570.4007905801847
2023,00,43780,South Bend-Mishawaka MSA,Conexus,5407.081803009283
2023,00,43780,South Bend-Mishawaka MSA,Finance,396.29206904933466
2023,00,43780,South Bend-Mishawaka MSA,Healthcare,272.158494763045
2023,00,43780,South Bend-Mishawaka MSA,TechPoint,2020.9457310402477
2023,00,45460,Terre Haute MSA,Advanced and Traded Industries,2179.2642918815686
2023,00,45460,Terre Haute MSA,AgriNovus,64.19472837383415
2023,00,45460,Terre Haute MSA,BioCrossroads,182.2337758106742
2023,00,45460,Terre Haute MSA,Conexus,2252.483805607
2023,00,45460,Terre Haute MSA,Finance,173.24475336958847
2023,00,45460,Terre Haute MSA,Healthcare,111.1628791234477
2023,00,45460,Terre Haute MSA,TechPoint,360.7396298727679
2023,18,00000,Indiana,Advanced and Traded Industries,226106.2325709607
2023,18,00000,Indiana,AgriNovus,6544.296308693153
2023,18,00000,Indiana,BioCrossroads,28429.043766329003
2023,18,00000,Indiana,Conexus,160464.00404824654
2023,18,00000,Indiana,Finance,16861.33278098579
2023,18,00000,Indiana,Healthcare,7422.819248544245
2023,18,00000,Indiana,TechPoint,61994.958699511764
2024,0,00000,United States,Advanced and Traded Industries,13686178.832920976
2024,0,00000,United States,AgriNovus,334836.886513671
2024,0,00000,United States,BioCrossroads,1671251.9705483208
2024,0,00000,United States,Conexus,5988881.4575139135
2024,0,00000,United States,Finance,1275424.6827620044
2024,0,00000,United States,Healthcare,444687.0254139555
2024,0,00000,United States,TechPoint,5557391.176331061
2024,00,14020,Bloomington MSA,Advanced and Traded Industries,6390.152733984163
2024,00,14020,Bloomington MSA,AgriNovus,145.62972176768437
2024,00,14020,Bloomington MSA,BioCrossroads,3820.5317065231097
2024,00,14020,Bloomington MSA,Conexus,5955.9677835056145
2024,00,14020,Bloomington MSA,Finance,298.7266305564929
2024,00,14020,Bloomington MSA,Healthcare,193.7823482943513
2024,00,14020,Bloomington MSA,TechPoint,992.6007848141829
2024,00,16980,Chicago-Naperville-Elgin MSA,Advanced and Traded Industries,348026.3162571111
2024,00,16980,Chicago-Naperville-Elgin MSA,AgriNovus,8365.561977093237
2024,00,16980,Chicago-Naperville-Elgin MSA,BioCrossroads,37772.772379007874
2024,00,16980,Chicago-Naperville-Elgin MSA,Conexus,160960.5086970004
2024,00,16980,Chicago-Naperville-Elgin MSA,Finance,42903.293067203056
2024,00,16980,Chicago-Naperville-Elgin MSA,Healthcare,13043.012243833464
2024,00,16980,Chicago-Naperville-Elgin MSA,TechPoint,114635.34915136948
2024,00,17140,Cincinnati MSA,Advanced and Traded Industries,104897.7468315308
2024,00,17140,Cincinnati MSA,AgriNovus,2756.036740908813
2024,00,17140,Cincinnati MSA,BioCrossroads,9576.979551847195
2024,00,17140,Cincinnati MSA,Conexus,60511.90464595683
2024,00,17140,Cincinnati MSA,Finance,10378.878907929902
2024,00,17140,Cincinnati MSA,Healthcare,4049.3616984836654
2024,00,17140,Cincinnati MSA,TechPoint,24073.737795807174
2024,00,18020,Columbus MSA,Advanced and Traded Industries,9484.129269043795
2024,00,18020,Columbus MSA,AgriNovus,23.773522829115365
2024,00,18020,Columbus MSA,BioCrossroads,348.4586165010816
2024,00,18020,Columbus MSA,Conexus,11365.167471824909
2024,00,18020,Columbus MSA,Finance,178.43038653149767
2024,00,18020,Columbus MSA,Healthcare,10.599553125192239
2024,00,18020,Columbus MSA,TechPoint,784.4451974214239
2024,00,21140,Elkhart-Goshen MSA,Advanced and Traded Industries,7843.825730952142
2024,00,21140,Elkhart-Goshen MSA,AgriNovus,105.95531210106635
2024,00,21140,Elkhart-Goshen MSA,BioCrossroads,276.2573799359757
2024,00,21140,Elkhart-Goshen MSA,Conexus,8606.476829840667
2024,00,21140,Elkhart-Goshen MSA,Finance,249.68200676824912
2024,00,21140,Elkhart-Goshen MSA,Healthcare,191.73012678269
2024,00,21140,Elkhart-Goshen MSA,TechPoint,720.7141338870806
2024,00,21780,Evansville MSA,Advanced and Traded Industries,7737.37315449069
2024,00,21780,Evansville MSA,AgriNovus,269.96491648415684
2024,00,21780,Evansville MSA,BioCrossroads,817.4286945075884
2024,00,21780,Evansville MSA,Conexus,4902.125593807845
2024,00,21780,Evansville MSA,Finance,464.457244165674
2024,00,21780,Evansville MSA,Healthcare,303.7852174033981
2024,00,21780,Evansville MSA,TechPoint,1573.583980362875
2024,00,23060,Fort Wayne MSA,Advanced and Traded Industries,15117.59981218678
2024,00,23060,Fort Wayne MSA,AgriNovus,312.8820122322896
2024,00,23060,Fort Wayne MSA,BioCrossroads,764.7937500283547
2024,00,23060,Fort Wayne MSA,Conexus,12077.782736434601
2024,00,23060,Fort Wayne MSA,Finance,1819.6725300261048
2024,00,23060,Fort Wayne MSA,Healthcare,894.6117831232567
2024,00,23060,Fort Wayne MSA,TechPoint,4142.288411342272
2024,00,26900,Indianapolis-Carmel-Greenwood MSA,Advanced and Traded Industries,91893.62603355656
2024,00,26900,Indianapolis-Carmel-Greenwood MSA,AgriNovus,2140.942297853048
2024,00,26900,Indianapolis-Carmel-Greenwood MSA,BioCrossroads,14454.56651812129
2024,00,26900,Indianapolis-Carmel-Greenwood MSA,Conexus,47825.22933263873
2024,00,26900,Indianapolis-Carmel-Greenwood MSA,Finance,8882.106162911372
2024,00,26900,Indianapolis-Carmel-Greenwood MSA,Healthcare,3764.720583699786
2024,00,26900,Indianapolis-Carmel-Greenwood MSA,TechPoint,30008.997432025142
2024,00,29020,Kokomo MSA,Advanced and Traded Industries,1530.8141800590518
2024,00,29020,Kokomo MSA,AgriNovus,6.459636459223199
2024,00,29020,Kokomo MSA,BioCrossroads,36.85500649027163
2024,00,29020,Kokomo MSA,Conexus,1788.613092911351
2024,00,29020,Kokomo MSA,Finance,102.07507766528516
2024,00,29020,Kokomo MSA,Healthcare,31.64990268237878
2024,00,29020,Kokomo MSA,TechPoint,195.88534846952788
2024,00,29200,Lafayette-West Lafayette MSA,Advanced and Traded Industries,7226.700447677263
2024,00,29200,Lafayette-West Lafayette MSA,AgriNovus,614.0455210986711
2024,00,29200,Lafayette-West Lafayette MSA,BioCrossroads,1327.916430310902
2024,00,29200,Lafayette-West Lafayette MSA,Conexus,6486.536259747723
2024,00,29200,Lafayette-West Lafayette MSA,Finance,309.63486883378397
2024,00,29200,Lafayette-West Lafayette MSA,Healthcare,190.00054336021765
2024,00,29200,Lafayette-West Lafayette MSA,TechPoint,1243.19688930266
2024,00,31140,Louisville/Jefferson County MSA,Advanced and Traded Industries,44702.020639017726
2024,00,31140,Louisville/Jefferson County MSA,AgriNovus,1190.6315494421576
2024,00,31140,Louisville/Jefferson County MSA,BioCrossroads,2682.1169628513185
2024,00,31140,Louisville/Jefferson County MSA,Conexus,26147.165816305853
2024,00,31140,Louisville/Jefferson County MSA,Finance,6376.113878454175
2024,00,31140,Louisville/Jefferson County MSA,Healthcare,2009.0676057061316
2024,00,31140,Louisville/Jefferson County MSA,TechPoint,13262.770243257908
2024,00,33140,Michigan City-La Porte MSA,Advanced and Traded Industries,1967.515182215087
2024,00,33140,Michigan City-La Porte MSA,AgriNovus,38.993487593945126
2024,00,33140,Michigan City-La Porte MSA,BioCrossroads,65.80690949485688
2024,00,33140,Michigan City-La Porte MSA,Conexus,2184.528354364135
2024,00,33140,Michigan City-La Porte MSA,Finance,135.23479209822509
2024,00,33140,Michigan City-La Porte MSA,Healthcare,69.19771686779815
2024,00,33140,Michigan City-La Porte MSA,TechPoint,265.98074624578555
2024,00,34620,Muncie MSA,Advanced and Traded Industries,2137.5532375190414
2024,00,34620,Muncie MSA,AgriNovus,11.55142884969876
2024,00,34620,Muncie MSA,BioCrossroads,61.11822289042602
2024,00,34620,Muncie MSA,Conexus,980.2173335163548
2024,00,34620,Muncie MSA,Finance,241.12183243483955
2024,00,34620,Muncie MSA,Healthcare,106.01717535780271
2024,00,34620,Muncie MSA,TechPoint,928.7755899751976
2024,00,43780,South Bend-Mishawaka MSA,Advanced and Traded Industries,7008.081254322839
2024,00,43780,South Bend-Mishawaka MSA,AgriNovus,34.823911293071376
2024,00,43780,South Bend-Mishawaka MSA,BioCrossroads,509.47511282436756
2024,00,43780,South Bend-Mishawaka MSA,Conexus,4573.192023154277
2024,00,43780,South Bend-Mishawaka MSA,Finance,460.61683593582984
2024,00,43780,South Bend-Mishawaka MSA,Healthcare,295.64378781741493
2024,00,43780,South Bend-Mishawaka MSA,TechPoint,1990.0020974869033
2024,00,45460,Terre Haute MSA,Advanced and Traded Industries,2131.5472618167037
2024,00,45460,Terre Haute MSA,AgriNovus,67.4037338533134
2024,00,45460,Terre Haute MSA,BioCrossroads,175.42977075518272
2024,00,45460,Terre Haute MSA,Conexus,2117.2156245367364
2024,00,45460,Terre Haute MSA,Finance,195.55696886656935
2024,00,45460,Terre Haute MSA,Healthcare,127.05530271779041
2024,00,45460,Terre Haute MSA,TechPoint,355.78515699735675
2024,18,00000,Indiana,Advanced and Traded Industries,228974.72962185426
2024,18,00000,Indiana,AgriNovus,6701.151015959594
2024,18,00000,Indiana,BioCrossroads,29636.157929351302
2024,18,00000,Indiana,Conexus,159583.77637698431
2024,18,00000,Indiana,Finance,18380.654577870577
2024,18,00000,Indiana,Healthcare,7921.463954654158
2024,18,00000,Indiana,TechPoint,61117.50353877502
2025,0,00000,United States,Advanced and Traded Industries,14061005.873480521
2025,0,00000,United States,AgriNovus,342288.4314690295
2025,0,00000,United States,BioCrossroads,1726849.539622466
2025,0,00000,United States,Conexus,6094465.676905101
2025,0,00000,United States,Finance,1304361.9535373352
2025,0,00000,United States,Healthcare,454158.9414076117
2025,0,00000,United States,TechPoint,5744075.761855746
2025,00,14020,Bloomington MSA,Advanced and Traded Industries,6629.756987996296
2025,00,14020,Bloomington MSA,AgriNovus,151.49107223784236
2025,00,14020,Bloomington MSA,BioCrossroads,3957.3690346995577
2025,00,14020,Bloomington MSA,Conexus,6178.903172883276
2025,00,14020,Bloomington MSA,Finance,307.33540300991586
2025,00,14020,Bloomington MSA,Healthcare,200.56647437035394
2025,00,14020,Bloomington MSA,TechPoint,1010.0649562432233
2025,00,16980,Chicago-Naperville-Elgin MSA,Advanced and Traded Industries,350106.715822159
2025,00,16980,Chicago-Naperville-Elgin MSA,AgriNovus,8637.754102630479
2025,00,16980,Chicago-Naperville-Elgin MSA,BioCrossroads,37991.71709406207
2025,00,16980,Chicago-Naperville-Elgin MSA,Conexus,161897.29511493514
2025,00,16980,Chicago-Naperville-Elgin MSA,Finance,43266.80866334926
2025,00,16980,Chicago-Naperville-Elgin MSA,Healthcare,13230.252930018529
2025,00,16980,Chicago-Naperville-Elgin MSA,TechPoint,115530.22052535636
2025,00,17140,Cincinnati MSA,Advanced and Traded Industries,106280.6597108969
2025,00,17140,Cincinnati MSA,AgriNovus,2884.2064083073187
2025,00,17140,Cincinnati MSA,BioCrossroads,9884.545205513985
2025,00,17140,Cincinnati MSA,Conexus,61115.44865773065
2025,00,17140,Cincinnati MSA,Finance,10470.884803409472
2025,00,17140,Cincinnati MSA,Healthcare,4111.7333622967735
2025,00,17140,Cincinnati MSA,TechPoint,24550.12576150076
2025,00,18020,Columbus MSA,Advanced and Traded Industries,9551.868074007152
2025,00,18020,Columbus MSA,AgriNovus,25.077332761797688
2025,00,18020,Columbus MSA,BioCrossroads,356.0836612901882
2025,00,18020,Columbus MSA,Conexus,11455.993601682023
2025,00,18020,Columbus MSA,Finance,181.64519214776135
2025,00,18020,Columbus MSA,Healthcare,10.949809836308734
2025,00,18020,Columbus MSA,TechPoint,791.1164692575843
2025,00,21140,Elkhart-Goshen MSA,Advanced and Traded Industries,7898.823424903406
2025,00,21140,Elkhart-Goshen MSA,AgriNovus,107.68284503621899
2025,00,21140,Elkhart-Goshen MSA,BioCrossroads,284.00848143961895
2025,00,21140,Elkhart-Goshen MSA,Conexus,8594.83691638768
2025,00,21140,Elkhart-Goshen MSA,Finance,254.40909220409682
2025,00,21140,Elkhart-Goshen MSA,Healthcare,192.2602863078464
2025,00,21140,Elkhart-Goshen MSA,TechPoint,748.9518787124052
2025,00,21780,Evansville MSA,Advanced and Traded Industries,7837.500436648177
2025,00,21780,Evansville MSA,AgriNovus,274.58478441457095
2025,00,21780,Evansville MSA,BioCrossroads,828.3508823692206
2025,00,21780,Evansville MSA,Conexus,4939.916346270924
2025,00,21780,Evansville MSA,Finance,482.2059771017894
2025,00,21780,Evansville MSA,Healthcare,303.1228579813607
2025,00,21780,Evansville MSA,TechPoint,1604.8787267980713
2025,00,23060,Fort Wayne MSA,Advanced and Traded Industries,15393.020983420953
2025,00,23060,Fort Wayne MSA,AgriNovus,315.42167290127134
2025,00,23060,Fort Wayne MSA,BioCrossroads,788.2537378827018
2025,00,23060,Fort Wayne MSA,Conexus,12282.557397267788
2025,00,23060,Fort Wayne MSA,Finance,1815.353224194005
2025,00,23060,Fort Wayne MSA,Healthcare,917.7735098231342
2025,00,23060,Fort Wayne MSA,TechPoint,4183.889671479633
2025,00,26900,Indianapolis-Carmel-Greenwood MSA,Advanced and Traded Industries,94536.2452876708
2025,00,26900,Indianapolis-Carmel-Greenwood MSA,AgriNovus,2193.3358525111958
2025,00,26900,Indianapolis-Carmel-Greenwood MSA,BioCrossroads,14959.896008587226
2025,00,26900,Indianapolis-Carmel-Greenwood MSA,Conexus,49071.109407345415
2025,00,26900,Indianapolis-Carmel-Greenwood MSA,Finance,8867.585232071848
2025,00,26900,Indianapolis-Carmel-Greenwood MSA,Healthcare,3820.4698279912436
2025,00,26900,Indianapolis-Carmel-Greenwood MSA,TechPoint,30975.4584158833
2025,00,29020,Kokomo MSA,Advanced and Traded Industries,1507.4046931803155
2025,00,29020,Kokomo MSA,AgriNovus,6.666639422846943
2025,00,29020,Kokomo MSA,BioCrossroads,38.03358999905303
2025,00,29020,Kokomo MSA,Conexus,1750.9860356281686
2025,00,29020,Kokomo MSA,Finance,104.68784710721607
2025,00,29020,Kokomo MSA,Healthcare,31.629007771002303
2025,00,29020,Kokomo MSA,TechPoint,205.84693510604322
2025,00,29200,Lafayette-West Lafayette MSA,Advanced and Traded Industries,7475.871836979939
2025,00,29200,Lafayette-West Lafayette MSA,AgriNovus,641.9334106822446
2025,00,29200,Lafayette-West Lafayette MSA,BioCrossroads,1360.5452918026108
2025,00,29200,Lafayette-West Lafayette MSA,Conexus,6690.182278676497
2025,00,29200,Lafayette-West Lafayette MSA,Finance,314.81285924467016
2025,00,29200,Lafayette-West Lafayette MSA,Healthcare,192.64012723045502
2025,00,29200,Lafayette-West Lafayette MSA,TechPoint,1310.9176098214066
2025,00,31140,Louisville/Jefferson County MSA,Advanced and Traded Industries,45529.775480314034
2025,00,31140,Louisville/Jefferson County MSA,AgriNovus,1225.4234230895975
2025,00,31140,Louisville/Jefferson County MSA,BioCrossroads,2774.5543117542143
2025,00,31140,Louisville/Jefferson County MSA,Conexus,26724.58953933006
2025,00,31140,Louisville/Jefferson County MSA,Finance,6328.7446644672455
2025,00,31140,Louisville/Jefferson County MSA,Healthcare,2071.9436782822836
2025,00,31140,Louisville/Jefferson County MSA,TechPoint,13566.49906291859
2025,00,33140,Michigan City-La Porte MSA,Advanced and Traded Industries,2024.0823681129518
2025,00,33140,Michigan City-La Porte MSA,AgriNovus,40.01626644909018
2025,00,33140,Michigan City-La Porte MSA,BioCrossroads,65.91099791488321
2025,00,33140,Michigan City-La Porte MSA,Conexus,2223.3597450885895
2025,00,33140,Michigan City-La Porte MSA,Finance,140.1875007841066
2025,00,33140,Michigan City-La Porte MSA,Healthcare,68.44067167397974
2025,00,33140,Michigan City-La Porte MSA,TechPoint,266.6611871141457
2025,00,34620,Muncie MSA,Advanced and Traded Industries,2177.041346246751
2025,00,34620,Muncie MSA,AgriNovus,10.26322869503823
2025,00,34620,Muncie MSA,BioCrossroads,63.636530889454804
2025,00,34620,Muncie MSA,Conexus,993.810342755544
2025,00,34620,Muncie MSA,Finance,245.24897876960173
2025,00,34620,Muncie MSA,Healthcare,104.59038071392004
2025,00,34620,Muncie MSA,TechPoint,956.9877478805394
2025,00,43780,South Bend-Mishawaka MSA,Advanced and Traded Industries,7171.383659031952
2025,00,43780,South Bend-Mishawaka MSA,AgriNovus,36.387835285435095
2025,00,43780,South Bend-Mishawaka MSA,BioCrossroads,517.2637123130477
2025,00,43780,South Bend-Mishawaka MSA,Conexus,4603.5128425681005
2025,00,43780,South Bend-Mishawaka MSA,Finance,466.0254737302525
2025,00,43780,South Bend-Mishawaka MSA,Healthcare,308.4514057586472
2025,00,43780,South Bend-Mishawaka MSA,TechPoint,2130.9557982643305
2025,00,45460,Terre Haute MSA,Advanced and Traded Industries,2132.225866366764
2025,00,45460,Terre Haute MSA,AgriNovus,65.01951519047458
2025,00,45460,Terre Haute MSA,BioCrossroads,166.90507201571722
2025,00,45460,Terre Haute MSA,Conexus,2109.5264018264274
2025,00,45460,Terre Haute MSA,Finance,196.91112640888244
2025,00,45460,Terre Haute MSA,Healthcare,126.55208859255104
2025,00,45460,Terre Haute MSA,TechPoint,358.7549471235833
2025,18,00000,Indiana,Advanced and Traded Industries,235728.88082290138
2025,18,00000,Indiana,AgriNovus,6897.2073846921285
2025,18,00000,Indiana,BioCrossroads,30649.16032605909
2025,18,00000,Indiana,Conexus,162741.40304563125
2025,18,00000,Indiana,Finance,18737.716679415727
2025,18,00000,Indiana,Healthcare,8055.7232925063945
2025,18,00000,Indiana,TechPoint,63709.649291692556
2026,0,00000,United States,Advanced and Traded Industries,14366574.668787412
2026,0,00000,United States,AgriNovus,348312.2936087124
2026,0,00000,United States,BioCrossroads,1771390.9037913023
2026,0,00000,United States,Conexus,6178178.228772432
2026,0,00000,United States,Finance,1329275.1176149568
2026,0,00000,United States,Healthcare,461750.7816435708
2026,0,00000,United States,TechPoint,5900233.623264106
2026,00,14020,Bloomington MSA,Advanced and Traded Industries,6817.369918387598
2026,00,14020,Bloomington MSA,AgriNovus,158.1824971016725
2026,00,14020,Bloomington MSA,BioCrossroads,4071.38032519101
2026,00,14020,Bloomington MSA,Conexus,6356.846217149062
2026,00,14020,Bloomington MSA,Finance,311.06205475479607
2026,00,14020,Bloomington MSA,Healthcare,202.9692684048206
2026,00,14020,Bloomington MSA,TechPoint,1022.9797431874745
2026,00,16980,Chicago-Naperville-Elgin MSA,Advanced and Traded Industries,351713.5753895475
2026,00,16980,Chicago-Naperville-Elgin MSA,AgriNovus,8856.36740636324
2026,00,16980,Chicago-Naperville-Elgin MSA,BioCrossroads,38143.18335934661
2026,00,16980,Chicago-Naperville-Elgin MSA,Conexus,162588.5670199726
2026,00,16980,Chicago-Naperville-Elgin MSA,Finance,43589.10525891648
2026,00,16980,Chicago-Naperville-Elgin MSA,Healthcare,13376.140929335845
2026,00,16980,Chicago-Naperville-Elgin MSA,TechPoint,116276.4634636711
2026,00,17140,Cincinnati MSA,Advanced and Traded Industries,107338.05924030126
2026,00,17140,Cincinnati MSA,AgriNovus,2990.1417850681523
2026,00,17140,Cincinnati MSA,BioCrossroads,10126.279630425126
2026,00,17140,Cincinnati MSA,Conexus,61529.965254716386
2026,00,17140,Cincinnati MSA,Finance,10554.386749645337
2026,00,17140,Cincinnati MSA,Healthcare,4161.867251966922
2026,00,17140,Cincinnati MSA,TechPoint,24941.958583646316
2026,00,18020,Columbus MSA,Advanced and Traded Industries,9594.062323693171
2026,00,18020,Columbus MSA,AgriNovus,26.421344047476595
2026,00,18020,Columbus MSA,BioCrossroads,362.6315095808419
2026,00,18020,Columbus MSA,Conexus,11508.368846971223
2026,00,18020,Columbus MSA,Finance,184.3270984962479
2026,00,18020,Columbus MSA,Healthcare,11.266085937005368
2026,00,18020,Columbus MSA,TechPoint,797.4415834247386
2026,00,21140,Elkhart-Goshen MSA,Advanced and Traded Industries,7938.269200356199
2026,00,21140,Elkhart-Goshen MSA,AgriNovus,106.16261782379723
2026,00,21140,Elkhart-Goshen MSA,BioCrossroads,288.8865424439997
2026,00,21140,Elkhart-Goshen MSA,Conexus,8573.942897016652
2026,00,21140,Elkhart-Goshen MSA,Finance,258.39740217065656
2026,00,21140,Elkhart-Goshen MSA,Healthcare,192.71097816115903
2026,00,21140,Elkhart-Goshen MSA,TechPoint,775.5977830181658
2026,00,21780,Evansville MSA,Advanced and Traded Industries,7916.047860867051
2026,00,21780,Evansville MSA,AgriNovus,276.9267024838988
2026,00,21780,Evansville MSA,BioCrossroads,837.4311525708044
2026,00,21780,Evansville MSA,Conexus,4964.829710033277
2026,00,21780,Evansville MSA,Finance,496.24430979355895
2026,00,21780,Evansville MSA,Healthcare,302.47417048748986
2026,00,21780,Evansville MSA,TechPoint,1632.9061439205127
2026,00,23060,Fort Wayne MSA,Advanced and Traded Industries,15607.333256782276
2026,00,23060,Fort Wayne MSA,AgriNovus,323.4859347052218
2026,00,23060,Fort Wayne MSA,BioCrossroads,804.7289795685809
2026,00,23060,Fort Wayne MSA,Conexus,12445.3782868011
2026,00,23060,Fort Wayne MSA,Finance,1811.9343896317275
2026,00,23060,Fort Wayne MSA,Healthcare,936.8648268564269
2026,00,23060,Fort Wayne MSA,TechPoint,4219.425388626422
2026,00,26900,Indianapolis-Carmel-Greenwood MSA,Advanced and Traded Industries,96653.01016048378
2026,00,26900,Indianapolis-Carmel-Greenwood MSA,AgriNovus,2239.475165566045
2026,00,26900,Indianapolis-Carmel-Greenwood MSA,BioCrossroads,15362.239147380866
2026,00,26900,Indianapolis-Carmel-Greenwood MSA,Conexus,50031.1530573986
2026,00,26900,Indianapolis-Carmel-Greenwood MSA,Finance,8860.256894046157
2026,00,26900,Indianapolis-Carmel-Greenwood MSA,Healthcare,3859.0975814302483
2026,00,26900,Indianapolis-Carmel-Greenwood MSA,TechPoint,31777.76614356668
2026,00,29020,Kokomo MSA,Advanced and Traded Industries,1490.235908935616
2026,00,29020,Kokomo MSA,AgriNovus,9.941181745902448
2026,00,29020,Kokomo MSA,BioCrossroads,39.04714360027754
2026,00,29020,Kokomo MSA,Conexus,1723.4164084937368
2026,00,29020,Kokomo MSA,Finance,105.02437317354679
2026,00,29020,Kokomo MSA,Healthcare,31.61959216356938
2026,00,29020,Kokomo MSA,TechPoint,213.29119303603287
2026,00,29200,Lafayette-West Lafayette MSA,Advanced and Traded Industries,7667.062511386717
2026,00,29200,Lafayette-West Lafayette MSA,AgriNovus,669.1647251418576
2026,00,29200,Lafayette-West Lafayette MSA,BioCrossroads,1388.7037390246505
2026,00,29200,Lafayette-West Lafayette MSA,Conexus,6838.673028197372
2026,00,29200,Lafayette-West Lafayette MSA,Finance,319.553389650743
2026,00,29200,Lafayette-West Lafayette MSA,Healthcare,193.26953437884532
2026,00,29200,Lafayette-West Lafayette MSA,TechPoint,1362.0017404102873
2026,00,31140,Louisville/Jefferson County MSA,Advanced and Traded Industries,46162.42385663024
2026,00,31140,Louisville/Jefferson County MSA,AgriNovus,1253.5459039085422
2026,00,31140,Louisville/Jefferson County MSA,BioCrossroads,2843.4890817508317
2026,00,31140,Louisville/Jefferson County MSA,Conexus,27160.265903928874
2026,00,31140,Louisville/Jefferson County MSA,Finance,6287.686239836336
2026,00,31140,Louisville/Jefferson County MSA,Healthcare,2121.54603056937
2026,00,31140,Louisville/Jefferson County MSA,TechPoint,13812.61242767902
2026,00,33140,Michigan City-La Porte MSA,Advanced and Traded Industries,2070.9392397237093
2026,00,33140,Michigan City-La Porte MSA,AgriNovus,40.72576083907268
2026,00,33140,Michigan City-La Porte MSA,BioCrossroads,66.53631946269738
2026,00,33140,Michigan City-La Porte MSA,Conexus,2254.8063552497592
2026,00,33140,Michigan City-La Porte MSA,Finance,144.8071279737093
2026,00,33140,Michigan City-La Porte MSA,Healthcare,67.73094317690395
2026,00,33140,Michigan City-La Porte MSA,TechPoint,266.5537658920453
2026,00,34620,Muncie MSA,Advanced and Traded Industries,2200.1482653102453
2026,00,34620,Muncie MSA,AgriNovus,9.169266878890861
2026,00,34620,Muncie MSA,BioCrossroads,63.27575818913253
2026,00,34620,Muncie MSA,Conexus,997.8731560083884
2026,00,34620,Muncie MSA,Finance,247.82387146650711
2026,00,34620,Muncie MSA,Healthcare,101.4256615966516
2026,00,34620,Muncie MSA,TechPoint,976.9220231867636
2026,00,43780,South Bend-Mishawaka MSA,Advanced and Traded Industries,7309.013701998953
2026,00,43780,South Bend-Mishawaka MSA,AgriNovus,37.48461467387692
2026,00,43780,South Bend-Mishawaka MSA,BioCrossroads,524.638591146117
2026,00,43780,South Bend-Mishawaka MSA,Conexus,4618.946406796748
2026,00,43780,South Bend-Mishawaka MSA,Finance,470.9128581997752
2026,00,43780,South Bend-Mishawaka MSA,Healthcare,314.7402073165112
2026,00,43780,South Bend-Mishawaka MSA,TechPoint,2250.7772267853447
2026,00,45460,Terre Haute MSA,Advanced and Traded Industries,2131.631223189895
2026,00,45460,Terre Haute MSA,AgriNovus,62.94723708064901
2026,00,45460,Terre Haute MSA,BioCrossroads,157.1085576761686
2026,00,45460,Terre Haute MSA,Conexus,2108.835211916843
2026,00,45460,Terre Haute MSA,Finance,196.8123984979203
2026,00,45460,Terre Haute MSA,Healthcare,125.93813670705981
2026,00,45460,Terre Haute MSA,TechPoint,360.47233195869006
2026,18,00000,Indiana,Advanced and Traded Industries,241135.77023922824
2026,18,00000,Indiana,AgriNovus,7069.454905875304
2026,18,00000,Indiana,BioCrossroads,31449.14592878965
2026,18,00000,Indiana,Conexus,165144.930413175
2026,18,00000,Indiana,Finance,19039.936792253113
2026,18,00000,Indiana,Healthcare,8145.361753334063
2026,18,00000,Indiana,TechPoint,65864.95114378726
2027,0,00000,United States,Advanced and Traded Industries,14622229.37781461
2027,0,00000,United States,AgriNovus,353135.80439007474
2027,0,00000,United States,BioCrossroads,1808000.4696534579
2027,0,00000,United States,Conexus,6246077.2317201905
2027,0,00000,United States,Finance,1350911.459463265
2027,0,00000,United States,Healthcare,468076.89539957594
2027,0,00000,United States,TechPoint,6034366.500788105
2027,00,14020,Bloomington MSA,Advanced and Traded Industries,6970.171716690607
2027,00,14020,Bloomington MSA,AgriNovus,162.3156547825932
2027,00,14020,Bloomington MSA,BioCrossroads,4164.925109995762
2027,00,14020,Bloomington MSA,Conexus,6498.323766350416
2027,00,14020,Bloomington MSA,Finance,311.693552129793
2027,00,14020,Bloomington MSA,Healthcare,204.94128576010266
2027,00,14020,Bloomington MSA,TechPoint,1032.370577420898
2027,00,16980,Chicago-Naperville-Elgin MSA,Advanced and Traded Industries,352930.77015331463
2027,00,16980,Chicago-Naperville-Elgin MSA,AgriNovus,9032.358107353508
2027,00,16980,Chicago-Naperville-Elgin MSA,BioCrossroads,38237.991811036896
2027,00,16980,Chicago-Naperville-Elgin MSA,Conexus,163079.62516801772
2027,00,16980,Chicago-Naperville-Elgin MSA,Finance,43867.37617740261
2027,00,16980,Chicago-Naperville-Elgin MSA,Healthcare,13493.782477759623
2027,00,16980,Chicago-Naperville-Elgin MSA,TechPoint,116899.36551722295
2027,00,17140,Cincinnati MSA,Advanced and Traded Industries,108148.21333285773
2027,00,17140,Cincinnati MSA,AgriNovus,3091.4723703369727
2027,00,17140,Cincinnati MSA,BioCrossroads,10318.407792079039
2027,00,17140,Cincinnati MSA,Conexus,61811.837973217305
2027,00,17140,Cincinnati MSA,Finance,10620.557625694462
2027,00,17140,Cincinnati MSA,Healthcare,4207.466466952059
2027,00,17140,Cincinnati MSA,TechPoint,25275.357526574564
2027,00,18020,Columbus MSA,Advanced and Traded Industries,9611.822285719189
2027,00,18020,Columbus MSA,AgriNovus,27.321527875348735
2027,00,18020,Columbus MSA,BioCrossroads,366.679423028646
2027,00,18020,Columbus MSA,Conexus,11526.540316898108
2027,00,18020,Columbus MSA,Finance,187.92196448842085
2027,00,18020,Columbus MSA,Healthcare,9.520031520365807
2027,00,18020,Columbus MSA,TechPoint,804.4746713594463
2027,00,21140,Elkhart-Goshen MSA,Advanced and Traded Industries,7972.927072447124
2027,00,21140,Elkhart-Goshen MSA,AgriNovus,107.09329891278587
2027,00,21140,Elkhart-Goshen MSA,BioCrossroads,293.69422982920656
2027,00,21140,Elkhart-Goshen MSA,Conexus,8557.309751442506
2027,00,21140,Elkhart-Goshen MSA,Finance,261.89118800618473
2027,00,21140,Elkhart-Goshen MSA,Healthcare,193.0801834067658
2027,00,21140,Elkhart-Goshen MSA,TechPoint,796.8118580823761
2027,00,21780,Evansville MSA,Advanced and Traded Industries,7980.420147149721
2027,00,21780,Evansville MSA,AgriNovus,278.92279344498337
2027,00,21780,Evansville MSA,BioCrossroads,842.9135662910622
2027,00,21780,Evansville MSA,Conexus,4986.139526473335
2027,00,21780,Evansville MSA,Finance,507.91296816976416
2027,00,21780,Evansville MSA,Healthcare,301.7420008310648
2027,00,21780,Evansville MSA,TechPoint,1662.5996195307027
2027,00,23060,Fort Wayne MSA,Advanced and Traded Industries,15785.49125161731
2027,00,23060,Fort Wayne MSA,AgriNovus,326.88889843820255
2027,00,23060,Fort Wayne MSA,BioCrossroads,820.4639940090998
2027,00,23060,Fort Wayne MSA,Conexus,12567.955222872908
2027,00,23060,Fort Wayne MSA,Finance,1811.9515414910345
2027,00,23060,Fort Wayne MSA,Healthcare,952.5623878528726
2027,00,23060,Fort Wayne MSA,TechPoint,4251.0099412957525
2027,00,26900,Indianapolis-Carmel-Greenwood MSA,Advanced and Traded Industries,98424.55685818655
2027,00,26900,Indianapolis-Carmel-Greenwood MSA,AgriNovus,2285.739796484777
2027,00,26900,Indianapolis-Carmel-Greenwood MSA,BioCrossroads,15688.967644011922
2027,00,26900,Indianapolis-Carmel-Greenwood MSA,Conexus,50817.19331587608
2027,00,26900,Indianapolis-Carmel-Greenwood MSA,Finance,8855.693454696386
2027,00,26900,Indianapolis-Carmel-Greenwood MSA,Healthcare,3891.686936516847
2027,00,26900,Indianapolis-Carmel-Greenwood MSA,TechPoint,32475.693103416215
2027,00,29020,Kokomo MSA,Advanced and Traded Industries,1472.0928517442715
2027,00,29020,Kokomo MSA,AgriNovus,10.226924220952233
2027,00,29020,Kokomo MSA,BioCrossroads,39.68198754136836
2027,00,29020,Kokomo MSA,Conexus,1690.4571991328426
2027,00,29020,Kokomo MSA,Finance,107.46012461992696
2027,00,29020,Kokomo MSA,Healthcare,31.582744916867934
2027,00,29020,Kokomo MSA,TechPoint,221.49527119470667
2027,00,29200,Lafayette-West Lafayette MSA,Advanced and Traded Industries,7822.084611606274
2027,00,29200,Lafayette-West Lafayette MSA,AgriNovus,687.5020119339824
2027,00,29200,Lafayette-West Lafayette MSA,BioCrossroads,1408.05746030006
2027,00,29200,Lafayette-West Lafayette MSA,Conexus,6951.897855558671
2027,00,29200,Lafayette-West Lafayette MSA,Finance,325.986484095196
2027,00,29200,Lafayette-West Lafayette MSA,Healthcare,193.62596108365344
2027,00,29200,Lafayette-West Lafayette MSA,TechPoint,1406.7728355152706
2027,00,31140,Louisville/Jefferson County MSA,Advanced and Traded Industries,46675.1271221924
2027,00,31140,Louisville/Jefferson County MSA,AgriNovus,1278.2067124583607
2027,00,31140,Louisville/Jefferson County MSA,BioCrossroads,2899.7026170994764
2027,00,31140,Louisville/Jefferson County MSA,Conexus,27514.60989623519
2027,00,31140,Louisville/Jefferson County MSA,Finance,6251.17379710906
2027,00,31140,Louisville/Jefferson County MSA,Healthcare,2165.4595944934676
2027,00,31140,Louisville/Jefferson County MSA,TechPoint,14028.63717968838
2027,00,33140,Michigan City-La Porte MSA,Advanced and Traded Industries,2106.84380237415
2027,00,33140,Michigan City-La Porte MSA,AgriNovus,41.296375378263896
2027,00,33140,Michigan City-La Porte MSA,BioCrossroads,67.56798027519675
2027,00,33140,Michigan City-La Porte MSA,Conexus,2275.1460970318653
2027,00,33140,Michigan City-La Porte MSA,Finance,148.6946007996614
2027,00,33140,Michigan City-La Porte MSA,Healthcare,67.15114742397186
2027,00,33140,Michigan City-La Porte MSA,TechPoint,266.968689418107
2027,00,34620,Muncie MSA,Advanced and Traded Industries,2228.176654105164
2027,00,34620,Muncie MSA,AgriNovus,8.244155244154115
2027,00,34620,Muncie MSA,BioCrossroads,64.19031044092958
2027,00,34620,Muncie MSA,Conexus,1001.3387871070582
2027,00,34620,Muncie MSA,Finance,254.01432918095816
2027,00,34620,Muncie MSA,Healthcare,100.51718979710776
2027,00,34620,Muncie MSA,TechPoint,993.5655812799158
2027,00,43780,South Bend-Mishawaka MSA,Advanced and Traded Industries,7412.008612561179
2027,00,43780,South Bend-Mishawaka MSA,AgriNovus,41.58713001622503
2027,00,43780,South Bend-Mishawaka MSA,BioCrossroads,529.4990808593678
2027,00,43780,South Bend-Mishawaka MSA,Conexus,4624.9814649637165
2027,00,43780,South Bend-Mishawaka MSA,Finance,474.3936911422316
2027,00,43780,South Bend-Mishawaka MSA,Healthcare,317.7609721627603
2027,00,43780,South Bend-Mishawaka MSA,TechPoint,2350.540351112369
2027,00,45460,Terre Haute MSA,Advanced and Traded Industries,2119.185101200901
2027,00,45460,Terre Haute MSA,AgriNovus,61.1855880300236
2027,00,45460,Terre Haute MSA,BioCrossroads,148.13480431173727
2027,00,45460,Terre Haute MSA,Conexus,2088.93467081381
2027,00,45460,Terre Haute MSA,Finance,196.5024461730429
2027,00,45460,Terre Haute MSA,Healthcare,127.61595004557637
2027,00,45460,Terre Haute MSA,TechPoint,367.11334964443637
2027,18,00000,Indiana,Advanced and Traded Industries,245577.2617164964
2027,18,00000,Indiana,AgriNovus,7227.03670084639
2027,18,00000,Indiana,BioCrossroads,32101.144681186765
2027,18,00000,Indiana,Conexus,166974.54192619285
2027,18,00000,Indiana,Finance,19306.54947390107
2027,18,00000,Indiana,Healthcare,8235.095719331783
2027,18,00000,Indiana,TechPoint,67732.65576281029
2028,0,00000,United States,Advanced and Traded Industries,14841231.044824073
2028,0,00000,United States,AgriNovus,357442.5522485737
2028,0,00000,United States,BioCrossroads,1838685.1966535791
2028,0,00000,United States,Conexus,6302326.2413891535
2028,0,00000,United States,Finance,1370577.3208196335
2028,0,00000,United States,Healthcare,473515.76824021764
2028,0,00000,United States,TechPoint,6152589.670568348
2028,00,14020,Bloomington MSA,Advanced and Traded Industries,7098.897076951838
2028,00,14020,Bloomington MSA,AgriNovus,164.88680932583173
2028,00,14020,Bloomington MSA,BioCrossroads,4240.993452206588
2028,00,14020,Bloomington MSA,Conexus,6620.063519267256
2028,00,14020,Bloomington MSA,Finance,314.69821467446604
2028,00,14020,Bloomington MSA,Healthcare,206.49973522161366
2028,00,14020,Bloomington MSA,TechPoint,1041.869344297204
2028,00,16980,Chicago-Naperville-Elgin MSA,Advanced and Traded Industries,353866.6952969903
2028,00,16980,Chicago-Naperville-Elgin MSA,AgriNovus,9186.296317523882
2028,00,16980,Chicago-Naperville-Elgin MSA,BioCrossroads,38295.12697265611
2028,00,16980,Chicago-Naperville-Elgin MSA,Conexus,163408.69836879527
2028,00,16980,Chicago-Naperville-Elgin MSA,Finance,44119.989415577606
2028,00,16980,Chicago-Naperville-Elgin MSA,Healthcare,13595.483973353907
2028,00,16980,Chicago-Naperville-Elgin MSA,TechPoint,117447.57250710163
2028,00,17140,Cincinnati MSA,Advanced and Traded Industries,108778.29908355823
2028,00,17140,Cincinnati MSA,AgriNovus,3163.640879306396
2028,00,17140,Cincinnati MSA,BioCrossroads,10472.609192543716
2028,00,17140,Cincinnati MSA,Conexus,61980.7235526757
2028,00,17140,Cincinnati MSA,Finance,10684.022932447348
2028,00,17140,Cincinnati MSA,Healthcare,4244.403309365422
2028,00,17140,Cincinnati MSA,TechPoint,25568.768728405088
2028,00,18020,Columbus MSA,Advanced and Traded Industries,9620.616086890761
2028,00,18020,Columbus MSA,AgriNovus,28.364525024073465
2028,00,18020,Columbus MSA,BioCrossroads,372.5986086905971
2028,00,18020,Columbus MSA,Conexus,11535.146229836997
2028,00,18020,Columbus MSA,Finance,189.8701716227823
2028,00,18020,Columbus MSA,Healthcare,9.743517779474836
2028,00,18020,Columbus MSA,TechPoint,810.0934439805065
2028,00,21140,Elkhart-Goshen MSA,Advanced and Traded Industries,8001.598362023089
2028,00,21140,Elkhart-Goshen MSA,AgriNovus,108.15732872311757
2028,00,21140,Elkhart-Goshen MSA,BioCrossroads,298.1513017570327
2028,00,21140,Elkhart-Goshen MSA,Conexus,8537.009764617074
2028,00,21140,Elkhart-Goshen MSA,Finance,265.08436265752533
2028,00,21140,Elkhart-Goshen MSA,Healthcare,193.28126477066235
2028,00,21140,Elkhart-Goshen MSA,TechPoint,817.196582401203
2028,00,21780,Evansville MSA,Advanced and Traded Industries,8032.036807116903
2028,00,21780,Evansville MSA,AgriNovus,279.43954239381003
2028,00,21780,Evansville MSA,BioCrossroads,846.4291861966543
2028,00,21780,Evansville MSA,Conexus,4998.565014808049
2028,00,21780,Evansville MSA,Finance,520.8040569542841
2028,00,21780,Evansville MSA,Healthcare,299.12888188101425
2028,00,21780,Evansville MSA,TechPoint,1686.8843009797488
2028,00,23060,Fort Wayne MSA,Advanced and Traded Industries,15934.723350438315
2028,00,23060,Fort Wayne MSA,AgriNovus,336.52474946061085
2028,00,23060,Fort Wayne MSA,BioCrossroads,832.1397028991476
2028,00,23060,Fort Wayne MSA,Conexus,12672.170561250787
2028,00,23060,Fort Wayne MSA,Finance,1812.6219449444625
2028,00,23060,Fort Wayne MSA,Healthcare,964.2383555161681
2028,00,23060,Fort Wayne MSA,TechPoint,4275.6059196047845
2028,00,26900,Indianapolis-Carmel-Greenwood MSA,Advanced and Traded Industries,99925.36298155652
2028,00,26900,Indianapolis-Carmel-Greenwood MSA,AgriNovus,2318.5086969654817
2028,00,26900,Indianapolis-Carmel-Greenwood MSA,BioCrossroads,15957.540620331973
2028,00,26900,Indianapolis-Carmel-Greenwood MSA,Conexus,51453.405736903806
2028,00,26900,Indianapolis-Carmel-Greenwood MSA,Finance,8858.936608860207
2028,00,26900,Indianapolis-Carmel-Greenwood MSA,Healthcare,3918.5302978201603
2028,00,26900,Indianapolis-Carmel-Greenwood MSA,TechPoint,33097.744834368496
2028,00,29020,Kokomo MSA,Advanced and Traded Industries,1448.3675569653312
2028,00,29020,Kokomo MSA,AgriNovus,10.466235026264158
2028,00,29020,Kokomo MSA,BioCrossroads,40.236053423821254
2028,00,29020,Kokomo MSA,Conexus,1653.646554755298
2028,00,29020,Kokomo MSA,Finance,107.83242223263373
2028,00,29020,Kokomo MSA,Healthcare,29.574909180113576
2028,00,29020,Kokomo MSA,TechPoint,226.86760158698274
2028,00,29200,Lafayette-West Lafayette MSA,Advanced and Traded Industries,7945.659584176118
2028,00,29200,Lafayette-West Lafayette MSA,AgriNovus,702.6115620305395
2028,00,29200,Lafayette-West Lafayette MSA,BioCrossroads,1425.5862261425334
2028,00,29200,Lafayette-West Lafayette MSA,Conexus,7041.097436356988
2028,00,29200,Lafayette-West Lafayette MSA,Finance,327.95346870600565
2028,00,29200,Lafayette-West Lafayette MSA,Healthcare,193.9573371126414
2028,00,29200,Lafayette-West Lafayette MSA,TechPoint,1446.9073443477869
2028,00,31140,Louisville/Jefferson County MSA,Advanced and Traded Industries,47091.66401998591
2028,00,31140,Louisville/Jefferson County MSA,AgriNovus,1294.2143775108593
2028,00,31140,Louisville/Jefferson County MSA,BioCrossroads,2944.9103180603365
2028,00,31140,Louisville/Jefferson County MSA,Conexus,27794.372997382914
2028,00,31140,Louisville/Jefferson County MSA,Finance,6223.309752607366
2028,00,31140,Louisville/Jefferson County MSA,Healthcare,2208.66761645891
2028,00,31140,Louisville/Jefferson County MSA,TechPoint,14215.08132580206
2028,00,33140,Michigan City-La Porte MSA,Advanced and Traded Industries,2133.5128337838523
2028,00,33140,Michigan City-La Porte MSA,AgriNovus,41.873302348306815
2028,00,33140,Michigan City-La Porte MSA,BioCrossroads,67.6752659991862
2028,00,33140,Michigan City-La Porte MSA,Conexus,2290.852149044248
2028,00,33140,Michigan City-La Porte MSA,Finance,152.30753881088177
2028,00,33140,Michigan City-La Porte MSA,Healthcare,66.58492078858522
2028,00,33140,Michigan City-La Porte MSA,TechPoint,265.86326380102173
2028,00,34620,Muncie MSA,Advanced and Traded Industries,2242.0704982841585
2028,00,34620,Muncie MSA,AgriNovus,7.436067646922462
2028,00,34620,Muncie MSA,BioCrossroads,65.01692047855451
2028,00,34620,Muncie MSA,Conexus,998.3185349840522
2028,00,34620,Muncie MSA,Finance,256.4888411200994
2028,00,34620,Muncie MSA,Healthcare,99.5967172973422
2028,00,34620,Muncie MSA,TechPoint,1006.3090033188072
2028,00,43780,South Bend-Mishawaka MSA,Advanced and Traded Industries,7504.504837569997
2028,00,43780,South Bend-Mishawaka MSA,AgriNovus,46.185177185105
2028,00,43780,South Bend-Mishawaka MSA,BioCrossroads,533.8377412543941
2028,00,43780,South Bend-Mishawaka MSA,Conexus,4628.882271579596
2028,00,43780,South Bend-Mishawaka MSA,Finance,478.2177055859546
2028,00,43780,South Bend-Mishawaka MSA,Healthcare,320.3697830328075
2028,00,43780,South Bend-Mishawaka MSA,TechPoint,2442.7405730386067
2028,00,45460,Terre Haute MSA,Advanced and Traded Industries,2109.6936073699803
2028,00,45460,Terre Haute MSA,AgriNovus,60.3974245380903
2028,00,45460,Terre Haute MSA,BioCrossroads,141.96140442127586
2028,00,45460,Terre Haute MSA,Conexus,2074.2423246574617
2028,00,45460,Terre Haute MSA,Finance,196.66275704618192
2028,00,45460,Terre Haute MSA,Healthcare,129.29814274344966
2028,00,45460,Terre Haute MSA,TechPoint,368.219218641892
2028,18,00000,Indiana,Advanced and Traded Industries,249299.87370004374
2028,18,00000,Indiana,AgriNovus,7353.9202374989
2028,18,00000,Indiana,BioCrossroads,32646.06146536991
2028,18,00000,Indiana,Conexus,168405.5674889555
2028,18,00000,Indiana,Finance,19548.644383436713
2028,18,00000,Indiana,Healthcare,8298.872838175526
2028,18,00000,Indiana,TechPoint,69373.02720157767
