year,statefips,metrofips,geo_area,cicp_initiative,females,males
2023,00,21140,Elkhart-Goshen MSA,AgriNovus,4215.125319857572,6471.664437019401
2024,00,26900,Indianapolis-Carmel-Greenwood MSA,BioCrossroads,45090.69203841993,49841.24121487387
2024,00,21140,Elkhart-Goshen MSA,BioCrossroads,673.6987551636743,740.9645033354559
2021,00,34620,Muncie MSA,Conexus,4596.39898018054,18207.120667029674
2024,00,21140,Elkhart-Goshen MSA,Conexus,87147.94477090405,197194.1901843966
2021,00,16980,Chicago-Naperville-Elgin MSA,Finance,376177.0916562537,328589.27822454815
2020,00,43780,South Bend-Mishawaka MSA,Finance,8419.451297605121,4101.367399072752
2020,00,29200,Lafayette-West Lafayette MSA,Finance,4091.4088055707684,2029.009891737423
2021,00,29020,Kokomo MSA,Healthcare,9469.750841322431,1794.683663496951
2020,00,43780,South Bend-Mishawaka MSA,Healthcare,40061.927740811945,8826.23832607169
2020,00,29200,Lafayette-West Lafayette MSA,Healthcare,25069.70868131812,5307.465481590752
2024,00,45460,Terre Haute MSA,Advanced and Traded Industries,14605.199627630329,35060.14097587433
2022,00,29200,Lafayette-West Lafayette MSA,Advanced and Traded Industries,28112.53954145913,64671.42947906689
2021,00,33140,Michigan City-La Porte MSA,BioCrossroads,516.1923652724853,344.5642571778584
2023,00,16980,Chicago-Naperville-Elgin MSA,Conexus,1098186.1464043448,2222203.404635619
2021,18,00000,Indiana,TechPoint,68348.6907732351,130879.22166738691
2024,00,21780,Evansville MSA,Finance,7517.476124153968,4303.557215356137
2022,18,00000,Indiana,Finance,215371.2854206391,120072.8963794439
2022,00,21780,Evansville MSA,Healthcare,48297.89236708218,10167.837398136753
2023,00,16980,Chicago-Naperville-Elgin MSA,Healthcare,1064286.073289643,307131.0522569821
2020,18,00000,Indiana,AgriNovus,117719.86107448803,264972.9023911092
2022,00,29200,Lafayette-West Lafayette MSA,BioCrossroads,2555.9104257741114,4372.152910913577
2024,00,21780,Evansville MSA,Conexus,32000.162693808445,85026.2687000116
2024,00,29020,Kokomo MSA,Conexus,10752.872714604046,32364.56709364684
2022,00,43780,South Bend-Mishawaka MSA,TechPoint,3598.4221774727653,4871.910130948377
2021,0,00000,United States,TechPoint,5927000.101910158,11374658.442777272
2020,00,14020,Bloomington MSA,Finance,3540.264073140149,2052.805663588572
2022,00,23060,Fort Wayne MSA,Healthcare,77706.90292831621,17733.72921455859
2022,00,18020,Columbus MSA,Healthcare,8161.799295302653,1452.1696258169402
2024,00,18020,Columbus MSA,Healthcare,9122.356310035071,1657.2605832936301
2021,00,21140,Elkhart-Goshen MSA,Advanced and Traded Industries,83674.8865172414,180845.01815260874
2021,18,00000,Indiana,Advanced and Traded Industries,1121585.1308735628,2046723.1393341494
2023,00,34620,Muncie MSA,AgriNovus,627.4495377500177,1699.0110675425933
2023,00,21780,Evansville MSA,BioCrossroads,1845.4366876516362,3587.373042352149
2022,00,34620,Muncie MSA,BioCrossroads,162.3009956605752,131.83987304321954
2024,00,26900,Indianapolis-Carmel-Greenwood MSA,Conexus,306683.06383041467,613012.8659548854
2022,00,23060,Fort Wayne MSA,Conexus,66949.43126761388,166844.18461788355
2021,00,23060,Fort Wayne MSA,TechPoint,5864.933488603719,11738.327109039365
2024,00,33140,Michigan City-La Porte MSA,TechPoint,626.3307184714051,695.7431875098121
2023,00,23060,Fort Wayne MSA,TechPoint,6132.671254498308,11112.753596675733
2022,00,29200,Lafayette-West Lafayette MSA,TechPoint,1355.255610544014,2920.5440904092934
2022,00,31140,Louisville/Jefferson County MSA,Healthcare,179383.6215157902,43487.31602006679
2020,00,17140,Cincinnati MSA,Advanced and Traded Industries,402728.5022155036,659072.846353318
2020,00,45460,Terre Haute MSA,AgriNovus,1313.9029154912078,4426.5603814870865
2023,18,00000,Indiana,Conexus,1021174.5163471287,2344839.702438928
2024,00,16980,Chicago-Naperville-Elgin MSA,Conexus,1104398.227945494,2223676.1556966007
2023,00,17140,Cincinnati MSA,Healthcare,307180.4587016476,78016.17515851259
2024,00,43780,South Bend-Mishawaka MSA,Advanced and Traded Industries,39309.02442198156,67710.05213084584
2023,00,29200,Lafayette-West Lafayette MSA,AgriNovus,6793.627646912564,15143.948397175429
2021,00,14020,Bloomington MSA,AgriNovus,1565.9015145262283,3260.5933899730103
2020,00,31140,Louisville/Jefferson County MSA,AgriNovus,22668.052348088462,50117.28965426551
2024,0,00000,United States,BioCrossroads,3453570.482620987,4127726.6968903877
2020,18,00000,Indiana,BioCrossroads,83124.1953008423,103358.29416579362
2023,00,16980,Chicago-Naperville-Elgin MSA,BioCrossroads,108262.02125240557,119420.42980670546
2023,00,45460,Terre Haute MSA,Conexus,12223.268273898806,42303.0326782299
2021,00,29020,Kokomo MSA,TechPoint,183.682247956905,459.7524461959199
2020,00,21140,Elkhart-Goshen MSA,TechPoint,1385.32203157515,1590.7220179282053
2020,00,29200,Lafayette-West Lafayette MSA,TechPoint,988.361662376322,2256.6410499620133
2022,00,33140,Michigan City-La Porte MSA,TechPoint,818.2119625865399,821.3865094768651
2023,00,45460,Terre Haute MSA,Finance,3405.6615141029965,1466.1232714867588
2023,00,29200,Lafayette-West Lafayette MSA,BioCrossroads,2599.74300085467,4947.05020031558
2024,00,43780,South Bend-Mishawaka MSA,BioCrossroads,2032.9148196433414,2540.317510224764
2021,00,21780,Evansville MSA,BioCrossroads,1575.7633901524744,2960.631721838658
2021,00,45460,Terre Haute MSA,TechPoint,454.76759791184696,1147.2118901594881
2021,00,34620,Muncie MSA,Finance,3022.949569504032,1544.85180394701
2024,00,18020,Columbus MSA,Finance,2291.9414656444287,1048.505787989397
2023,00,45460,Terre Haute MSA,Healthcare,20711.611239571288,4694.2131547197
2020,00,31140,Louisville/Jefferson County MSA,Healthcare,169449.78668380287,40762.2946770592
2022,00,21780,Evansville MSA,Advanced and Traded Industries,42539.3753526352,79673.49904407313
2022,00,43780,South Bend-Mishawaka MSA,Advanced and Traded Industries,41999.908413621226,68600.93100268175
2020,00,29200,Lafayette-West Lafayette MSA,Advanced and Traded Industries,24822.406551872842,60384.630606171864
2023,00,33140,Michigan City-La Porte MSA,AgriNovus,3482.810888014204,6039.934380692347
2022,00,17140,Cincinnati MSA,BioCrossroads,21874.564713908552,22092.589871770448
2024,00,43780,South Bend-Mishawaka MSA,Conexus,28447.02858117706,71344.58066403994
2022,00,23060,Fort Wayne MSA,TechPoint,6078.44928038565,11982.516615453073
2023,00,43780,South Bend-Mishawaka MSA,TechPoint,3640.308260952391,4913.545014242567
2024,00,23060,Fort Wayne MSA,TechPoint,5993.856539268761,11024.248248126449
2024,00,29200,Lafayette-West Lafayette MSA,TechPoint,1243.3317010961937,2654.405897563539
2022,00,31140,Louisville/Jefferson County MSA,Finance,73605.49265117467,44787.4861529879
2020,00,21780,Evansville MSA,Finance,6983.124728319604,3498.894682542885
2022,00,29200,Lafayette-West Lafayette MSA,Finance,4060.2473774025007,2053.855846168392
2020,00,45460,Terre Haute MSA,Healthcare,22230.80816538383,4691.480437907688
2024,00,43780,South Bend-Mishawaka MSA,Healthcare,44428.54404704282,10634.91422599068
2023,00,33140,Michigan City-La Porte MSA,Advanced and Traded Industries,14488.671389556637,26115.15313455096
2022,00,16980,Chicago-Naperville-Elgin MSA,Advanced and Traded Industries,1662788.943076796,2561042.894716211
2020,00,26900,Indianapolis-Carmel-Greenwood MSA,Advanced and Traded Industries,368580.4775969743,581519.0059337388
2022,00,31140,Louisville/Jefferson County MSA,BioCrossroads,10984.760970333446,10076.29746361327
2021,18,00000,Indiana,BioCrossroads,87103.98696954575,107413.20213529187
2023,00,43780,South Bend-Mishawaka MSA,AgriNovus,3370.013437240135,6933.003128488204
2021,00,16980,Chicago-Naperville-Elgin MSA,Conexus,1018304.1419392042,2150020.8092547143
2022,18,00000,Indiana,Conexus,1014499.0627566087,2357277.668026625
2022,00,21140,Elkhart-Goshen MSA,Conexus,107099.43873935455,236164.8705864777
2024,0,00000,United States,TechPoint,6301422.80502141,11690982.934765501
2020,0,00000,United States,TechPoint,5664731.283115651,11104737.12656505
2022,00,29020,Kokomo MSA,Finance,1889.9244310189767,812.3994096689848
2024,18,00000,Indiana,Healthcare,891931.6695208679,205031.21166753292
2021,00,18020,Columbus MSA,Advanced and Traded Industries,22766.47186092766,49045.52343728901
2024,00,26900,Indianapolis-Carmel-Greenwood MSA,AgriNovus,32500.389747972404,70051.39441351741
2023,0,00000,United States,AgriNovus,7052111.208454547,13946350.579372164
2021,00,43780,South Bend-Mishawaka MSA,AgriNovus,2931.9584270789833,6766.948654648396
2021,00,21780,Evansville MSA,AgriNovus,5683.311641566393,13290.421995034063
2024,00,23060,Fort Wayne MSA,BioCrossroads,2291.269951883119,4051.0414446264317
2020,00,31140,Louisville/Jefferson County MSA,BioCrossroads,9258.500406958403,9432.106871954264
2023,00,31140,Louisville/Jefferson County MSA,BioCrossroads,9186.236236499617,9332.73757809025
2021,00,33140,Michigan City-La Porte MSA,TechPoint,792.5545686361801,779.133456304914
2020,00,34620,Muncie MSA,TechPoint,1538.43132434112,1750.5196664505
2023,00,26900,Indianapolis-Carmel-Greenwood MSA,Finance,97418.38062588482,61408.79610712544
2024,00,21780,Evansville MSA,Advanced and Traded Industries,42435.04877642907,78958.36225276896
2020,00,43780,South Bend-Mishawaka MSA,BioCrossroads,2798.3128865091867,2548.888081433498
2023,00,29200,Lafayette-West Lafayette MSA,TechPoint,1404.5785231895816,2898.0567185914406
2024,00,17140,Cincinnati MSA,TechPoint,25800.261635574083,54728.07442953739
2021,00,45460,Terre Haute MSA,Finance,3528.4804381183562,1413.2437653554193
2024,00,33140,Michigan City-La Porte MSA,Advanced and Traded Industries,14366.586700684158,25955.274908826465
2022,00,17140,Cincinnati MSA,AgriNovus,39100.34294566288,80790.69163853672
2021,00,31140,Louisville/Jefferson County MSA,AgriNovus,23924.100382701563,51923.95257085928
2022,00,21140,Elkhart-Goshen MSA,BioCrossroads,635.1291672425148,641.259388166919
2020,00,23060,Fort Wayne MSA,Conexus,58453.556938798865,150394.0296853383
2022,00,43780,South Bend-Mishawaka MSA,Conexus,29371.37131860257,72087.7153437337
2023,00,23060,Fort Wayne MSA,Conexus,69180.23774466594,168460.47997287632
2022,00,17140,Cincinnati MSA,TechPoint,27541.23470007268,57113.33777952238
2022,00,43780,South Bend-Mishawaka MSA,Finance,8461.868968873017,4386.905993586513
2023,00,17140,Cincinnati MSA,Finance,90583.90370835696,67117.85900283595
2020,00,26900,Indianapolis-Carmel-Greenwood MSA,Healthcare,275708.70298101596,68952.8699671518
2022,00,14020,Bloomington MSA,Healthcare,18631.85191886592,4661.475209945128
2020,00,34620,Muncie MSA,Healthcare,17527.167278356766,4543.668030946039
2020,00,17140,Cincinnati MSA,AgriNovus,35616.91654629761,75587.04910998845
2023,00,18020,Columbus MSA,Conexus,26049.262391188884,62232.01702221897
2023,00,21140,Elkhart-Goshen MSA,Conexus,93519.8924034734,208292.29704954135
2020,00,29020,Kokomo MSA,Conexus,12418.84259878276,37254.85059760018
2024,00,34620,Muncie MSA,Healthcare,18454.41654038382,4452.679722563432
2022,0,00000,United States,Advanced and Traded Industries,49632900.609650135,78566147.97336572
2021,00,18020,Columbus MSA,AgriNovus,1078.44182381936,2090.197097362743
2021,00,26900,Indianapolis-Carmel-Greenwood MSA,AgriNovus,29785.25634036386,66515.30014704786
2022,00,29200,Lafayette-West Lafayette MSA,AgriNovus,6355.376160097837,14739.30745620911
2020,00,23060,Fort Wayne MSA,BioCrossroads,1814.2045154601346,3337.4903150816444
2020,00,21140,Elkhart-Goshen MSA,BioCrossroads,789.7493648238571,911.6006205039747
2022,00,26900,Indianapolis-Carmel-Greenwood MSA,Conexus,292890.83633829816,604317.1908002882
2022,00,14020,Bloomington MSA,Conexus,26191.27294989846,33954.680382523424
2021,00,34620,Muncie MSA,TechPoint,1490.777178583944,1708.03095647856
2024,00,26900,Indianapolis-Carmel-Greenwood MSA,Finance,90697.76586381294,58849.45809112378
2020,00,16980,Chicago-Naperville-Elgin MSA,Finance,383270.8396629613,335537.3685267417
2023,00,29020,Kokomo MSA,Finance,1839.4321612193219,829.330604177577
2023,00,18020,Columbus MSA,Healthcare,8524.614350454434,1553.315841214458
2023,00,31140,Louisville/Jefferson County MSA,Healthcare,188138.43788999197,46220.130116619046
2022,00,14020,Bloomington MSA,Advanced and Traded Industries,26154.941735036395,31159.657918769743
2023,00,21780,Evansville MSA,AgriNovus,5607.296152323009,13143.305637177733
2020,00,16980,Chicago-Naperville-Elgin MSA,AgriNovus,161419.43045136228,281152.2494118367
2022,00,18020,Columbus MSA,AgriNovus,1045.8419254530884,2015.574580806368
2021,00,23060,Fort Wayne MSA,BioCrossroads,1812.432365085885,3059.294710162227
2024,00,18020,Columbus MSA,BioCrossroads,633.1936707442624,689.735891063991
2020,00,34620,Muncie MSA,BioCrossroads,166.4393170585331,116.5295384958841
2024,00,21140,Elkhart-Goshen MSA,TechPoint,1322.144386916922,1883.4163892319452
2023,00,21780,Evansville MSA,Finance,7628.314970695829,4300.491491281765
2022,00,23060,Fort Wayne MSA,Finance,18736.18713378607,11271.568435375917
2023,00,34620,Muncie MSA,Finance,3073.3172310360533,1444.0608716632673
2024,00,29200,Lafayette-West Lafayette MSA,Finance,3917.4481320255095,2131.6592671359545
2020,00,21140,Elkhart-Goshen MSA,Healthcare,21461.74695397801,4862.405745141145
2021,00,33140,Michigan City-La Porte MSA,Advanced and Traded Industries,13230.976814063913,23928.55571583079
2021,00,16980,Chicago-Naperville-Elgin MSA,Advanced and Traded Industries,1601513.162786269,2504395.6309690056
2020,00,34620,Muncie MSA,AgriNovus,479.5810680402607,1317.9923946150864
2023,00,26900,Indianapolis-Carmel-Greenwood MSA,BioCrossroads,44434.836342311224,48895.53443995218
2024,18,00000,Indiana,BioCrossroads,94211.55463704209,115787.45822158881
2021,00,21140,Elkhart-Goshen MSA,Conexus,101238.30869230125,228643.02039685898
2023,00,31140,Louisville/Jefferson County MSA,Conexus,219573.6764343383,497161.802771114
2021,00,21140,Elkhart-Goshen MSA,TechPoint,1399.4557009861799,1581.4320942072507
2021,00,29200,Lafayette-West Lafayette MSA,TechPoint,1210.13725517781,2490.5858061219783
2020,00,26900,Indianapolis-Carmel-Greenwood MSA,TechPoint,30926.43487462194,62509.49901676487
2021,00,26900,Indianapolis-Carmel-Greenwood MSA,Finance,95248.04574697089,59859.20534322446
2024,00,21780,Evansville MSA,Healthcare,49265.63919734311,10340.896900992178
2024,00,26900,Indianapolis-Carmel-Greenwood MSA,Advanced and Traded Industries,422067.87931889296,641264.3747948955
2021,00,43780,South Bend-Mishawaka MSA,Advanced and Traded Industries,41671.52255378151,67834.03629745588
2021,00,31140,Louisville/Jefferson County MSA,BioCrossroads,9711.05912294872,9434.839228318526
2024,00,16980,Chicago-Naperville-Elgin MSA,TechPoint,148266.4364116479,260742.51411233118
2022,00,17140,Cincinnati MSA,Advanced and Traded Industries,429256.8919908908,691640.7726009565
2022,00,16980,Chicago-Naperville-Elgin MSA,AgriNovus,178674.02939273606,296239.0571223779
2024,00,43780,South Bend-Mishawaka MSA,AgriNovus,3387.326808782271,6944.979264703532
2020,00,18020,Columbus MSA,AgriNovus,1149.787812393376,2311.1725938408163
2022,00,16980,Chicago-Naperville-Elgin MSA,BioCrossroads,109048.41191223603,119814.47915940487
2024,00,17140,Cincinnati MSA,Conexus,270264.70710971375,643061.0308291977
2023,00,21140,Elkhart-Goshen MSA,Advanced and Traded Industries,78258.37179613195,165754.01752437255
2021,00,45460,Terre Haute MSA,Advanced and Traded Industries,13788.301320895544,32042.983703814483
2023,00,17140,Cincinnati MSA,Advanced and Traded Industries,429416.30202725047,692764.233117079
2024,00,29020,Kokomo MSA,Advanced and Traded Industries,10620.549339857507,25778.600696998263
2021,00,31140,Louisville/Jefferson County MSA,Advanced and Traded Industries,278655.2867083022,457716.1023899851
2024,00,18020,Columbus MSA,AgriNovus,1265.2776523832279,2459.4615450448314
2022,00,21780,Evansville MSA,BioCrossroads,2009.0129887927594,2754.452873283346
2023,0,00000,United States,BioCrossroads,3459910.805788996,4131832.904809193
2021,00,17140,Cincinnati MSA,Conexus,253055.47787617522,624050.9651018421
2024,00,18020,Columbus MSA,Conexus,25917.712962411395,61697.21023552412
2021,00,26900,Indianapolis-Carmel-Greenwood MSA,Conexus,269007.2599421128,574289.4509445779
2021,00,21780,Evansville MSA,Conexus,30232.9012149755,83790.82901000683
2022,00,45460,Terre Haute MSA,TechPoint,416.07687772927505,1216.055597137674
2020,00,17140,Cincinnati MSA,TechPoint,25508.65727376065,56499.658250602224
2023,00,16980,Chicago-Naperville-Elgin MSA,TechPoint,153762.91401069946,270731.5385826537
2020,00,29020,Kokomo MSA,TechPoint,146.56296300425097,439.2941752774739
2021,00,21140,Elkhart-Goshen MSA,Finance,3584.553886740306,1784.6268871768234
2024,00,29200,Lafayette-West Lafayette MSA,Advanced and Traded Industries,29501.255902947334,67493.10145897834
2024,00,14020,Bloomington MSA,AgriNovus,1581.3221874237659,3713.971364167356
2022,00,26900,Indianapolis-Carmel-Greenwood MSA,AgriNovus,32489.219682108796,69553.73701251733
2020,00,45460,Terre Haute MSA,BioCrossroads,973.6590689120693,879.3759814598578
2023,00,14020,Bloomington MSA,Finance,3066.5306319707997,1894.8830495724033
2021,00,31140,Louisville/Jefferson County MSA,Finance,76765.17223552527,47020.9074599911
2022,18,00000,Indiana,Healthcare,831822.5781554312,189291.43446682557
2024,00,17140,Cincinnati MSA,Advanced and Traded Industries,430482.1020339844,691393.7965770772
2021,00,45460,Terre Haute MSA,AgriNovus,1485.6161302029075,4932.262401969656
2022,00,17140,Cincinnati MSA,Conexus,265843.26768837636,639596.8663385503
2023,18,00000,Indiana,TechPoint,75745.36563580493,137988.8174614419
2021,00,26900,Indianapolis-Carmel-Greenwood MSA,TechPoint,32769.96951330149,64290.29221886492
2024,00,14020,Bloomington MSA,Healthcare,20640.70742244276,5321.888072341449
2023,00,29020,Kokomo MSA,Healthcare,9984.529485991228,1988.464914018417
2023,00,29020,Kokomo MSA,Advanced and Traded Industries,11014.769715848744,26054.371372362843
2022,00,23060,Fort Wayne MSA,BioCrossroads,1946.118180861891,3336.8339634002837
2020,00,29200,Lafayette-West Lafayette MSA,BioCrossroads,2206.199557245811,4326.339534447542
2022,00,18020,Columbus MSA,Conexus,25464.71519028132,61106.84461855274
2023,00,14020,Bloomington MSA,TechPoint,1032.2309702042219,2179.6654557411157
2020,18,00000,Indiana,TechPoint,64279.08010508441,126317.5710234894
2022,0,00000,United States,Finance,11746491.5585523,8315010.325949355
2020,18,00000,Indiana,Finance,209203.96183342361,113406.00494686925
2022,00,29200,Lafayette-West Lafayette MSA,Healthcare,25111.876918319434,5305.460290642711
2024,00,14020,Bloomington MSA,Advanced and Traded Industries,23294.364493012043,29007.72034705646
2023,00,23060,Fort Wayne MSA,Advanced and Traded Industries,80580.62336602964,149621.6220995438
2024,00,16980,Chicago-Naperville-Elgin MSA,Advanced and Traded Industries,1674499.204899797,2556327.1533746473
2023,00,23060,Fort Wayne MSA,AgriNovus,6799.625590345455,14152.536702297111
2020,00,29200,Lafayette-West Lafayette MSA,AgriNovus,5880.893140576805,15753.17061884113
2023,00,31140,Louisville/Jefferson County MSA,AgriNovus,26664.574927984217,57842.564567472786
2021,00,21140,Elkhart-Goshen MSA,BioCrossroads,812.7467118548753,861.9169493656688
2022,00,34620,Muncie MSA,Conexus,4861.900866190956,18729.225544541063
2021,00,17140,Cincinnati MSA,TechPoint,26394.64264180587,57058.38056517704
2020,00,21780,Evansville MSA,TechPoint,2150.5008168501,4517.428275144703
2022,00,18020,Columbus MSA,TechPoint,497.56352068402805,1471.432912868292
2020,00,18020,Columbus MSA,TechPoint,586.27094345856,1859.388276181959
2024,18,00000,Indiana,TechPoint,75375.64841643175,137962.24700231064
2020,00,23060,Fort Wayne MSA,Finance,18682.421016760498,10901.4623802609
2023,00,16980,Chicago-Naperville-Elgin MSA,Finance,373585.59616780496,334125.1221839897
2021,00,14020,Bloomington MSA,Healthcare,18649.190759992573,4699.512782314051
2023,00,21780,Evansville MSA,Advanced and Traded Industries,42533.754396775395,79358.94051780156
2022,00,18020,Columbus MSA,Advanced and Traded Industries,23637.887369580185,50835.519416258474
2023,00,16980,Chicago-Naperville-Elgin MSA,Advanced and Traded Industries,1682590.93635119,2570936.78134949
2020,00,23060,Fort Wayne MSA,AgriNovus,5762.122977998418,13701.343235596418
2021,00,18020,Columbus MSA,BioCrossroads,470.69691493803646,685.3868378360195
2020,00,34620,Muncie MSA,Conexus,4422.390887781525,18170.264766426557
2022,00,29200,Lafayette-West Lafayette MSA,Conexus,27121.34724260464,76844.12233541696
2024,18,00000,Indiana,Finance,215912.5718054633,123808.41744892
2024,00,21140,Elkhart-Goshen MSA,Finance,3638.97913344339,1983.274840090797
2021,00,16980,Chicago-Naperville-Elgin MSA,Healthcare,1012546.1761800298,293220.36940284004
2024,00,33140,Michigan City-La Porte MSA,Healthcare,11331.740887349584,2179.4304845702823
2021,00,26900,Indianapolis-Carmel-Greenwood MSA,Healthcare,285835.41783972905,71669.2531356114
2022,00,29020,Kokomo MSA,Advanced and Traded Industries,10864.273450890692,25497.446487103025
2020,0,00000,United States,AgriNovus,6315672.904723147,13181821.939382298
2022,00,26900,Indianapolis-Carmel-Greenwood MSA,BioCrossroads,41810.36600865066,46637.901544405926
2022,00,18020,Columbus MSA,BioCrossroads,552.2599340897757,750.6766994388888
2020,00,21780,Evansville MSA,Conexus,28490.625776073528,82566.97832738169
2021,00,18020,Columbus MSA,Conexus,24355.822724339694,58837.11928553414
2021,00,29200,Lafayette-West Lafayette MSA,Conexus,25427.08437098079,73925.13895940462
2023,00,33140,Michigan City-La Porte MSA,TechPoint,716.9916239762132,721.623349203132
2023,00,21140,Elkhart-Goshen MSA,Finance,3592.111923397277,1926.2328197947802
2022,00,33140,Michigan City-La Porte MSA,Finance,1866.9623538680312,646.6903620784799
2020,00,33140,Michigan City-La Porte MSA,Finance,1962.0475921168586,603.03781524252
2022,00,29020,Kokomo MSA,Healthcare,10022.60290794525,1948.1086224655473
2022,00,33140,Michigan City-La Porte MSA,Healthcare,10956.519776820485,2166.984571202748
2020,00,14020,Bloomington MSA,Advanced and Traded Industries,21610.33873540743,26240.863635192793
2020,00,33140,Michigan City-La Porte MSA,AgriNovus,2441.1686180159845,4863.631096405636
2021,00,16980,Chicago-Naperville-Elgin MSA,BioCrossroads,108381.02415815502,118785.43390015313
2023,00,34620,Muncie MSA,Conexus,5161.922702886081,19362.70647032666
2022,00,26900,Indianapolis-Carmel-Greenwood MSA,TechPoint,35039.803210005375,64694.2449438222
2022,00,18020,Columbus MSA,Finance,2203.219159635525,999.7788915226199
2024,0,00000,United States,Healthcare,38591334.17356379,11466860.223327601
2024,00,31140,Louisville/Jefferson County MSA,Advanced and Traded Industries,285901.32635598996,470317.04460282566
2023,00,31140,Louisville/Jefferson County MSA,Advanced and Traded Industries,287759.4493900719,474017.97835722653
2022,00,29020,Kokomo MSA,AgriNovus,656.3564739401198,1789.3947819007717
2023,00,29020,Kokomo MSA,AgriNovus,694.823942814116,1834.6719062744799
2024,00,29200,Lafayette-West Lafayette MSA,AgriNovus,6339.039057095143,14928.309248758522
2020,00,14020,Bloomington MSA,BioCrossroads,12092.107993290432,10848.238326251
2023,00,21780,Evansville MSA,Conexus,31900.37726194312,85791.20199164879
2023,00,18020,Columbus MSA,TechPoint,480.9133816663829,1539.623384907303
2020,00,14020,Bloomington MSA,TechPoint,913.54664559264,2171.1628599997985
2023,0,00000,United States,Finance,11801143.28843481,8393823.018077152
2021,00,23060,Fort Wayne MSA,Finance,18355.83161229933,10908.547264560728
2022,00,43780,South Bend-Mishawaka MSA,Healthcare,40724.962743408876,9233.24555937381
2020,18,00000,Indiana,Healthcare,814609.9080712651,182986.65257647526
2022,00,23060,Fort Wayne MSA,Advanced and Traded Industries,79049.19596559666,148473.47101131608
2024,0,00000,United States,Advanced and Traded Industries,50219138.456494205,79105993.57656862
2022,18,00000,Indiana,Advanced and Traded Industries,1186553.3984107645,2135082.0107349986
2022,18,00000,Indiana,AgriNovus,128847.76597205,278692.3773129439
2024,00,21780,Evansville MSA,BioCrossroads,1929.2706910650825,3119.091399374171
2023,00,17140,Cincinnati MSA,BioCrossroads,21649.189047315554,22063.82127857352
2020,00,16980,Chicago-Naperville-Elgin MSA,Conexus,995738.7441264854,2133112.7495003785
2024,00,14020,Bloomington MSA,TechPoint,989.6117920599871,2124.570205700373
2021,00,16980,Chicago-Naperville-Elgin MSA,TechPoint,147657.66257274512,278592.28355499014
2023,00,26900,Indianapolis-Carmel-Greenwood MSA,TechPoint,34861.31883580533,64818.68618675882
2024,00,43780,South Bend-Mishawaka MSA,TechPoint,3980.2503125955186,5334.759526333936
2023,00,34620,Muncie MSA,Healthcare,17765.850967846785,4415.15363522697
2020,00,14020,Bloomington MSA,Healthcare,19072.468593632067,4704.65713573416
2024,00,21140,Elkhart-Goshen MSA,Advanced and Traded Industries,73550.99185074688,157455.4665841747
2023,00,14020,Bloomington MSA,AgriNovus,1595.9009940387236,3477.4838641587917
2023,00,43780,South Bend-Mishawaka MSA,BioCrossroads,2145.6592364067037,2567.4466097920367
2024,00,29020,Kokomo MSA,BioCrossroads,177.8666894625457,93.86249660283055
2021,00,43780,South Bend-Mishawaka MSA,Conexus,28535.569594641638,71882.34929360352
2020,00,18020,Columbus MSA,Conexus,24317.71897443895,59018.22886581056
2020,00,31140,Louisville/Jefferson County MSA,Conexus,195820.9339831155,461921.2030516586
2020,00,43780,South Bend-Mishawaka MSA,TechPoint,2564.965907729946,3859.4799163944813
2023,00,31140,Louisville/Jefferson County MSA,Finance,71146.07528284904,43980.93441681444
2023,0,00000,United States,Healthcare,37167909.904890284,10985488.84401048
2023,18,00000,Indiana,Healthcare,862974.989920713,197512.3607215683
2021,0,00000,United States,Healthcare,35217064.875897,10303853.721856799
2024,00,23060,Fort Wayne MSA,AgriNovus,6846.385880645303,14536.246460453172
2021,00,16980,Chicago-Naperville-Elgin MSA,AgriNovus,170272.39075699289,286512.4085677941
2024,00,16980,Chicago-Naperville-Elgin MSA,AgriNovus,198645.1442948967,322600.08397335967
2023,00,33140,Michigan City-La Porte MSA,BioCrossroads,565.4967180103839,408.25290713537504
2023,00,14020,Bloomington MSA,BioCrossroads,14486.21580113075,14290.616117951853
2024,00,34620,Muncie MSA,BioCrossroads,172.0698048171493,151.82081678207658
2024,0,00000,United States,Conexus,29802191.411675103,67911129.01002388
2022,00,16980,Chicago-Naperville-Elgin MSA,Conexus,1071029.6225395435,2206179.6559546944
2023,0,00000,United States,Conexus,29967131.672986884,68298091.76985425
2024,00,45460,Terre Haute MSA,Finance,3310.3208711967927,1475.1397031028362
2021,00,29020,Kokomo MSA,Finance,1975.3345897619608,874.180047334971
2020,00,29020,Kokomo MSA,Healthcare,9863.829402785284,1877.0762263556162
2022,00,45460,Terre Haute MSA,Advanced and Traded Industries,14343.068003302657,33910.00167272216
2024,0,00000,United States,AgriNovus,7134835.666745648,14025423.007168079
2021,00,23060,Fort Wayne MSA,AgriNovus,6035.328270703542,13672.75346209452
2022,00,14020,Bloomington MSA,AgriNovus,1682.5148916525955,3479.1930054655886
2020,00,26900,Indianapolis-Carmel-Greenwood MSA,Conexus,252765.24696552544,554544.3269392307
2021,00,14020,Bloomington MSA,TechPoint,966.1066576112221,2178.918762518542
2022,00,21780,Evansville MSA,Finance,7509.272482592282,4089.0136824397828
2021,00,14020,Bloomington MSA,Finance,3336.0768729069546,2002.170366621411
2024,00,23060,Fort Wayne MSA,Healthcare,82554.67161079081,19209.703792977416
2021,00,29020,Kokomo MSA,Advanced and Traded Industries,11296.97123402769,27106.955059306485
2024,00,17140,Cincinnati MSA,BioCrossroads,21426.415112958657,22288.581635643048
2022,00,31140,Louisville/Jefferson County MSA,Conexus,219240.1255827806,493866.02828698815
2024,00,34620,Muncie MSA,TechPoint,1342.70114575014,1427.5589465769451
2022,00,45460,Terre Haute MSA,Finance,3430.846172776942,1411.057310455275
2023,18,00000,Indiana,Advanced and Traded Industries,1198435.1231531606,2134628.417443989
2022,00,31140,Louisville/Jefferson County MSA,AgriNovus,25585.836079521094,55078.7724273253
2020,00,21780,Evansville MSA,AgriNovus,5439.497242597172,13344.131693748453
2023,18,00000,Indiana,AgriNovus,133410.90244715023,284119.54976606404
2023,00,17140,Cincinnati MSA,AgriNovus,42322.0411534199,86717.74264848934
2022,00,21140,Elkhart-Goshen MSA,AgriNovus,3812.129173890389,6008.863897518417
2024,00,45460,Terre Haute MSA,Healthcare,22006.24903194039,5015.973626426182
2023,00,21140,Elkhart-Goshen MSA,BioCrossroads,769.4638323257557,779.0614741032524
2024,00,14020,Bloomington MSA,BioCrossroads,13160.236692885326,13126.50659382754
2020,18,00000,Indiana,Conexus,903683.1170798613,2188024.849049748
2023,00,21780,Evansville MSA,TechPoint,1922.249794583334,3971.6456783333483
2024,00,45460,Terre Haute MSA,TechPoint,556.406140777731,1385.8502338840053
2022,00,26900,Indianapolis-Carmel-Greenwood MSA,Finance,98159.42801744296,61069.27260177631
2023,00,33140,Michigan City-La Porte MSA,Healthcare,11234.20368540732,2194.0293044848527
2021,00,43780,South Bend-Mishawaka MSA,Healthcare,40180.01298560119,8916.434449679158
2023,00,45460,Terre Haute MSA,Advanced and Traded Industries,14627.53131981045,34520.079599153265
2020,00,31140,Louisville/Jefferson County MSA,Advanced and Traded Industries,269609.84477635747,444995.4031130945
2020,0,00000,United States,Advanced and Traded Industries,45136460.41295401,73217355.01483382
2021,00,33140,Michigan City-La Porte MSA,AgriNovus,3047.7863272542,5747.650110467652
2020,00,16980,Chicago-Naperville-Elgin MSA,BioCrossroads,105613.17972828721,116456.98989092959
2020,00,21780,Evansville MSA,BioCrossroads,1521.0761673593597,2796.6652609049224
2023,00,29020,Kokomo MSA,BioCrossroads,178.31714319382144,94.70088405528456
2020,00,26900,Indianapolis-Carmel-Greenwood MSA,Finance,95871.24038233396,59654.5479872199
2023,00,21140,Elkhart-Goshen MSA,Healthcare,20987.42249400075,4771.385311130996
2022,00,26900,Indianapolis-Carmel-Greenwood MSA,Advanced and Traded Industries,413140.8363644542,631690.8452183405
2024,00,21780,Evansville MSA,AgriNovus,5521.0264431851365,12341.543586404976
2024,00,34620,Muncie MSA,Conexus,5253.128120168245,19521.892134594178
2023,00,17140,Cincinnati MSA,TechPoint,26596.157453252483,55934.120190363734
2020,00,33140,Michigan City-La Porte MSA,TechPoint,810.774368756652,768.0208865529751
2020,00,31140,Louisville/Jefferson County MSA,Finance,75891.8277429533,46131.100689028484
2020,0,00000,United States,Finance,11510612.26799435,7972908.28913696
2021,00,17140,Cincinnati MSA,Advanced and Traded Industries,417900.54054551164,677730.1453356798
2021,00,34620,Muncie MSA,AgriNovus,558.3345865265321,1530.5901041113473
2020,00,33140,Michigan City-La Porte MSA,Conexus,13291.241850114944,29279.059487235485
2024,00,34620,Muncie MSA,Finance,3527.411954507814,1496.975474321091
2023,00,29200,Lafayette-West Lafayette MSA,Healthcare,25254.579569726215,5293.172925634408
2021,00,17140,Cincinnati MSA,Healthcare,297371.65439305536,74401.06669220765
2020,00,23060,Fort Wayne MSA,Healthcare,75914.13975009599,17101.54061764398
2020,00,18020,Columbus MSA,Advanced and Traded Industries,23020.96081261908,49414.58920879517
2023,00,45460,Terre Haute MSA,AgriNovus,1515.205849985716,5379.136808792768
2024,00,31140,Louisville/Jefferson County MSA,AgriNovus,26006.44573039603,57550.66631122455
2024,00,45460,Terre Haute MSA,Conexus,12203.75541872317,43007.305087392466
2024,00,29200,Lafayette-West Lafayette MSA,Conexus,28849.598208912597,80685.72813236965
2021,00,17140,Cincinnati MSA,Finance,96909.41785676208,71306.30796798696
2021,00,23060,Fort Wayne MSA,Healthcare,76311.73205722799,17273.289388625064
2024,00,16980,Chicago-Naperville-Elgin MSA,Healthcare,1122650.4742231558,324400.9363459499
2020,00,34620,Muncie MSA,Advanced and Traded Industries,9309.90416166086,17989.520844510942
2024,00,33140,Michigan City-La Porte MSA,Conexus,14866.615237969065,32199.180548359298
2020,00,29200,Lafayette-West Lafayette MSA,Conexus,23233.878448640357,72137.03307494872
2022,00,21780,Evansville MSA,TechPoint,1976.2502153785922,4129.245614405067
2023,0,00000,United States,TechPoint,6479319.521903848,11997868.651430666
2021,00,18020,Columbus MSA,TechPoint,522.417054639795,1542.55441833063
2024,00,16980,Chicago-Naperville-Elgin MSA,Finance,368149.03428735834,332900.660557283
2022,00,33140,Michigan City-La Porte MSA,Advanced and Traded Industries,13881.706280535245,24956.04893851997
2020,00,26900,Indianapolis-Carmel-Greenwood MSA,BioCrossroads,36949.110802088086,41484.38632856294
2020,00,18020,Columbus MSA,BioCrossroads,420.6758100481575,667.2882088675414
2021,00,33140,Michigan City-La Porte MSA,Conexus,13595.1620957892,29927.876499365862
2021,0,00000,United States,Conexus,27868099.29516397,65270499.41514513
2021,18,00000,Indiana,Conexus,953962.5896404911,2269021.241623334
2020,00,16980,Chicago-Naperville-Elgin MSA,TechPoint,147828.53429908233,286621.4407342336
2023,00,29020,Kokomo MSA,TechPoint,241.894320641043,517.649823280206
2024,00,14020,Bloomington MSA,Finance,3070.2286480198864,1924.49656910979
2022,00,16980,Chicago-Naperville-Elgin MSA,Finance,375016.65065905394,331164.6631952147
2020,00,18020,Columbus MSA,Finance,2182.2528112256705,951.449494105416
2023,00,26900,Indianapolis-Carmel-Greenwood MSA,Healthcare,305434.146723321,76417.64130610439
2022,00,26900,Indianapolis-Carmel-Greenwood MSA,Healthcare,293438.42131127394,73545.2372615268
2023,00,18020,Columbus MSA,Advanced and Traded Industries,24103.65572030541,51662.947150404405
2023,0,00000,United States,Advanced and Traded Industries,50245544.084512495,79227084.33042309
2024,00,33140,Michigan City-La Porte MSA,AgriNovus,3489.277673972696,6199.858774090426
2022,00,16980,Chicago-Naperville-Elgin MSA,TechPoint,157645.7838885977,279179.0551293693
2021,00,43780,South Bend-Mishawaka MSA,TechPoint,2858.7832168349705,4097.928174451644
2022,18,00000,Indiana,TechPoint,74894.37042287631,137330.74502416505
2021,00,21780,Evansville MSA,Finance,7032.47232677983,3718.2207389827863
2023,00,14020,Bloomington MSA,Healthcare,19940.35703615028,5121.256470959056
2022,00,34620,Muncie MSA,Healthcare,17802.267878507813,4536.577664407431
2021,0,00000,United States,Advanced and Traded Industries,46901133.819361776,75124349.00131519
2023,00,16980,Chicago-Naperville-Elgin MSA,AgriNovus,189998.42931484056,310860.0676086967
2024,00,16980,Chicago-Naperville-Elgin MSA,BioCrossroads,109499.30354807437,121252.60601347274
2020,00,45460,Terre Haute MSA,Conexus,10408.114746962932,38452.47445624019
2024,00,29020,Kokomo MSA,Finance,1786.270929679095,809.0980423886101
2020,00,17140,Cincinnati MSA,Healthcare,292984.83957286674,72551.9658225735
2021,00,45460,Terre Haute MSA,Healthcare,22115.380755435155,4765.027107241409
2021,00,29200,Lafayette-West Lafayette MSA,Healthcare,25208.107576653747,5354.6731366371005
2020,00,45460,Terre Haute MSA,Advanced and Traded Industries,13665.109802362345,31757.451292962738
2022,00,23060,Fort Wayne MSA,AgriNovus,6550.537547971324,13961.974243677889
2022,00,43780,South Bend-Mishawaka MSA,AgriNovus,3254.1680745909152,6819.80497885396
2022,18,00000,Indiana,BioCrossroads,92734.50191039474,113009.12594857953
2021,0,00000,United States,BioCrossroads,3180725.905591005,3885263.471882559
2020,00,14020,Bloomington MSA,Conexus,20059.82594748111,27179.415636589896
2023,00,18020,Columbus MSA,Finance,2182.407908959536,1007.5986654691499
2021,0,00000,United States,Finance,11549448.35550685,8099226.802923603
2020,00,18020,Columbus MSA,Healthcare,7848.028550786814,1356.9037591693889
2021,00,29200,Lafayette-West Lafayette MSA,Advanced and Traded Industries,26613.5761968185,61909.66794874213
2024,00,45460,Terre Haute MSA,AgriNovus,1622.8971387485958,5688.063729024447
2021,00,29020,Kokomo MSA,AgriNovus,767.6656168006119,1723.3009367712161
2021,00,34620,Muncie MSA,BioCrossroads,189.18269238954832,130.22463966658069
2024,00,31140,Louisville/Jefferson County MSA,BioCrossroads,9374.290149329572,9378.05062210791
2024,0,00000,United States,Finance,11786808.747210028,8428175.80788507
2021,00,31140,Louisville/Jefferson County MSA,Healthcare,175404.76630073373,42771.92533976591
2022,00,21780,Evansville MSA,AgriNovus,5761.759893285776,13114.754756157097
2020,00,21140,Elkhart-Goshen MSA,AgriNovus,3497.0313084253585,6055.303054860679
2021,18,00000,Indiana,AgriNovus,120143.52014398456,268977.02449906006
2023,00,18020,Columbus MSA,BioCrossroads,611.0010692173702,732.0206837876822
2020,00,43780,South Bend-Mishawaka MSA,Conexus,28402.876920918407,71415.89469850343
2020,00,21140,Elkhart-Goshen MSA,Finance,3770.3765535078687,1842.47233366041
2023,00,43780,South Bend-Mishawaka MSA,Healthcare,43467.926460763185,10187.27382126612
2020,00,33140,Michigan City-La Porte MSA,Healthcare,10920.46485104427,2113.5612302921995
2022,00,31140,Louisville/Jefferson County MSA,Advanced and Traded Industries,290052.69382853527,472658.6167029094
2020,00,21140,Elkhart-Goshen MSA,Advanced and Traded Industries,70947.28209980199,157213.7012092298
2023,00,14020,Bloomington MSA,Advanced and Traded Industries,24564.97946285673,30150.917924744066
2022,00,45460,Terre Haute MSA,AgriNovus,1536.0294712715443,5075.4374637768815
2024,00,21140,Elkhart-Goshen MSA,AgriNovus,4460.948346632152,6624.559913375935
2021,00,14020,Bloomington MSA,BioCrossroads,13998.986380134002,13063.688821453981
2022,00,33140,Michigan City-La Porte MSA,BioCrossroads,579.170348115256,395.67311006333136
2022,00,17140,Cincinnati MSA,Finance,93312.55618505552,68614.14246940572
2023,00,23060,Fort Wayne MSA,Finance,18208.622210693225,10820.71197125653
2020,00,34620,Muncie MSA,Finance,3263.9937263193774,1544.2191629103688
2022,00,21140,Elkhart-Goshen MSA,Advanced and Traded Industries,88400.64492416508,186930.8447807139
2020,00,21140,Elkhart-Goshen MSA,Conexus,84436.7665369091,197742.50305059107
2024,00,29020,Kokomo MSA,TechPoint,250.76059287141294,567.682992706914
2022,00,14020,Bloomington MSA,Finance,3095.5370894264406,1924.665342146076
2024,00,31140,Louisville/Jefferson County MSA,Healthcare,192586.7848767007,49684.27523597219
2021,00,23060,Fort Wayne MSA,Advanced and Traded Industries,74709.92851664835,140629.08105652718
2020,00,14020,Bloomington MSA,AgriNovus,1423.479899287721,3126.13312227213
2022,00,45460,Terre Haute MSA,BioCrossroads,912.3894290906668,892.2875657429475
2020,00,33140,Michigan City-La Porte MSA,BioCrossroads,455.17420022932015,340.65005786621424
2022,00,31140,Louisville/Jefferson County MSA,TechPoint,20081.071773621552,36108.01159701699
2020,00,45460,Terre Haute MSA,TechPoint,481.18108261773006,1165.97573684742
2022,00,21140,Elkhart-Goshen MSA,TechPoint,1561.147917323505,1731.706934729733
2021,18,00000,Indiana,Finance,209525.536639205,115745.5572898001
2021,00,18020,Columbus MSA,Healthcare,8138.222338976449,1432.2920526398698
2023,00,43780,South Bend-Mishawaka MSA,Advanced and Traded Industries,39262.29414086103,67746.30004188542
2020,00,33140,Michigan City-La Porte MSA,Advanced and Traded Industries,12880.900786943866,23365.832471809186
2020,00,29020,Kokomo MSA,Advanced and Traded Industries,12117.415932502288,29404.89872766134
2024,00,17140,Cincinnati MSA,AgriNovus,44855.86693179114,89806.54120532687
2021,00,29200,Lafayette-West Lafayette MSA,AgriNovus,5870.907272310576,14943.78488578576
2024,00,29020,Kokomo MSA,AgriNovus,763.095791076684,1852.72626771872
2022,00,29020,Kokomo MSA,TechPoint,194.145745173792,460.13575810463044
2022,00,34620,Muncie MSA,TechPoint,1484.638050700752,1597.6882577459996
2024,00,31140,Louisville/Jefferson County MSA,Finance,69413.523093038,42755.66475847011
2023,00,23060,Fort Wayne MSA,Healthcare,80827.613052579,18608.76243017715
2021,00,26900,Indianapolis-Carmel-Greenwood MSA,Advanced and Traded Industries,384742.3860682183,601149.6918018319
2022,00,29020,Kokomo MSA,BioCrossroads,193.00457898885838,114.4023152257839
2020,00,17140,Cincinnati MSA,Conexus,235853.68119655753,604536.3161454265
2023,00,14020,Bloomington MSA,Conexus,24067.037920027204,32457.27711923083
2023,00,31140,Louisville/Jefferson County MSA,TechPoint,19049.434679950442,35323.70126554385
2022,00,34620,Muncie MSA,Finance,2768.2363095321416,1320.192080573766
2022,0,00000,United States,Healthcare,35719808.551079415,10519222.252340697
2024,00,17140,Cincinnati MSA,Healthcare,315143.81066257233,79958.1302059212
2023,00,29200,Lafayette-West Lafayette MSA,Advanced and Traded Industries,29914.916945061155,67283.03060235025
2023,00,18020,Columbus MSA,AgriNovus,1142.440056949416,2338.0066357366322
2022,0,00000,United States,BioCrossroads,3396283.5806138627,4079340.7820801977
2021,00,29020,Kokomo MSA,BioCrossroads,193.2837265434444,154.9963509437405
2020,0,00000,United States,BioCrossroads,2990330.072361265,3721772.543421315
2021,00,14020,Bloomington MSA,Conexus,22942.84687597272,30276.798554782657
2024,00,31140,Louisville/Jefferson County MSA,Conexus,217503.7156773283,495040.34261282545
2021,00,43780,South Bend-Mishawaka MSA,Finance,8376.297769693194,4183.232842350044
2022,00,17140,Cincinnati MSA,Healthcare,298028.4031641787,75321.3312937854
2020,00,16980,Chicago-Naperville-Elgin MSA,Healthcare,1009219.9067606552,288096.85969528503
2024,00,29200,Lafayette-West Lafayette MSA,Healthcare,25421.679206837733,5372.609618832478
2020,00,23060,Fort Wayne MSA,Advanced and Traded Industries,72033.85047333871,135055.33390735564
2023,00,26900,Indianapolis-Carmel-Greenwood MSA,Advanced and Traded Industries,424852.7726936565,641833.4652887908
2023,00,34620,Muncie MSA,TechPoint,1409.92549998024,1482.5008442427602
2024,00,31140,Louisville/Jefferson County MSA,TechPoint,19200.763458573358,33269.37791088583
2020,00,45460,Terre Haute MSA,Finance,3614.681694786182,1507.8983669683232
2020,00,17140,Cincinnati MSA,Finance,98879.02190949355,71240.10254976127
2024,00,23060,Fort Wayne MSA,Finance,17948.219452723937,10740.523790783236
2023,00,21780,Evansville MSA,Healthcare,48727.41365305692,10311.322598011602
2020,0,00000,United States,Healthcare,34663765.5917472,10004068.238309039
2021,00,14020,Bloomington MSA,Advanced and Traded Industries,23788.473946077243,28466.9247648668
2024,00,45460,Terre Haute MSA,BioCrossroads,751.355130415582,916.4871413492459
2022,0,00000,United States,TechPoint,6449495.46750135,11999686.34889321
2021,00,18020,Columbus MSA,Finance,2179.1826495440264,983.275880420253
2024,00,26900,Indianapolis-Carmel-Greenwood MSA,Healthcare,314734.24600643397,79517.54151579388
2020,00,21780,Evansville MSA,Healthcare,48809.22417662021,9955.46310997368
2022,00,21140,Elkhart-Goshen MSA,Healthcare,20845.62431396908,4705.219784430807
2020,00,21780,Evansville MSA,Advanced and Traded Industries,38927.607697827116,75786.15556003843
2022,00,34620,Muncie MSA,Advanced and Traded Industries,9499.985754498475,18123.849984160945
2021,00,45460,Terre Haute MSA,BioCrossroads,1003.4556326577238,974.7499494466731
2023,18,00000,Indiana,BioCrossroads,94394.71130403399,116384.45683315907
2024,18,00000,Indiana,Conexus,1008579.0161047915,2325123.390809735
2024,00,33140,Michigan City-La Porte MSA,Finance,1907.7860842477164,730.010637393552
2024,00,18020,Columbus MSA,Advanced and Traded Industries,24026.428248121512,50952.145944359254
2020,00,43780,South Bend-Mishawaka MSA,Advanced and Traded Industries,41436.49448436716,66733.37485309655
2022,00,33140,Michigan City-La Porte MSA,AgriNovus,3462.595822633448,6186.353281067717
2024,00,14020,Bloomington MSA,Conexus,22056.07175448723,30624.7723736399
2024,00,23060,Fort Wayne MSA,Conexus,68177.33722887815,166555.4396484301
2024,00,21780,Evansville MSA,TechPoint,2439.853824122382,4820.97817423661
2023,00,29200,Lafayette-West Lafayette MSA,Finance,4013.9778034239985,2119.616863051662
2024,00,43780,South Bend-Mishawaka MSA,Finance,8245.310982583358,4369.499754238498
2024,18,00000,Indiana,Advanced and Traded Industries,1195034.3472406443,2127463.808454404
2021,00,21780,Evansville MSA,Advanced and Traded Industries,40241.39770885547,76987.20285535861
2023,00,26900,Indianapolis-Carmel-Greenwood MSA,AgriNovus,33407.52647352854,70993.24594289786
2022,00,34620,Muncie MSA,AgriNovus,613.7116913342784,1804.7746644892304
2023,00,23060,Fort Wayne MSA,BioCrossroads,2122.7607098999792,3591.2506536108194
2022,0,00000,United States,Conexus,29683137.298503235,67930337.52877048
2023,00,29020,Kokomo MSA,Conexus,11058.221548976475,32695.01375826134
2022,00,33140,Michigan City-La Porte MSA,Conexus,14514.257839415222,30978.43617981935
2020,0,00000,United States,Conexus,26548296.284445792,63749789.67909502
2023,00,43780,South Bend-Mishawaka MSA,Finance,8175.695231543246,4350.209799742697
2021,00,29200,Lafayette-West Lafayette MSA,Finance,3938.460659322764,1982.5990948049007
2021,00,21780,Evansville MSA,Healthcare,48919.34727725873,10002.360371326078
2024,00,21140,Elkhart-Goshen MSA,Healthcare,21176.587123177713,4852.907613117871
2021,00,34620,Muncie MSA,Advanced and Traded Industries,9424.03843921669,18023.68541219944
2023,00,34620,Muncie MSA,Advanced and Traded Industries,9713.226130581956,18620.13252468894
2021,00,21140,Elkhart-Goshen MSA,AgriNovus,3537.38034474124,5595.630010935099
2020,00,26900,Indianapolis-Carmel-Greenwood MSA,AgriNovus,28953.48920667196,65103.84762492553
2022,00,43780,South Bend-Mishawaka MSA,BioCrossroads,2374.9258059255353,2577.4593383063434
2021,00,31140,Louisville/Jefferson County MSA,TechPoint,18415.44875095666,34400.585479879286
2024,00,17140,Cincinnati MSA,Finance,91817.7229372116,67555.15785259094
2021,0,00000,United States,AgriNovus,6526119.087656939,13325141.403072666
2023,00,45460,Terre Haute MSA,BioCrossroads,819.2953980351932,846.3016529956047
2023,00,33140,Michigan City-La Porte MSA,Conexus,15129.194539512251,32338.271388395187
2021,00,23060,Fort Wayne MSA,Conexus,61902.11735968687,157400.98756718027
2023,00,17140,Cincinnati MSA,Conexus,271517.02643903904,643860.3669502474
2021,00,31140,Louisville/Jefferson County MSA,Conexus,204395.32965573398,475187.80250414426
2023,00,21140,Elkhart-Goshen MSA,TechPoint,1436.5184579866018,1885.9147448858157
2020,00,29020,Kokomo MSA,Finance,1992.6773484353973,892.0371957622499
2024,00,34620,Muncie MSA,Advanced and Traded Industries,9921.382067127513,18680.27412196783
2022,0,00000,United States,AgriNovus,6878828.114154943,13748967.940427948
2020,00,43780,South Bend-Mishawaka MSA,AgriNovus,2905.5254209911855,6775.501169134094
2020,00,17140,Cincinnati MSA,BioCrossroads,18294.514525968254,19001.296555110926
2023,00,34620,Muncie MSA,BioCrossroads,166.66069144642074,145.06936777907583
2021,00,26900,Indianapolis-Carmel-Greenwood MSA,BioCrossroads,39561.5709895858,43808.62794090974
2023,00,43780,South Bend-Mishawaka MSA,Conexus,28840.629233752443,71903.5006947461
2020,00,23060,Fort Wayne MSA,TechPoint,5610.198099626288,11505.6707209088
2023,00,45460,Terre Haute MSA,TechPoint,527.1467451014311,1314.3921206574903
2022,00,14020,Bloomington MSA,TechPoint,1028.7206782584599,2110.913674831089
2020,00,31140,Louisville/Jefferson County MSA,TechPoint,18193.745241730765,33662.04441955646
2023,18,00000,Indiana,Finance,215444.0198757852,122347.72468941838
2022,00,21140,Elkhart-Goshen MSA,Finance,3536.2986097528565,1877.2513675497244
2021,00,21140,Elkhart-Goshen MSA,Healthcare,21228.18331526949,4781.680040982732
2022,00,16980,Chicago-Naperville-Elgin MSA,Healthcare,1020361.6625314676,294806.7601219381
2021,00,17140,Cincinnati MSA,AgriNovus,36896.661798900604,77180.66427795634
2024,18,00000,Indiana,AgriNovus,133749.63492015188,286568.27166801575
2021,00,29200,Lafayette-West Lafayette MSA,BioCrossroads,2450.022628648085,4296.721595976772
2022,00,14020,Bloomington MSA,BioCrossroads,16007.370600376164,15544.00503661625
2023,00,29200,Lafayette-West Lafayette MSA,Conexus,29325.89862977232,80251.21930059999
2024,00,26900,Indianapolis-Carmel-Greenwood MSA,TechPoint,33913.90187726614,63069.19593464301
2024,00,18020,Columbus MSA,TechPoint,491.41462910935803,1518.509938105917
2021,00,33140,Michigan City-La Porte MSA,Healthcare,10912.606554082402,2123.0444297164595
2020,18,00000,Indiana,Advanced and Traded Industries,1073036.3956538837,1974213.8426455748
2024,00,34620,Muncie MSA,AgriNovus,661.060839816859,1511.4242494396603
2021,00,43780,South Bend-Mishawaka MSA,BioCrossroads,2437.731910212628,2457.4760988483936
2024,00,29200,Lafayette-West Lafayette MSA,BioCrossroads,2481.3825256011596,4972.936980740766
2022,00,45460,Terre Haute MSA,Conexus,11854.060327127974,41604.531049341786
2021,00,33140,Michigan City-La Porte MSA,Finance,1916.3323857123153,618.7841440298821
2024,00,29020,Kokomo MSA,Healthcare,10266.814498495392,2074.318512594255
2024,00,33140,Michigan City-La Porte MSA,BioCrossroads,473.54539062881025,343.2667551041948
2022,00,21780,Evansville MSA,Conexus,32231.706025816577,86563.44913749903
2022,00,29020,Kokomo MSA,Conexus,10865.344441410365,32044.102484040006
2021,00,29020,Kokomo MSA,Conexus,11341.812779002748,34119.08325283763
2023,00,26900,Indianapolis-Carmel-Greenwood MSA,Conexus,305563.99625657307,615494.777004537
2021,00,21780,Evansville MSA,TechPoint,2018.5453918407634,4264.052903754952
2020,00,16980,Chicago-Naperville-Elgin MSA,Advanced and Traded Industries,1580056.9098210083,2497673.079460538
2020,00,29020,Kokomo MSA,AgriNovus,773.3194430142202,1745.409102343004
2021,00,17140,Cincinnati MSA,BioCrossroads,20140.821534210798,20793.123966384872
2020,00,29020,Kokomo MSA,BioCrossroads,231.6698004874506,215.82944483930453
2021,00,45460,Terre Haute MSA,Conexus,10794.834598052901,38925.119847165464
2023,00,33140,Michigan City-La Porte MSA,Finance,1911.206867486385,702.1439448900029
2021,00,34620,Muncie MSA,Healthcare,17530.139249940876,4484.292177281186
2022,00,45460,Terre Haute MSA,Healthcare,20708.408422984558,4624.814937378918
2021,18,00000,Indiana,Healthcare,824472.298822305,186523.86937854963
2024,00,23060,Fort Wayne MSA,Advanced and Traded Industries,80122.14047334708,148663.1323657458
