statefips,metrofips,geo_area,cicp_initiative,sector,Year,jobs,wages
00,17140,Cincinnati MSA,AgriNovus,Total,2023,32259.945950496458,84745.02585975736
00,34620,Muncie MSA,AgriNovus,Total,2023,581.6151513232238,65002.335506306874
00,29200,Lafayette-West Lafayette MSA,AgriNovus,Total,2019,5265.148429367561,
0,00000,United States,Advanced and Traded Industries,Total,2020,39451271.809271194,107511.84360154471
00,23060,Fort Wayne MSA,Finance,Total,2020,9861.294465668945,92590.50765134345
00,14020,Bloomington MSA,Finance,Total,2022,1673.4008105233997,80111.32735055483
00,43780,South Bend-Mishawaka MSA,Finance,Total,2019,4287.275906365707,
00,18020,Columbus MSA,Healthcare,Total,2023,3359.310063890065,80008.00847186749
18,00000,Indiana,Healthcare,Total,2020,332532.1868819489,73465.5033014445
00,14020,Bloomington MSA,BioCrossroads,Total,2023,9592.277306361082,94378.2068546865
00,29020,Kokomo MSA,Conexus,Total,2023,10938.30882680987,123053.90851671106
00,31140,Louisville/Jefferson County MSA,TechPoint,Total,2020,17285.263220423934,97946.44955461952
00,16980,Chicago-Naperville-Elgin MSA,Finance,Total,2023,235903.57278389065,194664.96464542078
00,34620,Muncie MSA,Finance,Total,2021,1522.6004578175034,81111.4318253271
00,16980,Chicago-Naperville-Elgin MSA,Healthcare,Total,2021,435255.51519400196,81518.32074992085
00,33140,Michigan City-La Porte MSA,Healthcare,Total,2023,4476.07766329404,78492.87352212289
00,21780,Evansville MSA,Healthcare,Total,2019,20013.380655896857,
00,21140,Elkhart-Goshen MSA,AgriNovus,Total,2023,2671.6974392162924,67836.25071410449
0,00000,United States,Advanced and Traded Industries,Total,2023,43157542.80497236,121472.8507464102
18,00000,Indiana,Advanced and Traded Industries,Total,2020,1015750.0794330379,82693.00522057613
18,00000,Indiana,Finance,Total,2023,112597.24818840738,104738.16209333374
00,21140,Elkhart-Goshen MSA,Finance,Total,2022,1804.516659101175,91988.91824005051
00,16980,Chicago-Naperville-Elgin MSA,Healthcare,Total,2020,432438.92215271096,80067.87563729999
00,45460,Terre Haute MSA,BioCrossroads,Total,2022,601.5589982782766,104887.056743026
00,26900,Indianapolis-Carmel-Greenwood MSA,BioCrossroads,Total,2019,25742.512295670378,
00,34620,Muncie MSA,Conexus,Total,2020,5648.163913549812,66072.47900339567
00,33140,Michigan City-La Porte MSA,TechPoint,Total,2022,546.5328240221651,76720.0283283708
00,43780,South Bend-Mishawaka MSA,TechPoint,Total,2019,2219.9454794693534,
00,26900,Indianapolis-Carmel-Greenwood MSA,Advanced and Traded Industries,Total,2020,316699.8278435239,92980.5868994789
0,00000,United States,Advanced and Traded Industries,Total,2019,40240490.866856225,
00,21140,Elkhart-Goshen MSA,Healthcare,Total,2022,8516.94803278384,79412.32968908499
18,00000,Indiana,BioCrossroads,Total,2022,68581.20928629042,138741.08297999008
00,16980,Chicago-Naperville-Elgin MSA,Conexus,Total,2022,819302.319623635,103973.62578367264
00,34620,Muncie MSA,Conexus,Total,2022,5897.781602682927,72539.87364095003
00,17140,Cincinnati MSA,Finance,Total,2022,53975.566218162174,120459.859883212
0,00000,United States,Finance,Total,2019,6451922.27350324,
00,45460,Terre Haute MSA,Healthcare,Total,2022,8444.40778679004,76494.00978040166
00,14020,Bloomington MSA,Healthcare,Total,2022,7764.442376266761,82972.96907519182
0,00000,United States,AgriNovus,Total,2022,5156949.013644763,69585.86789342962
00,34620,Muncie MSA,BioCrossroads,Total,2019,79.84936722480248,
00,23060,Fort Wayne MSA,TechPoint,Total,2020,5705.28960684137,98432.8956502502
00,21780,Evansville MSA,TechPoint,Total,2022,2035.1652765963797,106382.1716320483
00,29200,Lafayette-West Lafayette MSA,Advanced and Traded Industries,Total,2021,29507.748048499798,78940.00653366161
00,21780,Evansville MSA,Advanced and Traded Industries,Total,2021,39076.200188074756,86182.83937879994
00,26900,Indianapolis-Carmel-Greenwood MSA,Advanced and Traded Industries,Total,2023,355562.0793275878,104861.45961123584
00,17140,Cincinnati MSA,Healthcare,Total,2022,124449.91148598523,85732.16649473316
00,17140,Cincinnati MSA,BioCrossroads,Total,2023,14571.003441958668,131231.0475599094
00,16980,Chicago-Naperville-Elgin MSA,BioCrossroads,Total,2019,73343.81758759062,
00,23060,Fort Wayne MSA,Advanced and Traded Industries,Total,2020,69029.72812688921,78180.73157170913
00,18020,Columbus MSA,Advanced and Traded Industries,Total,2021,23937.331766075713,101387.78661813261
0,00000,United States,Advanced and Traded Industries,Total,2021,40675160.94022871,114404.08957963012
00,29020,Kokomo MSA,Healthcare,Total,2020,3913.635209717441,68112.02652526798
00,31140,Louisville/Jefferson County MSA,BioCrossroads,Total,2023,6172.991271532881,136268.2185939645
00,21780,Evansville MSA,BioCrossroads,Total,2019,1413.1921057232062,
00,29200,Lafayette-West Lafayette MSA,Conexus,Total,2021,24838.05583257371,76872.63934565651
00,21140,Elkhart-Goshen MSA,Conexus,Total,2019,75123.99527131353,
00,31140,Louisville/Jefferson County MSA,Finance,Total,2021,41262.02656513741,111503.84454330546
18,00000,Indiana,Finance,Total,2022,111814.72726671977,101626.28057174997
00,29200,Lafayette-West Lafayette MSA,AgriNovus,Total,2020,5408.515939862951,71885.58313599245
00,33140,Michigan City-La Porte MSA,AgriNovus,Total,2022,2412.2372759249565,61001.678086747255
00,43780,South Bend-Mishawaka MSA,BioCrossroads,Total,2021,1631.7360030206921,100313.33354187052
00,21780,Evansville MSA,Conexus,Total,2019,29089.658698659983,
00,45460,Terre Haute MSA,Conexus,Total,2019,13052.87765685433,
00,21140,Elkhart-Goshen MSA,TechPoint,Total,2020,992.0146831674051,68708.63459773196
00,18020,Columbus MSA,TechPoint,Total,2019,810.8483814181604,
00,21140,Elkhart-Goshen MSA,TechPoint,Total,2019,1086.4059904285746,
00,29200,Lafayette-West Lafayette MSA,Advanced and Traded Industries,Total,2020,28402.34571936696,79628.23037964803
00,29020,Kokomo MSA,Advanced and Traded Industries,Total,2021,12801.308764447405,94690.96287115235
00,14020,Bloomington MSA,Finance,Total,2020,1864.3565789105821,73256.67290353788
00,29020,Kokomo MSA,Finance,Total,2023,889.587588466292,84410.55202914777
00,43780,South Bend-Mishawaka MSA,Finance,Total,2023,4175.3016770900085,102352.49635672811
00,18020,Columbus MSA,Healthcare,Total,2020,3068.3107699850484,70357.84586984801
00,14020,Bloomington MSA,BioCrossroads,Total,2022,10517.125212330819,89718.82248437247
00,21140,Elkhart-Goshen MSA,BioCrossroads,Total,2021,558.2212204056809,84449.93649986268
00,45460,Terre Haute MSA,Conexus,Total,2021,12429.988611298617,71244.76970925365
00,43780,South Bend-Mishawaka MSA,Conexus,Total,2022,25364.771665584834,79332.11297307978
00,34620,Muncie MSA,Conexus,Total,2023,6131.157293303241,75683.88611313251
0,00000,United States,TechPoint,Total,2023,6159062.724439629,184616.6575252796
00,14020,Bloomington MSA,TechPoint,Total,2022,1046.5447843626682,103608.83563001714
00,29020,Kokomo MSA,TechPoint,Total,2019,202.554440398023,
00,43780,South Bend-Mishawaka MSA,Advanced and Traded Industries,Total,2023,35669.5313942435,86663.6025535009
00,21780,Evansville MSA,Healthcare,Total,2021,19640.569216189062,77318.63770961772
00,31140,Louisville/Jefferson County MSA,Healthcare,Total,2020,70070.69378697212,79347.43274231596
00,29020,Kokomo MSA,Healthcare,Total,2021,3754.811501604493,71555.01855816685
00,23060,Fort Wayne MSA,BioCrossroads,Total,2023,1904.6704545029918,97740.62948659578
00,17140,Cincinnati MSA,BioCrossroads,Total,2021,13644.648500192106,123655.61452283249
00,21140,Elkhart-Goshen MSA,BioCrossroads,Total,2022,425.46285180331176,89664.48501417016
00,45460,Terre Haute MSA,BioCrossroads,Total,2020,617.6783501238665,99749.97734196772
18,00000,Indiana,Conexus,Total,2020,772926.991532477,78105.83000499473
00,26900,Indianapolis-Carmel-Greenwood MSA,Conexus,Total,2023,230264.69331527912,97325.34397084758
00,43780,South Bend-Mishawaka MSA,Conexus,Total,2021,25104.47972206329,76750.35279942883
00,45460,Terre Haute MSA,Advanced and Traded Industries,Total,2020,15140.853698441777,68827.89803155923
00,23060,Fort Wayne MSA,Healthcare,Total,2021,31195.007148542296,80677.56299753564
00,31140,Louisville/Jefferson County MSA,Healthcare,Total,2022,74290.3125118343,89233.81001794727
00,43780,South Bend-Mishawaka MSA,Healthcare,Total,2021,16365.482478421267,76484.74730228698
00,21780,Evansville MSA,Healthcare,Total,2022,19488.576588414708,82743.56473178446
18,00000,Indiana,Healthcare,Total,2019,338793.12741458195,
00,14020,Bloomington MSA,BioCrossroads,Total,2020,7646.782106516917,80798.82739278582
00,31140,Louisville/Jefferson County MSA,BioCrossroads,Total,2020,6230.202426299263,108060.78873742606
00,33140,Michigan City-La Porte MSA,Conexus,Total,2022,11373.173504808363,73570.53108772334
00,34620,Muncie MSA,TechPoint,Total,2020,1096.3169969308,77889.37597213146
00,14020,Bloomington MSA,TechPoint,Total,2020,1028.2365018630878,100946.01940390118
00,18020,Columbus MSA,TechPoint,Total,2020,815.219739880074,85641.25745021063
00,21780,Evansville MSA,TechPoint,Total,2023,1964.6318243069297,114063.48849839537
0,00000,United States,Finance,Total,2021,6549558.386141841,149183.77053079908
00,29200,Lafayette-West Lafayette MSA,Healthcare,Total,2020,10125.724720982951,68995.83686207069
00,29020,Kokomo MSA,Healthcare,Total,2023,3990.9981333343903,74092.95049161463
00,23060,Fort Wayne MSA,AgriNovus,Total,2021,4927.020433199293,59612.36316191913
00,21780,Evansville MSA,AgriNovus,Total,2022,4719.12866235928,81371.7750798544
00,34620,Muncie MSA,AgriNovus,Total,2022,604.621588956488,64559.46561282502
00,34620,Muncie MSA,AgriNovus,Total,2019,469.001236132309,
00,16980,Chicago-Naperville-Elgin MSA,BioCrossroads,Total,2022,76287.63035710235,185202.4124751731
00,34620,Muncie MSA,BioCrossroads,Total,2021,106.46911068538537,69265.59886417747
00,33140,Michigan City-La Porte MSA,Conexus,Total,2020,10642.575334336016,68155.63144718466
00,17140,Cincinnati MSA,Conexus,Total,2020,210097.49933559002,89945.10909946515
00,23060,Fort Wayne MSA,Finance,Total,2021,9754.792958956945,93431.3129999164
00,18020,Columbus MSA,Finance,Total,2021,1054.1528433219764,94950.16029384798
00,21140,Elkhart-Goshen MSA,Finance,Total,2019,1912.4565458892587,
00,16980,Chicago-Naperville-Elgin MSA,Healthcare,Total,2023,457139.04184883693,87868.26967811186
00,43780,South Bend-Mishawaka MSA,Healthcare,Total,2023,17885.066760683403,83446.61310394033
00,29020,Kokomo MSA,AgriNovus,Total,2021,622.7416383933239,53439.55146625537
00,18020,Columbus MSA,BioCrossroads,Total,2023,447.6739176688123,82866.64408795098
00,18020,Columbus MSA,BioCrossroads,Total,2022,434.31221117687403,83193.79426743358
00,43780,South Bend-Mishawaka MSA,BioCrossroads,Total,2020,1782.4003226466025,97736.78188465524
00,18020,Columbus MSA,BioCrossroads,Total,2020,362.6546729719107,84231.92005003511
18,00000,Indiana,BioCrossroads,Total,2019,62316.873103897655,
0,00000,United States,Finance,Total,2020,6494506.852380239,138366.45179025666
00,31140,Louisville/Jefferson County MSA,Finance,Total,2020,40674.309477380055,108144.40287841742
00,26900,Indianapolis-Carmel-Greenwood MSA,Finance,Total,2022,53076.23353974406,114277.58010619893
00,43780,South Bend-Mishawaka MSA,AgriNovus,Total,2021,2424.7267704316723,57825.96894894745
00,26900,Indianapolis-Carmel-Greenwood MSA,AgriNovus,Total,2019,24104.90714455138,
00,31140,Louisville/Jefferson County MSA,BioCrossroads,Total,2021,6381.966117091915,109604.01892513515
00,26900,Indianapolis-Carmel-Greenwood MSA,BioCrossroads,Total,2022,29482.755850976853,172102.28325353467
00,31140,Louisville/Jefferson County MSA,TechPoint,Total,2022,18729.69445688492,109282.66099631974
0,00000,United States,TechPoint,Total,2021,5767219.51489357,179305.63050739365
00,29020,Kokomo MSA,Advanced and Traded Industries,Total,2022,12120.573312675533,108299.60058628346
00,23060,Fort Wayne MSA,Advanced and Traded Industries,Total,2022,75840.88899230772,85277.49227623547
18,00000,Indiana,Advanced and Traded Industries,Total,2023,1111021.1801990152,94587.06062463432
00,17140,Cincinnati MSA,Advanced and Traded Industries,Total,2020,353933.78285643517,103094.31906532266
00,26900,Indianapolis-Carmel-Greenwood MSA,Finance,Total,2021,51702.41703006372,112727.67668335908
00,23060,Fort Wayne MSA,Healthcare,Total,2022,31813.544047666303,84642.2015244263
00,21140,Elkhart-Goshen MSA,Conexus,Total,2023,75453.04736322201,76576.20378347309
00,14020,Bloomington MSA,Conexus,Total,2020,11809.810396022342,73683.81973037898
00,26900,Indianapolis-Carmel-Greenwood MSA,Conexus,Total,2022,224302.006784626,92801.37495358844
00,16980,Chicago-Naperville-Elgin MSA,Conexus,Total,2019,806545.9299913838,
00,21780,Evansville MSA,TechPoint,Total,2019,1904.541904731954,
00,26900,Indianapolis-Carmel-Greenwood MSA,Finance,Total,2020,51841.929456493475,104686.65148792048
00,29020,Kokomo MSA,Finance,Total,2019,919.37940104587,
00,45460,Terre Haute MSA,Finance,Total,2019,1789.1757048182797,
00,17140,Cincinnati MSA,Healthcare,Total,2023,128398.8779534125,88111.65127918788
00,21780,Evansville MSA,AgriNovus,Total,2021,4743.43340914949,79427.38807547132
00,16980,Chicago-Naperville-Elgin MSA,Conexus,Total,2021,792081.2377985365,100962.50710130729
00,18020,Columbus MSA,Conexus,Total,2020,20833.98696006416,94598.78178333068
00,29200,Lafayette-West Lafayette MSA,Advanced and Traded Industries,Total,2022,30927.989673497257,85580.955891346
00,21780,Evansville MSA,Finance,Total,2020,3494.0064702858976,88377.04317161684
00,21780,Evansville MSA,Finance,Total,2023,3976.268820660477,95140.52958011799
00,31140,Louisville/Jefferson County MSA,Conexus,Total,2020,164435.534258631,80121.8339721154
00,23060,Fort Wayne MSA,Conexus,Total,2023,59410.1794293934,82574.75427232528
18,00000,Indiana,Conexus,Total,2022,842944.1826957259,86774.06225418246
0,00000,United States,TechPoint,Total,2022,6149727.272138399,174786.52827988294
00,21780,Evansville MSA,TechPoint,Total,2020,2222.64303066653,93175.7696435163
00,18020,Columbus MSA,Advanced and Traded Industries,Total,2022,24824.468928608367,108152.8381558635
00,34620,Muncie MSA,Advanced and Traded Industries,Total,2023,9444.452885087092,78912.3422252633
00,34620,Muncie MSA,Healthcare,Total,2021,7338.14380906962,77917.58801818384
00,29020,Kokomo MSA,AgriNovus,Total,2023,632.3739622719498,75744.73538586029
00,29200,Lafayette-West Lafayette MSA,BioCrossroads,Total,2020,2177.5130305654675,110188.40649140583
18,00000,Indiana,Conexus,Total,2019,807524.9600794715,
00,33140,Michigan City-La Porte MSA,TechPoint,Total,2021,523.8960083147479,148022.1347071205
00,33140,Michigan City-La Porte MSA,Finance,Total,2023,871.1169374582862,88616.80159941535
00,34620,Muncie MSA,Finance,Total,2022,1362.809463369787,73650.67243777307
00,18020,Columbus MSA,AgriNovus,Total,2020,865.2401015573001,58996.5650809476
00,21140,Elkhart-Goshen MSA,AgriNovus,Total,2021,2283.2525889187796,62381.77708189371
0,00000,United States,BioCrossroads,Total,2021,2355329.7924923324,152565.54271725198
00,26900,Indianapolis-Carmel-Greenwood MSA,BioCrossroads,Total,2021,27790.066310218597,173285.67198889382
00,21140,Elkhart-Goshen MSA,BioCrossroads,Total,2019,512.957432202396,
00,43780,South Bend-Mishawaka MSA,TechPoint,Total,2021,2318.903797095868,86404.77669485378
00,34620,Muncie MSA,TechPoint,Total,2021,1066.26937835393,81888.08359968108
00,21140,Elkhart-Goshen MSA,Advanced and Traded Industries,Total,2020,76053.66110295712,75294.52618526074
00,33140,Michigan City-La Porte MSA,Advanced and Traded Industries,Total,2022,12945.918406350784,74379.6768200556
00,26900,Indianapolis-Carmel-Greenwood MSA,Healthcare,Total,2019,117738.37742430101,
18,00000,Indiana,AgriNovus,Total,2020,95673.19086637176,63575.99358657063
00,45460,Terre Haute MSA,AgriNovus,Total,2023,1723.585664693002,67634.18959078372
00,16980,Chicago-Naperville-Elgin MSA,BioCrossroads,Total,2023,75894.15035294712,191032.0743608075
00,31140,Louisville/Jefferson County MSA,Conexus,Total,2021,169895.78303996942,82931.08839191192
0,00000,United States,TechPoint,Total,2019,5553583.06948921,
00,17140,Cincinnati MSA,Advanced and Traded Industries,Total,2021,365210.2286270165,105955.94053482605
00,21140,Elkhart-Goshen MSA,AgriNovus,Total,2019,2512.7750742735984,
00,17140,Cincinnati MSA,BioCrossroads,Total,2019,12060.787964864436,
00,29020,Kokomo MSA,Conexus,Total,2019,12828.38601302244,
00,31140,Louisville/Jefferson County MSA,Conexus,Total,2019,167240.74837002862,
00,23060,Fort Wayne MSA,TechPoint,Total,2021,5867.7535325478075,99441.03966386007
18,00000,Indiana,TechPoint,Total,2023,71244.72769906241,122757.52499261264
00,16980,Chicago-Naperville-Elgin MSA,TechPoint,Total,2019,148541.90019412895,
00,45460,Terre Haute MSA,Advanced and Traded Industries,Total,2019,16140.60971349153,
00,43780,South Bend-Mishawaka MSA,Finance,Total,2020,4173.606232230323,94522.60222923846
00,33140,Michigan City-La Porte MSA,Healthcare,Total,2022,4374.501449345279,76043.64193478334
00,34620,Muncie MSA,Healthcare,Total,2022,7446.281847645357,83338.98338669408
00,31140,Louisville/Jefferson County MSA,AgriNovus,Total,2019,18577.283536300696,
00,33140,Michigan City-La Porte MSA,BioCrossroads,Total,2021,286.9188741501545,66960.43104191871
00,21780,Evansville MSA,Conexus,Total,2022,29698.788790826206,84015.10092459532
00,23060,Fort Wayne MSA,Conexus,Total,2019,56002.109728931784,
00,29200,Lafayette-West Lafayette MSA,Conexus,Total,2019,25439.730351692448,
00,31140,Louisville/Jefferson County MSA,Finance,Total,2023,38375.66989983796,117810.79042243808
00,33140,Michigan City-La Porte MSA,Finance,Total,2021,845.0388432473188,77396.74661436037
00,16980,Chicago-Naperville-Elgin MSA,Finance,Total,2019,239472.41998996894,
00,45460,Terre Haute MSA,AgriNovus,Total,2021,1604.469633041924,62434.34279359719
00,45460,Terre Haute MSA,AgriNovus,Total,2019,1525.20729499629,
00,29020,Kokomo MSA,BioCrossroads,Total,2021,116.09335916248776,62795.63332197096
0,00000,United States,Conexus,Total,2022,24403368.706812736,94658.21235276881
00,17140,Cincinnati MSA,TechPoint,Total,2022,28218.190826528386,125482.9465099754
00,29020,Kokomo MSA,Advanced and Traded Industries,Total,2020,13840.771553389302,89159.41269225722
00,34620,Muncie MSA,Advanced and Traded Industries,Total,2021,9149.241283806365,74152.09458316563
00,29200,Lafayette-West Lafayette MSA,Finance,Total,2022,2038.0344078559585,87055.68417321294
00,17140,Cincinnati MSA,Finance,Total,2020,56706.374819741424,114563.43882889303
00,14020,Bloomington MSA,Healthcare,Total,2020,7925.7085764493095,72157.73070624542
00,23060,Fort Wayne MSA,Healthcare,Total,2019,30550.0718400746,
00,23060,Fort Wayne MSA,AgriNovus,Total,2022,5128.127947911535,60817.93414728768
00,43780,South Bend-Mishawaka MSA,AgriNovus,Total,2022,2518.4932633599974,59647.86977891014
00,17140,Cincinnati MSA,BioCrossroads,Total,2020,12431.937027039137,115732.4594848577
00,14020,Bloomington MSA,BioCrossroads,Total,2019,7475.106372987087,
00,26900,Indianapolis-Carmel-Greenwood MSA,Conexus,Total,2020,201827.3934761448,86345.36976227806
0,00000,United States,Finance,Total,2023,6731655.435498108,154154.38310829058
00,21780,Evansville MSA,Finance,Total,2019,3513.5112894226704,
00,14020,Bloomington MSA,Finance,Total,2019,1702.5370555101101,
00,29200,Lafayette-West Lafayette MSA,Healthcare,Total,2019,9872.096499158382,
00,18020,Columbus MSA,AgriNovus,Total,2023,870.111673171814,72132.05035912934
00,45460,Terre Haute MSA,BioCrossroads,Total,2023,555.1990170094297,110090.81140654621
00,43780,South Bend-Mishawaka MSA,Advanced and Traded Industries,Total,2022,36866.946472110794,83588.14156466768
00,31140,Louisville/Jefferson County MSA,Advanced and Traded Industries,Total,2020,238201.74929646504,87749.02137673099
00,31140,Louisville/Jefferson County MSA,Advanced and Traded Industries,Total,2022,254237.10351050095,94188.10810143074
00,31140,Louisville/Jefferson County MSA,Advanced and Traded Industries,Total,2023,253925.80924891794,98625.4505932025
00,21140,Elkhart-Goshen MSA,Finance,Total,2020,1870.9496290562631,80254.62652213735
00,26900,Indianapolis-Carmel-Greenwood MSA,Finance,Total,2019,51570.67256962826,
00,29200,Lafayette-West Lafayette MSA,Finance,Total,2019,2064.412285398534,
00,45460,Terre Haute MSA,Healthcare,Total,2021,8960.13595422995,69572.33513605075
18,00000,Indiana,Healthcare,Total,2022,340371.337541397,82732.0931236398
00,33140,Michigan City-La Porte MSA,Healthcare,Total,2019,4356.522417192469,
0,00000,United States,AgriNovus,Total,2023,5249615.446956142,71876.85086604451
00,18020,Columbus MSA,AgriNovus,Total,2022,765.3541265648599,66084.32211581012
00,26900,Indianapolis-Carmel-Greenwood MSA,AgriNovus,Total,2021,24075.13912185304,73211.679547072
00,26900,Indianapolis-Carmel-Greenwood MSA,BioCrossroads,Total,2023,31110.123594135766,184560.28216149533
00,26900,Indianapolis-Carmel-Greenwood MSA,BioCrossroads,Total,2020,26144.499043550626,175213.0019686628
00,45460,Terre Haute MSA,BioCrossroads,Total,2019,692.6349108911747,
00,23060,Fort Wayne MSA,TechPoint,Total,2022,6020.3219652778935,104378.13022955164
00,26900,Indianapolis-Carmel-Greenwood MSA,TechPoint,Total,2021,32353.42057736966,125809.56649544308
00,14020,Bloomington MSA,Advanced and Traded Industries,Total,2022,19104.86655126675,86759.38938101464
00,14020,Bloomington MSA,Healthcare,Total,2023,8353.87116903567,81263.02779406263
00,21140,Elkhart-Goshen MSA,Healthcare,Total,2021,8669.954452090278,73632.66198455471
00,16980,Chicago-Naperville-Elgin MSA,Healthcare,Total,2019,450824.96887186304,
00,16980,Chicago-Naperville-Elgin MSA,AgriNovus,Total,2020,110642.91996584115,85669.97172833454
00,45460,Terre Haute MSA,AgriNovus,Total,2022,1652.8667337616998,65139.3503409908
18,00000,Indiana,AgriNovus,Total,2021,97280.13616071266,65390.021302743444
00,26900,Indianapolis-Carmel-Greenwood MSA,AgriNovus,Total,2022,25510.739173640384,76432.10002839466
00,21780,Evansville MSA,AgriNovus,Total,2023,4687.650447372243,86520.25731661571
00,14020,Bloomington MSA,AgriNovus,Total,2019,1143.926870121115,
00,29020,Kokomo MSA,BioCrossroads,Total,2020,149.1664151089268,62995.93578428659
00,21780,Evansville MSA,BioCrossroads,Total,2020,1439.2471427552568,108606.96272615007
0,00000,United States,Conexus,Total,2021,23284649.677570235,91377.40856742377
00,21140,Elkhart-Goshen MSA,TechPoint,Total,2023,1107.477734291387,81900.24523003816
00,31140,Louisville/Jefferson County MSA,TechPoint,Total,2019,17563.04212852458,
00,31140,Louisville/Jefferson County MSA,Advanced and Traded Industries,Total,2019,241214.5224766298,
0,00000,United States,Healthcare,Total,2021,15173639.532582197,81528.97785849276
18,00000,Indiana,AgriNovus,Total,2023,104382.61305331464,72337.00713844514
00,21780,Evansville MSA,BioCrossroads,Total,2021,1512.1317039945684,109271.36114340373
00,21140,Elkhart-Goshen MSA,Conexus,Total,2021,82470.33227221352,80160.07467057175
00,29020,Kokomo MSA,TechPoint,Total,2023,253.18138130695297,95083.89748725882
00,21140,Elkhart-Goshen MSA,Advanced and Traded Industries,Total,2022,91777.16323506307,89698.26372000902
00,45460,Terre Haute MSA,Healthcare,Total,2020,8974.09620109683,66013.09955091622
00,18020,Columbus MSA,Healthcare,Total,2019,2978.4587997032013,
00,26900,Indianapolis-Carmel-Greenwood MSA,AgriNovus,Total,2020,23514.334207895194,72443.99890965254
00,23060,Fort Wayne MSA,BioCrossroads,Total,2021,1623.9090250818915,87374.08432641019
00,29200,Lafayette-West Lafayette MSA,TechPoint,Total,2022,1425.2665669830008,101824.41283128606
0,00000,United States,Advanced and Traded Industries,Total,2022,42733016.194343545,117299.77061670522
18,00000,Indiana,Finance,Total,2020,107536.65559346568,94557.67212222105
00,34620,Muncie MSA,AgriNovus,Total,2020,449.393365663166,56386.82743569611
00,29200,Lafayette-West Lafayette MSA,AgriNovus,Total,2022,5273.670904066592,74362.22246258454
0,00000,United States,AgriNovus,Total,2020,4874373.711024256,63664.300788121785
00,23060,Fort Wayne MSA,AgriNovus,Total,2019,5062.6411541402695,
00,23060,Fort Wayne MSA,Conexus,Total,2022,58448.40397138403,80984.97891111101
00,31140,Louisville/Jefferson County MSA,Conexus,Total,2022,178276.53846746086,86839.55672933807
00,17140,Cincinnati MSA,Conexus,Total,2021,219276.61074450053,91511.44845435419
00,26900,Indianapolis-Carmel-Greenwood MSA,Advanced and Traded Industries,Total,2022,348277.2271942989,100755.65866101516
00,26900,Indianapolis-Carmel-Greenwood MSA,Advanced and Traded Industries,Total,2021,328630.69262341794,97109.27330272069
00,17140,Cincinnati MSA,Advanced and Traded Industries,Total,2019,360713.3914554618,
00,23060,Fort Wayne MSA,Finance,Total,2022,10002.585189715588,96900.30776204185
00,34620,Muncie MSA,Healthcare,Total,2023,7393.668201015594,79268.04790769081
00,31140,Louisville/Jefferson County MSA,Healthcare,Total,2019,70682.5379685387,
00,33140,Michigan City-La Porte MSA,AgriNovus,Total,2019,1779.265518803678,
00,33140,Michigan City-La Porte MSA,BioCrossroads,Total,2020,265.2747526984244,67859.16686514624
00,18020,Columbus MSA,Conexus,Total,2023,22070.319853341138,109258.05564788592
00,18020,Columbus MSA,Conexus,Total,2021,20798.235502470743,101665.79055020738
00,17140,Cincinnati MSA,TechPoint,Total,2023,27510.092547878325,131798.64532486466
00,34620,Muncie MSA,TechPoint,Total,2019,1049.529065857727,
00,16980,Chicago-Naperville-Elgin MSA,Advanced and Traded Industries,Total,2022,1407943.9459309918,129752.46135678094
00,34620,Muncie MSA,Advanced and Traded Industries,Total,2022,9207.945246219999,75623.55918024147
00,17140,Cincinnati MSA,Healthcare,Total,2020,121845.60179841096,77872.27549854081
00,16980,Chicago-Naperville-Elgin MSA,BioCrossroads,Total,2020,74023.38987310136,171751.65787032712
00,29020,Kokomo MSA,Conexus,Total,2021,11365.224007961482,96819.63468691143
00,26900,Indianapolis-Carmel-Greenwood MSA,TechPoint,Total,2022,33244.682717994714,129388.41925721224
00,21140,Elkhart-Goshen MSA,TechPoint,Total,2021,993.629265063817,75679.87074233814
18,00000,Indiana,TechPoint,Total,2022,70741.70514892573,118304.76497262946
00,17140,Cincinnati MSA,Advanced and Traded Industries,Total,2022,373632.5548639675,108560.41906133869
18,00000,Indiana,Advanced and Traded Industries,Total,2021,1056102.7567361235,87914.18147223364
00,33140,Michigan City-La Porte MSA,Advanced and Traded Industries,Total,2019,12543.640186970495,
00,45460,Terre Haute MSA,Finance,Total,2020,1707.5266872524621,73925.68879320426
00,21140,Elkhart-Goshen MSA,BioCrossroads,Total,2020,567.1166617760384,81857.6733989088
0,00000,United States,Conexus,Total,2023,24566305.86071491,98582.37626071935
00,45460,Terre Haute MSA,TechPoint,Total,2022,544.044158288888,87077.43886703314
00,18020,Columbus MSA,Finance,Total,2019,1011.48881706743,
00,14020,Bloomington MSA,AgriNovus,Total,2023,1268.3462145491585,60447.514058166846
00,33140,Michigan City-La Porte MSA,AgriNovus,Total,2020,1826.199928605699,57264.055008361465
00,29020,Kokomo MSA,AgriNovus,Total,2019,602.3558952150576,
00,14020,Bloomington MSA,Conexus,Total,2023,14131.078759814507,86031.32016386672
00,16980,Chicago-Naperville-Elgin MSA,TechPoint,Total,2020,144816.6583443473,141874.6907375067
00,16980,Chicago-Naperville-Elgin MSA,TechPoint,Total,2022,145608.27967259547,158718.69027740273
00,26900,Indianapolis-Carmel-Greenwood MSA,TechPoint,Total,2023,33226.66834089015,134497.92534829848
00,14020,Bloomington MSA,TechPoint,Total,2019,1037.856974516353,
00,31140,Louisville/Jefferson County MSA,Advanced and Traded Industries,Total,2021,245457.12969939038,91205.80999318315
00,43780,South Bend-Mishawaka MSA,Advanced and Traded Industries,Total,2019,38073.1520036776,
00,45460,Terre Haute MSA,Finance,Total,2022,1613.9678277450166,80612.97265615931
00,26900,Indianapolis-Carmel-Greenwood MSA,Healthcare,Total,2022,122327.886190933,92626.89828173126
00,43780,South Bend-Mishawaka MSA,AgriNovus,Total,2019,2599.669169010029,
00,45460,Terre Haute MSA,Healthcare,Total,2023,8468.60813143144,77120.38112367342
00,31140,Louisville/Jefferson County MSA,AgriNovus,Total,2021,18962.013238380736,80428.48433901135
00,43780,South Bend-Mishawaka MSA,AgriNovus,Total,2020,2420.2566475316335,56433.978385381204
18,00000,Indiana,AgriNovus,Total,2019,96730.56744490299,
00,33140,Michigan City-La Porte MSA,TechPoint,Total,2020,526.265085103355,69925.54998732245
00,26900,Indianapolis-Carmel-Greenwood MSA,TechPoint,Total,2019,31289.70502792081,
00,45460,Terre Haute MSA,Advanced and Traded Industries,Total,2022,16084.35655867354,76285.94099228502
18,00000,Indiana,Advanced and Traded Industries,Total,2022,1107211.8030483727,91682.75360705196
00,29200,Lafayette-West Lafayette MSA,AgriNovus,Total,2021,5203.673039516896,70534.57686781211
00,14020,Bloomington MSA,AgriNovus,Total,2022,1290.4269742801569,58225.40839625154
00,14020,Bloomington MSA,BioCrossroads,Total,2021,9020.89173385251,91304.01192321119
00,43780,South Bend-Mishawaka MSA,BioCrossroads,Total,2022,1650.7950480774834,103817.81819036044
0,00000,United States,TechPoint,Total,2020,5589822.803232981,160555.38464397244
00,26900,Indianapolis-Carmel-Greenwood MSA,TechPoint,Total,2020,31145.311297113218,117032.1163116454
00,21780,Evansville MSA,Advanced and Traded Industries,Total,2019,39831.03045931444,
00,34620,Muncie MSA,Healthcare,Total,2020,7356.945103104859,72198.89452516114
00,29020,Kokomo MSA,Healthcare,Total,2019,4090.8618002372173,
00,33140,Michigan City-La Porte MSA,AgriNovus,Total,2021,2198.8591094316403,59854.119802753376
00,17140,Cincinnati MSA,TechPoint,Total,2020,27336.105174793694,112219.97002095515
00,33140,Michigan City-La Porte MSA,TechPoint,Total,2023,479.538324393145,82269.51621895836
00,17140,Cincinnati MSA,TechPoint,Total,2019,27190.019637621306,
00,29200,Lafayette-West Lafayette MSA,TechPoint,Total,2019,992.108355607544,
00,21140,Elkhart-Goshen MSA,Advanced and Traded Industries,Total,2021,88173.30155653518,88298.45930119876
0,00000,United States,Finance,Total,2022,6687167.294837541,151022.8915901411
00,17140,Cincinnati MSA,Finance,Total,2023,52567.25423709532,124409.17899034769
00,18020,Columbus MSA,Finance,Total,2023,1063.3355248087262,98526.81593122972
00,45460,Terre Haute MSA,Healthcare,Total,2019,9166.816965025393,
0,00000,United States,Conexus,Total,2020,22574521.490882926,87072.0086474914
18,00000,Indiana,Conexus,Total,2021,805745.9578160131,82829.18761890545
00,21780,Evansville MSA,Conexus,Total,2023,29422.894813372528,86936.1283970159
00,45460,Terre Haute MSA,TechPoint,Total,2019,635.995273841173,
00,23060,Fort Wayne MSA,Advanced and Traded Industries,Total,2021,71779.66985772931,81834.70075535978
00,29200,Lafayette-West Lafayette MSA,Finance,Total,2021,1973.6865847107315,86179.92804818501
00,23060,Fort Wayne MSA,Healthcare,Total,2020,31005.226789170298,76611.25052827997
00,14020,Bloomington MSA,Healthcare,Total,2021,7782.9011807742345,76961.48218743918
00,23060,Fort Wayne MSA,AgriNovus,Total,2020,4865.866553399656,57248.562830920404
00,29020,Kokomo MSA,AgriNovus,Total,2020,629.682136339606,54589.52534847479
00,18020,Columbus MSA,AgriNovus,Total,2021,792.1597302954856,63971.20870090093
0,00000,United States,BioCrossroads,Total,2023,2530581.236863883,160463.75822073105
18,00000,Indiana,BioCrossroads,Total,2020,62160.82982226262,134564.33651949294
00,23060,Fort Wayne MSA,Conexus,Total,2021,54825.77623171825,77262.10340146229
00,34620,Muncie MSA,Conexus,Total,2021,5700.879911803737,69219.11724369749
00,23060,Fort Wayne MSA,TechPoint,Total,2023,5748.474950392368,104372.47396852539
00,45460,Terre Haute MSA,TechPoint,Total,2020,549.052273156037,77760.8079984052
00,23060,Fort Wayne MSA,Advanced and Traded Industries,Total,2019,72653.78923267123,
00,29020,Kokomo MSA,Finance,Total,2022,900.7746135617529,85339.89769157406
00,34620,Muncie MSA,Finance,Total,2019,1722.4637000037164,
00,21780,Evansville MSA,AgriNovus,Total,2019,4677.8186513794835,
00,21780,Evansville MSA,BioCrossroads,Total,2022,1587.8219540244036,130784.17286243159
0,00000,United States,BioCrossroads,Total,2019,2189751.885809774,
00,18020,Columbus MSA,Conexus,Total,2019,22650.813753174847,
00,18020,Columbus MSA,TechPoint,Total,2023,673.5122555241469,112071.04699844934
00,34620,Muncie MSA,TechPoint,Total,2023,964.1421147399519,87504.50280944566
00,21140,Elkhart-Goshen MSA,Finance,Total,2023,1839.448247728756,89704.57313612955
00,29020,Kokomo MSA,Finance,Total,2020,961.5715147329889,81987.89386113275
0,00000,United States,Healthcare,Total,2022,15413010.267804198,85389.607910991
00,16980,Chicago-Naperville-Elgin MSA,AgriNovus,Total,2022,118728.27162882857,92682.77007569057
00,16980,Chicago-Naperville-Elgin MSA,AgriNovus,Total,2021,114196.1998311748,89747.75826922712
00,17140,Cincinnati MSA,AgriNovus,Total,2021,28519.331519211493,78329.1931256128
00,33140,Michigan City-La Porte MSA,BioCrossroads,Total,2019,290.3000437036366,
00,14020,Bloomington MSA,Conexus,Total,2021,13304.911357677647,82713.59304418159
00,29200,Lafayette-West Lafayette MSA,TechPoint,Total,2021,1233.5743537682758,100702.84674591139
18,00000,Indiana,TechPoint,Total,2019,63648.66912856254,
00,33140,Michigan City-La Porte MSA,Advanced and Traded Industries,Total,2020,12082.244419581542,68476.44473103691
00,33140,Michigan City-La Porte MSA,Finance,Total,2020,855.028469118753,72283.46608920743
0,00000,United States,Healthcare,Total,2023,16051132.9162917,87684.28188137108
00,26900,Indianapolis-Carmel-Greenwood MSA,AgriNovus,Total,2023,26100.193104105103,80652.68835554598
00,23060,Fort Wayne MSA,BioCrossroads,Total,2022,1760.9840480867285,97584.5076109724
00,21780,Evansville MSA,Conexus,Total,2021,28505.932556249776,79967.4489776088
00,31140,Louisville/Jefferson County MSA,Conexus,Total,2023,179183.8698012079,91060.28649379122
00,14020,Bloomington MSA,TechPoint,Total,2021,1048.341806710556,95092.50439530067
00,33140,Michigan City-La Porte MSA,Advanced and Traded Industries,Total,2023,13534.608174697558,78068.8225546642
00,34620,Muncie MSA,Finance,Total,2020,1602.7376297435258,86138.63118169423
00,45460,Terre Haute MSA,Finance,Total,2021,1647.241401156655,79374.33341904881
18,00000,Indiana,Finance,Total,2019,107016.88158957954,
0,00000,United States,Healthcare,Total,2019,15316873.682840003,
00,23060,Fort Wayne MSA,BioCrossroads,Total,2020,1717.2316101804922,80084.47454603536
00,14020,Bloomington MSA,Conexus,Total,2022,15036.488333104842,82513.61225882308
00,43780,South Bend-Mishawaka MSA,TechPoint,Total,2023,2851.2844250642856,95114.2562312761
00,21140,Elkhart-Goshen MSA,TechPoint,Total,2022,1097.618284018252,78359.30298344248
00,45460,Terre Haute MSA,Advanced and Traded Industries,Total,2021,15277.095008229335,72111.23412122673
00,21780,Evansville MSA,Advanced and Traded Industries,Total,2020,38237.92108594905,83639.34688237218
00,18020,Columbus MSA,Advanced and Traded Industries,Total,2019,26075.297303923202,
00,16980,Chicago-Naperville-Elgin MSA,Finance,Total,2021,234922.1232936654,185883.00241248807
00,29200,Lafayette-West Lafayette MSA,Healthcare,Total,2022,10139.112402989513,74568.6616494067
00,17140,Cincinnati MSA,AgriNovus,Total,2019,29452.050306380363,
00,18020,Columbus MSA,Conexus,Total,2022,21642.889952202175,109168.31592849633
00,45460,Terre Haute MSA,Conexus,Total,2023,13631.575238032066,78667.89865348334
00,33140,Michigan City-La Porte MSA,Conexus,Total,2023,11866.866481972025,77029.73020622604
00,45460,Terre Haute MSA,TechPoint,Total,2021,533.993162690586,82366.92746395357
00,31140,Louisville/Jefferson County MSA,Finance,Total,2022,39464.32626804568,112747.6042434228
00,26900,Indianapolis-Carmel-Greenwood MSA,Finance,Total,2023,52942.39224438924,118281.79548846932
00,43780,South Bend-Mishawaka MSA,Finance,Total,2021,4186.510204021244,99594.25022246441
00,34620,Muncie MSA,Healthcare,Total,2019,6950.904704975519,
00,14020,Bloomington MSA,AgriNovus,Total,2021,1206.6237261237566,54704.9989226987
00,29020,Kokomo MSA,BioCrossroads,Total,2023,91.00600908310797,63120.675552250235
00,18020,Columbus MSA,BioCrossroads,Total,2021,385.3612509244542,83290.48599492744
00,29020,Kokomo MSA,Conexus,Total,2020,12418.423299096972,90816.39851286361
00,43780,South Bend-Mishawaka MSA,Conexus,Total,2020,24954.69290485702,71995.45005012432
00,31140,Louisville/Jefferson County MSA,TechPoint,Total,2021,17605.344743626305,106016.16973897247
00,21140,Elkhart-Goshen MSA,Advanced and Traded Industries,Total,2023,81337.46310680031,84403.1965314721
00,16980,Chicago-Naperville-Elgin MSA,Advanced and Traded Industries,Total,2021,1368636.2645854382,126584.08837392168
00,21780,Evansville MSA,Finance,Total,2021,3583.5643552551337,92715.26250492033
00,14020,Bloomington MSA,Finance,Total,2023,1653.8045605135608,82547.15308089863
00,17140,Cincinnati MSA,Finance,Total,2021,56071.90860822782,117053.2482161066
18,00000,Indiana,Healthcare,Total,2021,336998.722733762,76989.20779123611
00,33140,Michigan City-La Porte MSA,Healthcare,Total,2021,4345.216994603076,73841.73307760815
00,43780,South Bend-Mishawaka MSA,Healthcare,Total,2019,16631.72285438201,
00,29020,Kokomo MSA,AgriNovus,Total,2022,611.4378139611531,75653.56820663382
00,18020,Columbus MSA,AgriNovus,Total,2019,857.0699946646299,
00,34620,Muncie MSA,BioCrossroads,Total,2023,103.91001974173672,77015.15960828727
00,43780,South Bend-Mishawaka MSA,BioCrossroads,Total,2019,1742.8380567018005,
00,45460,Terre Haute MSA,Conexus,Total,2022,13364.64784411496,75631.72819442856
00,29020,Kokomo MSA,TechPoint,Total,2022,218.0938344260718,92160.18650202565
00,29200,Lafayette-West Lafayette MSA,Advanced and Traded Industries,Total,2023,32399.315849146093,91805.61197631602
00,14020,Bloomington MSA,Advanced and Traded Industries,Total,2021,17418.466236972272,85536.4232809576
00,31140,Louisville/Jefferson County MSA,Finance,Total,2019,40172.177776459466,
00,29200,Lafayette-West Lafayette MSA,Healthcare,Total,2021,10187.59357110907,71506.4870782851
00,26900,Indianapolis-Carmel-Greenwood MSA,Healthcare,Total,2023,127283.92934298096,89320.74747993452
00,21780,Evansville MSA,AgriNovus,Total,2020,4695.907234087623,74785.31836543664
0,00000,United States,AgriNovus,Total,2019,5004747.867768979,
00,45460,Terre Haute MSA,BioCrossroads,Total,2021,659.4018607012156,93722.49145883229
18,00000,Indiana,BioCrossroads,Total,2023,70259.72271236635,148288.78344010745
00,16980,Chicago-Naperville-Elgin MSA,Conexus,Total,2020,782212.8734069201,94507.02815554645
18,00000,Indiana,Conexus,Total,2023,841503.5546965213,89405.53335252752
00,33140,Michigan City-La Porte MSA,Conexus,Total,2019,11050.981603420641,
00,29200,Lafayette-West Lafayette MSA,TechPoint,Total,2023,1434.2117472606103,105596.25074930942
00,16980,Chicago-Naperville-Elgin MSA,Advanced and Traded Industries,Total,2023,1417842.57256707,132523.3948548433
00,21780,Evansville MSA,Finance,Total,2022,3866.095388341628,95464.95513859612
0,00000,United States,BioCrossroads,Total,2020,2237367.538593343,146421.16642153842
00,33140,Michigan City-La Porte MSA,BioCrossroads,Total,2023,324.58320838225944,76814.41196870712
00,21780,Evansville MSA,BioCrossroads,Total,2023,1810.936576668,134301.2426426931
00,34620,Muncie MSA,BioCrossroads,Total,2022,98.04695623459341,72197.08821043695
00,29020,Kokomo MSA,Conexus,Total,2022,10727.36173137466,112268.74330170068
00,33140,Michigan City-La Porte MSA,Advanced and Traded Industries,Total,2021,12386.510843301829,75498.06558851614
00,14020,Bloomington MSA,Advanced and Traded Industries,Total,2019,15633.756305677598,
18,00000,Indiana,Advanced and Traded Industries,Total,2019,1051082.2585158153,
00,33140,Michigan City-La Porte MSA,Finance,Total,2022,837.884238648096,82624.00868296027
00,23060,Fort Wayne MSA,Finance,Total,2023,9676.444727321183,98783.71609398237
00,29200,Lafayette-West Lafayette MSA,BioCrossroads,Total,2023,2515.5977337232557,121077.21497340828
00,43780,South Bend-Mishawaka MSA,BioCrossroads,Total,2023,1571.0352820665628,109047.880528189
00,43780,South Bend-Mishawaka MSA,Healthcare,Total,2020,16296.055355619092,70425.70868233165
00,21140,Elkhart-Goshen MSA,Healthcare,Total,2019,8999.550522517799,
00,43780,South Bend-Mishawaka MSA,AgriNovus,Total,2023,2575.7541414312623,60760.910691393365
00,33140,Michigan City-La Porte MSA,BioCrossroads,Total,2022,324.9478193931437,76724.1933309473
00,29200,Lafayette-West Lafayette MSA,BioCrossroads,Total,2019,2269.9413484840456,
00,29200,Lafayette-West Lafayette MSA,Conexus,Total,2022,25991.367394496145,84055.49161822002
00,45460,Terre Haute MSA,Conexus,Total,2020,12215.147300800008,68593.76404293631
00,29020,Kokomo MSA,TechPoint,Total,2021,214.478231384242,87115.80451349422
00,14020,Bloomington MSA,Advanced and Traded Industries,Total,2023,18238.632462532696,89638.46593974213
00,29020,Kokomo MSA,Advanced and Traded Industries,Total,2019,14288.297974662868,
00,34620,Muncie MSA,AgriNovus,Total,2021,522.231172659081,55448.87741935167
00,34620,Muncie MSA,BioCrossroads,Total,2020,94.32295185144875,61360.89936949834
00,29200,Lafayette-West Lafayette MSA,BioCrossroads,Total,2022,2309.3544455627166,115934.48532130074
00,21780,Evansville MSA,TechPoint,Total,2021,2094.199431864503,101121.90978160378
00,23060,Fort Wayne MSA,TechPoint,Total,2019,5879.266791749711,
00,18020,Columbus MSA,Advanced and Traded Industries,Total,2020,24145.18334047228,95116.82843379414
00,14020,Bloomington MSA,Finance,Total,2021,1779.4157465097182,76420.18346119742
00,14020,Bloomington MSA,AgriNovus,Total,2020,1137.403255390179,52313.63416183202
18,00000,Indiana,AgriNovus,Total,2022,101885.03582124478,68887.3473378882
00,23060,Fort Wayne MSA,Conexus,Total,2020,52211.89665602934,73792.55355080146
00,34620,Muncie MSA,Conexus,Total,2019,6277.6752238274075,
0,00000,United States,Conexus,Total,2019,23267112.970582817,
00,29200,Lafayette-West Lafayette MSA,Advanced and Traded Industries,Total,2019,29883.569528037147,
00,29020,Kokomo MSA,Healthcare,Total,2022,3990.2371767956706,74036.29377613708
00,18020,Columbus MSA,Healthcare,Total,2022,3204.6563070399648,76146.93351803716
00,18020,Columbus MSA,Healthcare,Total,2021,3190.1714638705776,72828.18455161033
00,17140,Cincinnati MSA,Healthcare,Total,2019,124423.8418905226,
00,17140,Cincinnati MSA,AgriNovus,Total,2022,29972.758646039863,82017.52407840546
00,16980,Chicago-Naperville-Elgin MSA,AgriNovus,Total,2019,113473.1358522428,
00,43780,South Bend-Mishawaka MSA,Conexus,Total,2019,26673.132277902576,
00,17140,Cincinnati MSA,Conexus,Total,2019,216464.3586274425,
00,29020,Kokomo MSA,TechPoint,Total,2020,195.285712760627,84280.19864837456
00,43780,South Bend-Mishawaka MSA,TechPoint,Total,2022,2823.4441028055335,87275.89943035068
00,18020,Columbus MSA,Advanced and Traded Industries,Total,2023,25255.53429022508,110821.03157873671
00,43780,South Bend-Mishawaka MSA,Advanced and Traded Industries,Total,2021,36501.8529504176,82022.28791881372
00,33140,Michigan City-La Porte MSA,Finance,Total,2019,887.4574806952642,
00,23060,Fort Wayne MSA,Finance,Total,2019,9693.12871996874,
00,29200,Lafayette-West Lafayette MSA,AgriNovus,Total,2023,5484.394011023689,78065.09886852546
0,00000,United States,BioCrossroads,Total,2022,2491874.787564087,154641.69733160085
00,23060,Fort Wayne MSA,BioCrossroads,Total,2019,1695.9685485823732,
00,21140,Elkhart-Goshen MSA,Conexus,Total,2022,85816.07733156234,82300.06599881302
00,14020,Bloomington MSA,Conexus,Total,2019,11756.374000452253,
18,00000,Indiana,TechPoint,Total,2021,66409.3041469172,114919.47135203342
00,16980,Chicago-Naperville-Elgin MSA,Advanced and Traded Industries,Total,2020,1359243.3297607803,118234.95031785463
00,14020,Bloomington MSA,Advanced and Traded Industries,Total,2020,15950.400790205586,77525.32264360122
00,34620,Muncie MSA,Advanced and Traded Industries,Total,2019,9971.507059796062,
00,21140,Elkhart-Goshen MSA,Advanced and Traded Industries,Total,2019,80819.13248668784,
00,31140,Louisville/Jefferson County MSA,Healthcare,Total,2021,72725.56388016487,83827.04891254412
00,21140,Elkhart-Goshen MSA,Healthcare,Total,2023,8586.269268386666,80048.1330150911
18,00000,Indiana,Healthcare,Total,2023,353495.78354782896,82193.08958939342
00,21780,Evansville MSA,Healthcare,Total,2020,19588.22909553454,74615.07481081833
00,31140,Louisville/Jefferson County MSA,AgriNovus,Total,2022,20166.152126707984,82863.5841666785
00,21140,Elkhart-Goshen MSA,BioCrossroads,Total,2023,516.1751021429911,156053.65182311373
00,18020,Columbus MSA,BioCrossroads,Total,2019,351.58108721840233,
00,17140,Cincinnati MSA,Conexus,Total,2022,226360.03350674006,94008.17420671204
00,29200,Lafayette-West Lafayette MSA,Conexus,Total,2020,23842.727880915212,78747.68101491375
00,31140,Louisville/Jefferson County MSA,TechPoint,Total,2023,18124.37864850881,115915.34082914346
00,43780,South Bend-Mishawaka MSA,Advanced and Traded Industries,Total,2020,36056.62311250095,76929.04246904197
00,18020,Columbus MSA,Finance,Total,2022,1067.666017053025,95770.11456146515
00,29020,Kokomo MSA,Finance,Total,2021,949.838212366737,86235.58275039712
00,21140,Elkhart-Goshen MSA,Finance,Total,2021,1789.7269246381359,88392.75172924894
00,43780,South Bend-Mishawaka MSA,Healthcare,Total,2022,16652.736100923674,85354.35983384546
00,18020,Columbus MSA,TechPoint,Total,2021,688.32382432339,91181.27371585426
00,17140,Cincinnati MSA,TechPoint,Total,2021,27817.674402339562,123190.45559897617
00,21780,Evansville MSA,Advanced and Traded Industries,Total,2022,40737.624798909754,88918.57518204159
00,29200,Lafayette-West Lafayette MSA,Healthcare,Total,2023,10182.584165125538,74024.00587597453
00,16980,Chicago-Naperville-Elgin MSA,AgriNovus,Total,2023,125214.62423096523,94188.00143309127
18,00000,Indiana,BioCrossroads,Total,2021,64839.063034965744,137248.47362592124
00,26900,Indianapolis-Carmel-Greenwood MSA,Conexus,Total,2019,203938.67039797784,
00,18020,Columbus MSA,TechPoint,Total,2022,656.3321445174911,98544.92472934395
00,14020,Bloomington MSA,TechPoint,Total,2023,1070.6321419805452,103529.60995506385
00,17140,Cincinnati MSA,Healthcare,Total,2021,123924.24036192521,81125.36635667976
00,21780,Evansville MSA,Healthcare,Total,2023,19679.578750353663,83031.51209650646
00,17140,Cincinnati MSA,AgriNovus,Total,2020,27800.99141406328,76210.62846259608
00,29020,Kokomo MSA,BioCrossroads,Total,2022,102.46896473814718,63034.37155609813
00,16980,Chicago-Naperville-Elgin MSA,BioCrossroads,Total,2021,75722.15268618453,178753.6382893139
00,21780,Evansville MSA,Conexus,Total,2020,27764.401025858617,77916.60699964737
00,43780,South Bend-Mishawaka MSA,Conexus,Total,2023,25186.032482120754,81215.83036528133
00,16980,Chicago-Naperville-Elgin MSA,TechPoint,Total,2023,141498.15086455247,165947.85029742785
00,29200,Lafayette-West Lafayette MSA,TechPoint,Total,2020,1081.667570779891,91316.09266151916
00,33140,Michigan City-La Porte MSA,TechPoint,Total,2019,545.7416279574961,
00,18020,Columbus MSA,Finance,Total,2020,1044.56743511064,92808.05908063256
00,45460,Terre Haute MSA,Finance,Total,2023,1623.9282618640677,80068.16015361884
0,00000,United States,Healthcare,Total,2020,14889277.9433505,78472.65895483656
00,26900,Indianapolis-Carmel-Greenwood MSA,Healthcare,Total,2020,114887.190982646,82477.97123841822
00,14020,Bloomington MSA,Healthcare,Total,2019,7267.509008799199,
00,21140,Elkhart-Goshen MSA,AgriNovus,Total,2020,2388.083590821779,57901.45811101078
0,00000,United States,AgriNovus,Total,2021,4962815.122683652,66581.77877000047
00,33140,Michigan City-La Porte MSA,AgriNovus,Total,2023,2380.6863171751693,63184.54699385752
00,21140,Elkhart-Goshen MSA,Conexus,Total,2020,70544.81739681464,69333.7356379919
00,29200,Lafayette-West Lafayette MSA,Conexus,Total,2023,27394.279482601385,90470.41664236119
00,16980,Chicago-Naperville-Elgin MSA,Conexus,Total,2023,830097.3877600135,105885.39656828059
18,00000,Indiana,TechPoint,Total,2020,63532.21704280268,106129.37705402455
00,34620,Muncie MSA,Advanced and Traded Industries,Total,2020,9099.808335389169,72470.945827032
00,17140,Cincinnati MSA,Advanced and Traded Industries,Total,2023,374060.17838147766,111642.87371219664
00,16980,Chicago-Naperville-Elgin MSA,Advanced and Traded Industries,Total,2019,1395199.3878907512,
00,29200,Lafayette-West Lafayette MSA,Finance,Total,2023,2044.5315554919264,91890.02611740286
18,00000,Indiana,Finance,Total,2021,108423.69797634221,100097.1107521359
00,31140,Louisville/Jefferson County MSA,AgriNovus,Total,2020,18196.335500588346,79595.9609274012
00,45460,Terre Haute MSA,AgriNovus,Total,2020,1435.1158242446397,60952.20660631922
00,17140,Cincinnati MSA,BioCrossroads,Total,2022,14655.71819522535,127741.1432762892
00,29200,Lafayette-West Lafayette MSA,BioCrossroads,Total,2021,2248.9147415390553,112885.32026443703
00,43780,South Bend-Mishawaka MSA,TechPoint,Total,2020,2141.48194137657,80033.90494626843
00,45460,Terre Haute MSA,TechPoint,Total,2023,613.84628858656,83452.8691349955
00,23060,Fort Wayne MSA,Advanced and Traded Industries,Total,2023,76734.08182187454,87383.96585270016
00,26900,Indianapolis-Carmel-Greenwood MSA,Advanced and Traded Industries,Total,2019,318454.0163622776,
00,29200,Lafayette-West Lafayette MSA,Finance,Total,2020,2040.139565770602,82050.00688680791
00,43780,South Bend-Mishawaka MSA,Finance,Total,2022,4282.924987487165,99350.51709482777
00,17140,Cincinnati MSA,Finance,Total,2019,56975.80928158177,
00,16980,Chicago-Naperville-Elgin MSA,Healthcare,Total,2022,438389.474217705,86018.26743689862
00,33140,Michigan City-La Porte MSA,Healthcare,Total,2020,4344.67536044799,72023.22190064605
00,31140,Louisville/Jefferson County MSA,AgriNovus,Total,2023,21126.78487386376,84786.84901631244
00,31140,Louisville/Jefferson County MSA,BioCrossroads,Total,2022,7020.352811323786,112658.84302498233
00,29020,Kokomo MSA,BioCrossroads,Total,2019,149.14199316452422,
00,31140,Louisville/Jefferson County MSA,BioCrossroads,Total,2019,5832.125945404632,
00,17140,Cincinnati MSA,Conexus,Total,2023,228844.34834731295,97714.19651744599
00,16980,Chicago-Naperville-Elgin MSA,TechPoint,Total,2021,142083.31537593174,154216.0607139422
00,45460,Terre Haute MSA,Advanced and Traded Industries,Total,2023,16382.536972988235,78892.27569801096
00,21780,Evansville MSA,Advanced and Traded Industries,Total,2023,40630.898304834365,92922.6809672758
00,34620,Muncie MSA,Finance,Total,2023,1505.7927008985635,75255.38394836197
00,21140,Elkhart-Goshen MSA,Healthcare,Total,2020,8774.71756638594,69132.85763683944
00,23060,Fort Wayne MSA,Healthcare,Total,2023,33145.4584942777,85914.75705354687
00,26900,Indianapolis-Carmel-Greenwood MSA,Healthcare,Total,2021,119168.22365856299,85129.95257645176
00,23060,Fort Wayne MSA,AgriNovus,Total,2023,5238.040573159913,63171.677359163616
00,21140,Elkhart-Goshen MSA,AgriNovus,Total,2022,2455.248267852326,66289.85392045906
00,26900,Indianapolis-Carmel-Greenwood MSA,Conexus,Total,2021,210824.17772172648,89423.22180747788
00,33140,Michigan City-La Porte MSA,Conexus,Total,2021,10880.759648791938,75483.05768395556
00,34620,Muncie MSA,TechPoint,Total,2022,1027.44210281523,83507.75432621199
00,29020,Kokomo MSA,Advanced and Traded Industries,Total,2023,12356.380362738728,117996.98716836318
00,16980,Chicago-Naperville-Elgin MSA,Finance,Total,2020,239602.73606335267,169759.59517758936
00,16980,Chicago-Naperville-Elgin MSA,Finance,Total,2022,235393.77128493282,188263.8338808623
00,31140,Louisville/Jefferson County MSA,Healthcare,Total,2023,78119.52266886244,91928.77970816728
